ID,Title,Slug,Route,Status,Category,Content Pillar,Search Intent,Primary Keyword,Secondary Keywords,Target Persona,Current Word Count,Target Word Count,Content Quality,SEO Title,Meta Description,H1 Count,Internal Links In,Internal Links Out,Product CTA,Image Status,Claim Risk,Action,Final Status
BLOG-001,3 cách để doanh nghiệp tồn tại và vươn lên thời Covid,3-cach-de-doanh-nghiep-ton-tai-va-vuon-len-thoi-covid,/blog/3-cach-de-doanh-nghiep-ton-tai-va-vuon-len-thoi-covid/,LIVE_WORDPRESS_NOT_IN_SOURCE,Quản Lý,HUB-08 Kiến thức vận hành doanh nghiệp,informational-howto,VERIFY_REQUIRED,VERIFY_REQUIRED,VERIFY_REQUIRED,1178,900-1200,ADEQUATE_SHORT,3 cách để doanh nghiệp tồn tại và vươn lên thời Covid,Đây là cách các doanh nghiệp thành công đã vượt qua cơn bão Covid đồng thời định hình khả năng phục hồi và lợi nhuận trong tương lai của họ.,UNKNOWN_NOT_IN_SOURCE,0,2,Gcalls Plus Webphone,HAS_FEATURED; body_images=3,NONE_DETECTED_IN_METADATA,IMPORT_THEN_REWRITE,BLOCKED_AWAITING_SCOPE_DECISION
BLOG-002,Nâng tầm giá trị thương hiệu của doanh nghiệp bạn với Voice Brandname,nang-tam-gia-tri-thuong-hieu-cua-doanh-nghiep-ban-voi-voice-brandname,/blog/nang-tam-gia-tri-thuong-hieu-cua-doanh-nghiep-ban-voi-voice-brandname/,LIVE_WORDPRESS_NOT_IN_SOURCE,Sản phẩm,HUB-08 Kiến thức vận hành doanh nghiệp,transactional,VERIFY_REQUIRED,VERIFY_REQUIRED,VERIFY_REQUIRED,1125,900-1200,ADEQUATE_SHORT,Nâng tầm giá trị thương hiệu của doanh nghiệp bạn với Voice Brandname,Dịch vụ Voice Brandname được tung ra sẽ giúp cho các doanh nghiệp dễ dàng tiếp cận với khách hàng của mình hơn trong việc Quảng cáo và CSKH.,UNKNOWN_NOT_IN_SOURCE,0,3,Gcalls Plus Webphone,HAS_FEATURED; body_images=2,NONE_DETECTED_IN_METADATA,IMPORT_THEN_REWRITE,BLOCKED_AWAITING_SCOPE_DECISION
BLOG-003,Góc nhìn của doanh nghiệp và khách hàng về tổng đài CSKH và bán hàng,goc-nhin-cua-doanh-nghiep-va-khach-hang-ve-tong-dai-cskh-va-ban-hang,/blog/goc-nhin-cua-doanh-nghiep-va-khach-hang-ve-tong-dai-cskh-va-ban-hang/,LIVE_WORDPRESS_NOT_IN_SOURCE,Bán hàng|Chăm sóc khách hàng,HUB-04 Customer Service và Customer Experience,informational-general,VERIFY_REQUIRED,VERIFY_REQUIRED,VERIFY_REQUIRED,521,900-1200,THIN,Góc nhìn của doanh nghiệp và khách hàng về tổng đài CSKH và bán hàng,Nhu cầu cải thiện dịch vụ khách hàng ngày càng cao dẫn đến việc cải thiện hiệu quả trung tâm tổng đài CSKH và bán hàng cũng cấp bách hơn.,UNKNOWN_NOT_IN_SOURCE,0,1,Gcalls CX,HAS_FEATURED; body_images=2,NONE_DETECTED_IN_METADATA,IMPORT_THEN_REWRITE,BLOCKED_AWAITING_SCOPE_DECISION
BLOG-004,"Gcalls và bạn – đối tác giới thiệu khách hàng – Cùng hợp tác, cùng có lợi",gcalls-va-ban-doi-tac-gioi-thieu-khach-hang,/blog/gcalls-va-ban-doi-tac-gioi-thieu-khach-hang/,LIVE_WORDPRESS_NOT_IN_SOURCE,Chương trình|Nổi bật,HUB-09 Hướng dẫn sử dụng Gcalls,informational-general,VERIFY_REQUIRED,VERIFY_REQUIRED,VERIFY_REQUIRED,1519,1200-2000,ADEQUATE,"Gcalls và bạn - đối tác giới thiệu khách hàng - Cùng hợp tác, cùng có lợi",Bạn đang tìm một công ty cơ hội để hợp tác và tăng thu nhập. Gcalls tin rằng việc chúng ta hợp tác cùng nhau sẽ mang đến rất nhiều giá trị.,UNKNOWN_NOT_IN_SOURCE,0,5,Gcalls Plus Webphone,HAS_FEATURED; body_images=3,NONE_DETECTED_IN_METADATA,IMPORT_THEN_REWRITE,BLOCKED_AWAITING_SCOPE_DECISION
BLOG-005,Dịch Vụ Call Center là gì? Dịch vụ Tổng đài Call Center,5-linh-vuc-rat-can-dich-vu-call-center-trung-tam-cuoc-goi,/blog/5-linh-vuc-rat-can-dich-vu-call-center-trung-tam-cuoc-goi/,LIVE_WORDPRESS_NOT_IN_SOURCE,Chăm sóc khách hàng|Trang Chủ,HUB-01 Tổng đài và Call Center,informational-definition,VERIFY_REQUIRED,VERIFY_REQUIRED,VERIFY_REQUIRED,3964,2000-3000,STRONG,5 lĩnh vực rất cần dịch vụ Call Center trung tâm cuộc gọi,Mọi công ty để đạt được danh tiếng hoặc giải quyết thắc mắc của khách hàng đều cần đến các công ty cung cấp phần mềm Call Center.,UNKNOWN_NOT_IN_SOURCE,0,1,Cloud Call Center / Gcalls Plus Webphone,HAS_FEATURED; body_images=14,NONE_DETECTED_IN_METADATA,IMPORT_THEN_NORMALIZE,BLOCKED_AWAITING_SCOPE_DECISION
BLOG-006,Tổng Đài Call Center Và Những Kiến Thức “Cứu Sống” Doanh Nghiệp,call-center-la-mot-trai-nghiem-thuong-hieu-trong-nganh-dich-vu-suc-khoe,/blog/call-center-la-mot-trai-nghiem-thuong-hieu-trong-nganh-dich-vu-suc-khoe/,LIVE_WORDPRESS_NOT_IN_SOURCE,Bán hàng|Chăm sóc khách hàng|Trang Chủ,HUB-01 Tổng đài và Call Center,informational-general,VERIFY_REQUIRED,VERIFY_REQUIRED,VERIFY_REQUIRED,6896,2000-3000,STRONG,"Tổng Đài Call Center Và Những Kiến Thức ""Cứu Sống"" Doanh Nghiệp",Hệ thống giải pháp tổng đài ảo Call Center là một trong những phần mềm hoạt động hiện đang được rất nhiều doanh nghiệp ưa chuộng sử dụng,UNKNOWN_NOT_IN_SOURCE,0,4,Cloud Call Center / Gcalls Plus Webphone,HAS_FEATURED; body_images=18,NONE_DETECTED_IN_METADATA,IMPORT_THEN_NORMALIZE,BLOCKED_AWAITING_SCOPE_DECISION
BLOG-007,10 Thống kê về hệ thống VoIP chứng minh tầm quan trọng của công nghệ,10-thong-ke-ve-he-thong-voip-chung-minh-tam-quan-trong-cua-cong-nghe,/blog/10-thong-ke-ve-he-thong-voip-chung-minh-tam-quan-trong-cua-cong-nghe/,LIVE_WORDPRESS_NOT_IN_SOURCE,Kỹ thuật,HUB-01 Tổng đài và Call Center,informational-general,VERIFY_REQUIRED,VERIFY_REQUIRED,VERIFY_REQUIRED,1851,1200-2000,ADEQUATE,10 Thống kê về hệ thống VoIP chứng minh tầm quan trọng của công nghệ,Hệ thống VoIP đóng vai trò lớn trong việc hỗ trợ làm việc từ xa và được thể hiện qua các số liệu thống kê dưới đây.,UNKNOWN_NOT_IN_SOURCE,0,1,Cloud Call Center / Gcalls Plus Webphone,HAS_FEATURED; body_images=3,NONE_DETECTED_IN_METADATA,IMPORT_THEN_REWRITE,BLOCKED_AWAITING_SCOPE_DECISION
BLOG-008,10 mẹo hay nhất để Telesales thành công,10-meo-hay-nhat-de-telesales-thanh-cong,/blog/10-meo-hay-nhat-de-telesales-thanh-cong/,LIVE_WORDPRESS_NOT_IN_SOURCE,Telesales,HUB-03 Telesales và Sales Operations,informational-howto,VERIFY_REQUIRED,VERIFY_REQUIRED,VERIFY_REQUIRED,1455,1200-2000,ADEQUATE,10 mẹo hay nhất để Telesales thành công,"Bất chấp cảm nhận của cá nhân bạn về nghề Telesales, nó vẫn là một trong những cách tốt nhất để tạo ra mối quan tâm mới từ khách hàng.",UNKNOWN_NOT_IN_SOURCE,0,1,Gcalls Plus Webphone,HAS_FEATURED; body_images=4,NONE_DETECTED_IN_METADATA,IMPORT_THEN_REWRITE,BLOCKED_AWAITING_SCOPE_DECISION
BLOG-009,7 Lý Do Nên Chọn Tổng Đài Ảo Call Center Cho Doanh Nghiệp,4-ly-do-su-dung-tong-dai-ao-call-center-la-can-thiet-voi-mot-doanh-nghiep,/blog/4-ly-do-su-dung-tong-dai-ao-call-center-la-can-thiet-voi-mot-doanh-nghiep/,LIVE_WORDPRESS_NOT_IN_SOURCE,Bán hàng|Chăm sóc khách hàng|Telesales|Trang Chủ,HUB-01 Tổng đài và Call Center,informational-howto,VERIFY_REQUIRED,VERIFY_REQUIRED,VERIFY_REQUIRED,7299,2000-3000,STRONG,7 lý do nên chọn tổng đài ảo call center cho Doanh nghiệp,"Chính vì vậy, kiến thức xây dựng Tổng đài ảo Call Center 24/7 là điều hết sức quan trọng mà các doanh nghiệp nên chú ý trước khi bắt đầu.",UNKNOWN_NOT_IN_SOURCE,0,3,Cloud Call Center / Gcalls Plus Webphone,HAS_FEATURED; body_images=17,always_247,IMPORT_THEN_NORMALIZE,BLOCKED_AWAITING_SCOPE_DECISION
BLOG-010,5 Lợi ích của việc Sử dụng Báo cáo Tổng đài Call Center (Phần cuối),5-loi-ich-cua-viec-su-dung-bao-cao-tong-dai-call-center-phan-cuoi,/blog/5-loi-ich-cua-viec-su-dung-bao-cao-tong-dai-call-center-phan-cuoi/,LIVE_WORDPRESS_NOT_IN_SOURCE,Chăm sóc khách hàng|Quản Lý|Telesales,HUB-01 Tổng đài và Call Center,informational-general,VERIFY_REQUIRED,VERIFY_REQUIRED,VERIFY_REQUIRED,1713,1200-2000,ADEQUATE,5 Lợi ích của việc Sử dụng Báo cáo Tổng đài Call Center (Phần cuối),"Có rất nhiều lợi ích khi việc sử dụng Báo cáo tổng đài Call Center. Trong bài viết này, chúng tôi sẽ đề cập 5 lợi ích chính của báo cáo này.",UNKNOWN_NOT_IN_SOURCE,0,1,Cloud Call Center / Gcalls Plus Webphone,HAS_FEATURED; body_images=3,NONE_DETECTED_IN_METADATA,IMPORT_THEN_REWRITE,BLOCKED_AWAITING_SCOPE_DECISION
BLOG-011,5 Lợi ích của việc Sử dụng Báo cáo Tổng đài Call Center (Phần 1),5-loi-ich-cua-viec-su-dung-bao-cao-tong-dai-call-center-phan-1,/blog/5-loi-ich-cua-viec-su-dung-bao-cao-tong-dai-call-center-phan-1/,LIVE_WORDPRESS_NOT_IN_SOURCE,Bán hàng|Chăm sóc khách hàng|Quản Lý|Sản phẩm|Telesales,HUB-01 Tổng đài và Call Center,informational-general,VERIFY_REQUIRED,VERIFY_REQUIRED,VERIFY_REQUIRED,1317,1200-2000,ADEQUATE,5 Lợi ích của việc Sử dụng Báo cáo Tổng đài Call Center (Phần 1),"Có rất nhiều lợi ích khi việc sử dụng Báo cáo tổng đài Call Center. Trong bài viết này, chúng tôi sẽ đề cập 5 lợi ích chính của báo cáo này.",UNKNOWN_NOT_IN_SOURCE,0,1,Cloud Call Center / Gcalls Plus Webphone,HAS_FEATURED; body_images=3,NONE_DETECTED_IN_METADATA,IMPORT_THEN_REWRITE,BLOCKED_AWAITING_SCOPE_DECISION
BLOG-012,Làm thế nào để mở rộng một nhóm bán hàng toàn cầu?,lam-the-nao-de-mo-rong-mot-nhom-ban-hang-toan-cau,/blog/lam-the-nao-de-mo-rong-mot-nhom-ban-hang-toan-cau/,LIVE_WORDPRESS_NOT_IN_SOURCE,Bán hàng,HUB-03 Telesales và Sales Operations,informational-general,VERIFY_REQUIRED,VERIFY_REQUIRED,VERIFY_REQUIRED,963,900-1200,ADEQUATE_SHORT,Làm thế nào để mở rộng một nhóm bán hàng toàn cầu?,Bài viết là những chia sẻ của Jeffrey Serlin và Collin Stewart về những gì học được khi mở rộng quy mô nhóm bán hàng toàn cầu.,UNKNOWN_NOT_IN_SOURCE,0,1,Gcalls Plus Webphone,HAS_FEATURED; body_images=2,NONE_DETECTED_IN_METADATA,IMPORT_THEN_REWRITE,BLOCKED_AWAITING_SCOPE_DECISION
BLOG-013,Goals (Mục đích) vs Objectives (Mục tiêu): phân biệt đơn giản,goals-muc-dich-vs-objectives-muc-tieu-phan-biet-don-gian,/blog/goals-muc-dich-vs-objectives-muc-tieu-phan-biet-don-gian/,LIVE_WORDPRESS_NOT_IN_SOURCE,Quản Lý,HUB-08 Kiến thức vận hành doanh nghiệp,informational-general,VERIFY_REQUIRED,VERIFY_REQUIRED,VERIFY_REQUIRED,1367,1200-2000,ADEQUATE,Goals (Mục đích) vs Objectives (Mục tiêu): phân biệt đơn giản,"'Mục đích' và 'Mục tiêu' tưởng chừng có thể hoán đổi cho nhau, nhưng khi được sử dụng trong bối cảnh tiếp thị thì lại rất dễ bị hiểu sai.",UNKNOWN_NOT_IN_SOURCE,0,1,Gcalls Plus Webphone,HAS_FEATURED; body_images=3,NONE_DETECTED_IN_METADATA,IMPORT_THEN_REWRITE,BLOCKED_AWAITING_SCOPE_DECISION
BLOG-014,Tại sao không “tùy ý” đưa ý kiến trong content marketing,tai-sao-khong-tuy-y-dua-y-kien-trong-content-marketing,/blog/tai-sao-khong-tuy-y-dua-y-kien-trong-content-marketing/,LIVE_WORDPRESS_NOT_IN_SOURCE,Marketing + Branding,HUB-08 Kiến thức vận hành doanh nghiệp,informational-general,VERIFY_REQUIRED,VERIFY_REQUIRED,VERIFY_REQUIRED,1311,1200-2000,ADEQUATE,"Tại sao không ""tùy ý"" đưa ý kiến trong content marketing","Ý kiến là một cái gì đó mà người khác có thể không đồng ý. Vì vậy, hãy tự hỏi liệu có ai không đồng ý với những gì bạn nói ra hay không?",UNKNOWN_NOT_IN_SOURCE,0,1,Gcalls Plus Webphone,HAS_FEATURED; body_images=3,NONE_DETECTED_IN_METADATA,IMPORT_THEN_REWRITE,BLOCKED_AWAITING_SCOPE_DECISION
BLOG-015,Cách mạng Công nghiệp 4.0 và lợi ích đối với doanh nghiệp,cach-mang-cong-nghiep-4-0-va-loi-ich-doi-voi-doanh-nghiep,/blog/cach-mang-cong-nghiep-4-0-va-loi-ich-doi-voi-doanh-nghiep/,LIVE_WORDPRESS_NOT_IN_SOURCE,Kiến thức,HUB-08 Kiến thức vận hành doanh nghiệp,informational-howto,VERIFY_REQUIRED,VERIFY_REQUIRED,VERIFY_REQUIRED,1617,1200-2000,ADEQUATE,Cách mạng Công nghiệp 4.0 và lợi ích đối với doanh nghiệp,Cách mạng Công nghiệp 4.0 là quá trình tự động hóa các hoạt động sản xuất truyền thống và được dự báo sẽ làm thay đổi toàn bộ thế giới.,UNKNOWN_NOT_IN_SOURCE,0,1,Gcalls Plus Webphone,HAS_FEATURED; body_images=2,NONE_DETECTED_IN_METADATA,IMPORT_THEN_REWRITE,BLOCKED_AWAITING_SCOPE_DECISION
BLOG-016,11 chỉ số đánh giá quan trọng đối với bộ phận Chăm Sóc Khách Hàng,11-chi-so-danh-gia-quan-trong-doi-voi-bo-phan-cham-soc-khach-hang,/blog/11-chi-so-danh-gia-quan-trong-doi-voi-bo-phan-cham-soc-khach-hang/,LIVE_WORDPRESS_NOT_IN_SOURCE,Chăm sóc khách hàng|Kiến thức|Nổi bật,HUB-04 Customer Service và Customer Experience,commercial-investigation,VERIFY_REQUIRED,VERIFY_REQUIRED,VERIFY_REQUIRED,2858,2000-3000,STRONG,11 chỉ số đánh giá quan trọng đối với bộ phận Chăm Sóc Khách Hàng,"Bài viết này sẽ tóm tắt 11 KPI cần thiết đối với mỗi một nhân sự trong bộ phận Chăm Sóc Khách Hàng (CSKH), người quản lý và lãnh đạo công ty.",UNKNOWN_NOT_IN_SOURCE,0,1,Gcalls CX,HAS_FEATURED; body_images=12,NONE_DETECTED_IN_METADATA,IMPORT_THEN_NORMALIZE,BLOCKED_AWAITING_SCOPE_DECISION
BLOG-017,Công nghệ đang thay đổi cách mọi người làm việc từ xa như thế nào?,cong-nghe-dang-thay-doi-cach-moi-nguoi-lam-viec-tu-xa-nhu-the-nao,/blog/cong-nghe-dang-thay-doi-cach-moi-nguoi-lam-viec-tu-xa-nhu-the-nao/,LIVE_WORDPRESS_NOT_IN_SOURCE,Công nghệ|Kiến thức|Kỹ thuật,HUB-08 Kiến thức vận hành doanh nghiệp,informational-howto,VERIFY_REQUIRED,VERIFY_REQUIRED,VERIFY_REQUIRED,2006,2000-3000,ADEQUATE,Công nghệ đang thay đổi cách mọi người làm việc từ xa như thế nào?,Cơ hội làm việc từ xa gia tăng một phần là do các phần mềm cho phép người sử dụng lao động theo dõi thời gian và năng suất của nhân viên.,UNKNOWN_NOT_IN_SOURCE,0,1,Gcalls Plus Webphone,HAS_FEATURED; body_images=4,NONE_DETECTED_IN_METADATA,IMPORT_THEN_NORMALIZE,BLOCKED_AWAITING_SCOPE_DECISION
BLOG-018,Tiếp thị qua điện thoại: 13 mẹo chinh phục khách hàng,tiep-thi-qua-dien-thoai-13-meo-chinh-phuc-khach-hang,/blog/tiep-thi-qua-dien-thoai-13-meo-chinh-phuc-khach-hang/,LIVE_WORDPRESS_NOT_IN_SOURCE,Kiến thức|Telesales,HUB-03 Telesales và Sales Operations,informational-howto,VERIFY_REQUIRED,VERIFY_REQUIRED,VERIFY_REQUIRED,1902,1200-2000,ADEQUATE,Tiếp thị qua điện thoại: 13 mẹo chinh phục khách hàng,"Cho dù bạn là chủ doanh nghiệp hay nhân viên tiếp thị qua điện thoại, đây là 13 mẹo bán hàng tốt nhất và hiệu quả nhất mà bạn có thể sử dụng.",UNKNOWN_NOT_IN_SOURCE,0,2,Gcalls Plus Webphone,HAS_FEATURED; body_images=4,NONE_DETECTED_IN_METADATA,IMPORT_THEN_REWRITE,BLOCKED_AWAITING_SCOPE_DECISION
BLOG-019,10 công nghệ mà bạn phải có để có thể xây dựng Team làm việc từ xa hiệu quả,10-cong-nghe-phai-co-de-co-the-xay-dung-team-lam-viec-tu-xa-hieu-qua,/blog/10-cong-nghe-phai-co-de-co-the-xay-dung-team-lam-viec-tu-xa-hieu-qua/,LIVE_WORDPRESS_NOT_IN_SOURCE,Công nghệ|Kiến thức|Kỹ thuật,HUB-08 Kiến thức vận hành doanh nghiệp,informational-general,VERIFY_REQUIRED,VERIFY_REQUIRED,VERIFY_REQUIRED,1208,1200-2000,ADEQUATE,10 công nghệ phải có để có thể xây dựng Team làm việc từ xa hiệu quả,"Đối với các doanh nghiệp vừa và nhỏ, việc xây dựng Team làm việc từ xa hiệu quả rất có ý nghĩa. Vậy làm thế nào để có thể xây dựng Team này?",UNKNOWN_NOT_IN_SOURCE,0,3,Gcalls Plus Webphone,HAS_FEATURED; body_images=4,NONE_DETECTED_IN_METADATA,IMPORT_THEN_REWRITE,BLOCKED_AWAITING_SCOPE_DECISION
BLOG-020,Cách tạo hồ sơ khách hàng lý tưởng cho nhóm khách hàng tiềm năng B2B,cach-tao-ho-so-khach-hang-ly-tuong-cho-nhom-khach-hang-tiem-nang-b2b,/blog/cach-tao-ho-so-khach-hang-ly-tuong-cho-nhom-khach-hang-tiem-nang-b2b/,LIVE_WORDPRESS_NOT_IN_SOURCE,Bán hàng|Chăm sóc khách hàng|Kiến thức,HUB-03 Telesales và Sales Operations,informational-howto,VERIFY_REQUIRED,VERIFY_REQUIRED,VERIFY_REQUIRED,2374,2000-3000,STRONG,Cách tạo hồ sơ khách hàng lý tưởng cho nhóm khách hàng tiềm năng B2B,"Sở hữu một tệp hồ sơ khách hàng lý tưởng sẽ hỗ trợ bạn telesale hiệu quả hơn. Trong bài viết này, chúng tôi sẽ hướng dẫn bạn cách tạo ra nó.",UNKNOWN_NOT_IN_SOURCE,0,1,Gcalls Plus Webphone,HAS_FEATURED; body_images=3,NONE_DETECTED_IN_METADATA,IMPORT_THEN_NORMALIZE,BLOCKED_AWAITING_SCOPE_DECISION
BLOG-021,TOP 10 phần mềm theo dõi bán hàng hàng đầu dành cho doanh nghiệp,top-10-phan-mem-theo-doi-ban-hang-hang-dau-danh-cho-doanh-nghiep,/blog/top-10-phan-mem-theo-doi-ban-hang-hang-dau-danh-cho-doanh-nghiep/,LIVE_WORDPRESS_NOT_IN_SOURCE,Bán hàng|Kiến thức,HUB-03 Telesales và Sales Operations,commercial-investigation,VERIFY_REQUIRED,VERIFY_REQUIRED,VERIFY_REQUIRED,2956,2000-3000,STRONG,TOP 10 phần mềm theo dõi bán hàng hàng đầu dành cho doanh nghiệp,"Phần mềm theo dõi bán hàng là một công cụ giúp tối ưu quá trình chăm sóc, gia tăng trải nghiệm và xây dựng lòng trung thành của khách hàng.",UNKNOWN_NOT_IN_SOURCE,0,1,Gcalls Plus Webphone,HAS_FEATURED; body_images=11,NONE_DETECTED_IN_METADATA,IMPORT_THEN_NORMALIZE,BLOCKED_AWAITING_SCOPE_DECISION
BLOG-022,5 chỉ số đo lường hiệu suất bán hàng quan trọng mà quản lý nên theo dõi,5-chi-so-do-luong-hieu-suat-ban-hang-quan-trong-nen-theo-doi,/blog/5-chi-so-do-luong-hieu-suat-ban-hang-quan-trong-nen-theo-doi/,LIVE_WORDPRESS_NOT_IN_SOURCE,Bán hàng|Kiến thức|Nổi bật,HUB-03 Telesales và Sales Operations,informational-general,VERIFY_REQUIRED,VERIFY_REQUIRED,VERIFY_REQUIRED,2085,2000-3000,STRONG,5 chỉ số đo lường hiệu suất bán hàng quan trọng mà quản lý nên theo dõi,Chỉ số đo lường hiệu suất bán hàng là chỉ số đại diện dùng để đo lường hành vi và hiệu suất của hoạt động bán hàng ở các doanh nghiệp.,UNKNOWN_NOT_IN_SOURCE,0,1,Gcalls Plus Webphone,HAS_FEATURED; body_images=3,NONE_DETECTED_IN_METADATA,IMPORT_THEN_NORMALIZE,BLOCKED_AWAITING_SCOPE_DECISION
BLOG-023,9 mẹo Cold Calling dành cho nhân viên bán hàng (Phần 1),9-meo-cold-calling-danh-cho-nhan-vien-ban-hang-phan-1,/blog/9-meo-cold-calling-danh-cho-nhan-vien-ban-hang-phan-1/,LIVE_WORDPRESS_NOT_IN_SOURCE,Bán hàng|Kiến thức,HUB-03 Telesales và Sales Operations,informational-howto,VERIFY_REQUIRED,VERIFY_REQUIRED,VERIFY_REQUIRED,2414,2000-3000,ADEQUATE,9 mẹo Cold Calling dành cho nhân viên bán hàng (Phần 1),Cold Calling là gì? Hiện tại nó đã lỗi thời hay chúng ta chưa áp dụng đúng phương pháp để mang lại hiệu quả trong bán hàng và kinh doanh?,UNKNOWN_NOT_IN_SOURCE,0,4,Gcalls Plus Webphone,HAS_FEATURED; body_images=4,NONE_DETECTED_IN_METADATA,IMPORT_THEN_NORMALIZE,BLOCKED_AWAITING_SCOPE_DECISION
BLOG-024,9 mẹo Cold Calling dành cho nhân viên bán hàng (Phần cuối),9-meo-cold-calling-danh-cho-nhan-vien-ban-hang-phan-cuoi,/blog/9-meo-cold-calling-danh-cho-nhan-vien-ban-hang-phan-cuoi/,LIVE_WORDPRESS_NOT_IN_SOURCE,Bán hàng|Kiến thức,HUB-03 Telesales và Sales Operations,informational-howto,VERIFY_REQUIRED,VERIFY_REQUIRED,VERIFY_REQUIRED,2895,2000-3000,STRONG,9 mẹo Cold Calling dành cho nhân viên bán hàng (Phần cuối),Cold Calling là gì? Hiện tại nó đã lỗi thời hay chúng ta chưa áp dụng đúng phương pháp để mang lại hiệu quả trong bán hàng và kinh doanh?,UNKNOWN_NOT_IN_SOURCE,0,1,Gcalls Plus Webphone,HAS_FEATURED; body_images=4,NONE_DETECTED_IN_METADATA,IMPORT_THEN_NORMALIZE,BLOCKED_AWAITING_SCOPE_DECISION
BLOG-025,Phần Mềm Contact Center – Giải Pháp Tổng Đài Chuyên Nghiệp 2023,cac-phan-mem-call-center-phu-hop-voi-cac-tong-dai-doanh-nghiep-hien-nay,/blog/cac-phan-mem-call-center-phu-hop-voi-cac-tong-dai-doanh-nghiep-hien-nay/,LIVE_WORDPRESS_NOT_IN_SOURCE,Chăm sóc khách hàng|Kiến thức|Trang Chủ,HUB-01 Tổng đài và Call Center,informational-general,VERIFY_REQUIRED,VERIFY_REQUIRED,VERIFY_REQUIRED,5546,2000-3000,STRONG,Phần mềm Call Center & Contact Center Đâu Là Giải Pháp Tổng Đài Chuyên Nghiệp,Bài viết này sẽ giới thiệu đến bạn thông tin về 2 loại phần mềm call center phổ biến là On-premises call center và Cloud-based call center.,UNKNOWN_NOT_IN_SOURCE,0,2,Cloud Call Center / Gcalls Plus Webphone,HAS_FEATURED; body_images=17,NONE_DETECTED_IN_METADATA,IMPORT_THEN_NORMALIZE,BLOCKED_AWAITING_SCOPE_DECISION
BLOG-026,Bán hàng Inbound hay Outbound – Đâu là phương pháp mà bạn nên quan tâm? (Phần 1),ban-hang-inbound-hay-ban-hang-outbound-phan-1,/blog/ban-hang-inbound-hay-ban-hang-outbound-phan-1/,LIVE_WORDPRESS_NOT_IN_SOURCE,Bán hàng|Kiến thức,HUB-03 Telesales và Sales Operations,informational-general,VERIFY_REQUIRED,VERIFY_REQUIRED,VERIFY_REQUIRED,2858,2000-3000,STRONG,Bán hàng Inbound hay Outbound - Đâu là phương pháp mà bạn nên quan tâm? (Phần 1),"Liệu bạn có nên xây dựng một bộ máy Bán hàng Inbound, thiết lập một nhóm bán hàng outbound hay kết hợp cả 2 phương pháp bán hàng này?",UNKNOWN_NOT_IN_SOURCE,0,1,Gcalls Plus Webphone,HAS_FEATURED; body_images=3,NONE_DETECTED_IN_METADATA,IMPORT_THEN_NORMALIZE,BLOCKED_AWAITING_SCOPE_DECISION
BLOG-027,Bán hàng Inbound hay Outbound – Đâu là phương pháp mà bạn nên quan tâm? (Phần 2),ban-hang-inbound-hay-ban-hang-outbound-phan-2,/blog/ban-hang-inbound-hay-ban-hang-outbound-phan-2/,LIVE_WORDPRESS_NOT_IN_SOURCE,Bán hàng|Kiến thức,HUB-03 Telesales và Sales Operations,informational-general,VERIFY_REQUIRED,VERIFY_REQUIRED,VERIFY_REQUIRED,4362,2000-3000,STRONG,Bán hàng Inbound hay Outbound - Đâu là phương pháp mà bạn nên quan tâm? (Phần 2),"Liệu bạn có nên xây dựng một bộ máy Bán hàng Inbound, thiết lập một nhóm bán hàng outbound hay kết hợp cả 2 phương pháp bán hàng này?",UNKNOWN_NOT_IN_SOURCE,0,2,Gcalls Plus Webphone,HAS_FEATURED; body_images=11,NONE_DETECTED_IN_METADATA,IMPORT_THEN_NORMALIZE,BLOCKED_AWAITING_SCOPE_DECISION
BLOG-028,Bán hàng Inbound hay Outbound – Đâu là phương pháp mà bạn nên quan tâm? (Phần 3),ban-hang-inbound-hay-outbound-dau-la-phuong-phap-ban-hang-ma-ban-nen-quan-tam-phan-3,/blog/ban-hang-inbound-hay-outbound-dau-la-phuong-phap-ban-hang-ma-ban-nen-quan-tam-phan-3/,LIVE_WORDPRESS_NOT_IN_SOURCE,Bán hàng|Kiến thức,HUB-03 Telesales và Sales Operations,informational-general,VERIFY_REQUIRED,VERIFY_REQUIRED,VERIFY_REQUIRED,1786,1200-2000,ADEQUATE,Bán hàng Inbound hay Outbound - Đâu là phương pháp mà bạn nên quan tâm? (Phần 3),"Liệu bạn có nên xây dựng một bộ máy Bán hàng Inbound, thiết lập một nhóm bán hàng outbound hay kết hợp cả 2 phương pháp bán hàng này?",UNKNOWN_NOT_IN_SOURCE,0,2,Gcalls Plus Webphone,HAS_FEATURED; body_images=7,NONE_DETECTED_IN_METADATA,IMPORT_THEN_REWRITE,BLOCKED_AWAITING_SCOPE_DECISION
BLOG-029,Tương lai của tổng đài doanh nghiệp: 10 xu hướng nổi bật nhất,tuong-lai-cua-tong-dai-doanh-nghiep-10-xu-huong-noi-bat-nhat,/blog/tuong-lai-cua-tong-dai-doanh-nghiep-10-xu-huong-noi-bat-nhat/,LIVE_WORDPRESS_NOT_IN_SOURCE,Chăm sóc khách hàng|Kiến thức|Uncategorized,HUB-01 Tổng đài và Call Center,informational-general,VERIFY_REQUIRED,VERIFY_REQUIRED,VERIFY_REQUIRED,2819,2000-3000,STRONG,Tương lai của tổng đài doanh nghiệp: 10 xu hướng nổi bật nhất,Bài viết này đưa ra 10 xu hướng tương lai nổi bật nhất góp phần biến đổi hoàn toàn các tổng đài doanh nghiệp trong 10 năm tới.,UNKNOWN_NOT_IN_SOURCE,0,2,Cloud Call Center / Gcalls Plus Webphone,HAS_FEATURED; body_images=8,NONE_DETECTED_IN_METADATA,IMPORT_THEN_NORMALIZE,BLOCKED_AWAITING_SCOPE_DECISION
BLOG-030,Bí quyết telesales: Nên hay không sử dụng kịch bản cuộc gọi bán hàng?,bi-quyet-telesales-nen-hay-khong-nen-su-dung-kich-ban-cuoc-goi-ban-hang,/blog/bi-quyet-telesales-nen-hay-khong-nen-su-dung-kich-ban-cuoc-goi-ban-hang/,LIVE_WORDPRESS_NOT_IN_SOURCE,Bán hàng|Kiến thức|Telesales,HUB-03 Telesales và Sales Operations,informational-howto,VERIFY_REQUIRED,VERIFY_REQUIRED,VERIFY_REQUIRED,2291,2000-3000,STRONG,Bí quyết telesales: Nên hay không sử dụng kịch bản cuộc gọi bán hàng?,Liệu có nên sử dụng mẫu kịch bản cuộc gọi có sẵn khi tiếp thị qua điện thoại hay không? Hãy tham khảo những lập luận chi tiết dưới đây.,UNKNOWN_NOT_IN_SOURCE,0,1,Gcalls Plus Webphone,HAS_FEATURED; body_images=4,NONE_DETECTED_IN_METADATA,IMPORT_THEN_NORMALIZE,BLOCKED_AWAITING_SCOPE_DECISION
BLOG-031,Telesales: Cách tập trung khi gọi điện bán hàng,telesales-cach-tap-trung-khi-goi-dien-ban-hang,/blog/telesales-cach-tap-trung-khi-goi-dien-ban-hang/,LIVE_WORDPRESS_NOT_IN_SOURCE,Bán hàng|Chăm sóc khách hàng|Kiến thức|Telesales,HUB-03 Telesales và Sales Operations,informational-howto,VERIFY_REQUIRED,VERIFY_REQUIRED,VERIFY_REQUIRED,1571,1200-2000,ADEQUATE,Telesales: Cách tập trung khi gọi điện bán hàng,Thách thức lớn nhất của bạn khi thực hiện công việc telesales là làm sao để không bị phân tâm. Vậy làm thế nào để giải quyết vấn đề trên?,UNKNOWN_NOT_IN_SOURCE,0,1,Gcalls Plus Webphone,HAS_FEATURED; body_images=2,NONE_DETECTED_IN_METADATA,IMPORT_THEN_REWRITE,BLOCKED_AWAITING_SCOPE_DECISION
BLOG-032,Thế nào là telesales thành công và cách đánh giá cuộc gọi bán hàng?,telesales-thanh-cong-va-cach-danh-gia-cuoc-goi-ban-hang,/blog/telesales-thanh-cong-va-cach-danh-gia-cuoc-goi-ban-hang/,LIVE_WORDPRESS_NOT_IN_SOURCE,Bán hàng|Kiến thức|Telesales,HUB-03 Telesales và Sales Operations,informational-howto,VERIFY_REQUIRED,VERIFY_REQUIRED,VERIFY_REQUIRED,1936,1200-2000,ADEQUATE,Thế nào là telesales thành công và cách đánh giá cuộc gọi bán hàng?,Bạn nghĩ mình đã telesales thành công? Nhưng để có thể đánh giá cuộc gọi bán hàng có thành công hay không sẽ dựa trên nhiều yếu tố khác.,UNKNOWN_NOT_IN_SOURCE,0,1,Gcalls Plus Webphone,HAS_FEATURED; body_images=2,NONE_DETECTED_IN_METADATA,IMPORT_THEN_REWRITE,BLOCKED_AWAITING_SCOPE_DECISION
BLOG-033,6 cách nhắn tin cho khách hàng đạt hiệu quả trong quy trình bán hàng,6-cach-nhan-tin-cho-khach-hang-dat-hieu-qua-trong-quy-trinh-ban-hang,/blog/6-cach-nhan-tin-cho-khach-hang-dat-hieu-qua-trong-quy-trinh-ban-hang/,LIVE_WORDPRESS_NOT_IN_SOURCE,Bán hàng|Kiến thức,HUB-03 Telesales và Sales Operations,informational-howto,VERIFY_REQUIRED,VERIFY_REQUIRED,VERIFY_REQUIRED,2120,2000-3000,ADEQUATE,6 cách nhắn tin cho khách hàng đạt hiệu quả trong quy trình bán hàng,Khi mà Gen Y đang dành rất nhiều thời gian cho nhắn tin thì liệu có nên áp dụng việc nhắn tin cho khách hàng vào trong quy trình bán hàng?,UNKNOWN_NOT_IN_SOURCE,0,1,Gcalls Plus Webphone,HAS_FEATURED; body_images=8,NONE_DETECTED_IN_METADATA,IMPORT_THEN_NORMALIZE,BLOCKED_AWAITING_SCOPE_DECISION
BLOG-034,Phần mềm gọi tự động và lợi ích đối với chiến lược bán hàng,phan-mem-goi-tu-dong-va-loi-ich-doi-voi-chien-luoc-ban-hang,/blog/phan-mem-goi-tu-dong-va-loi-ich-doi-voi-chien-luoc-ban-hang/,LIVE_WORDPRESS_NOT_IN_SOURCE,Bán hàng|Kiến thức,HUB-03 Telesales và Sales Operations,informational-general,VERIFY_REQUIRED,VERIFY_REQUIRED,VERIFY_REQUIRED,2102,2000-3000,STRONG,Phần mềm gọi tự động và lợi ích đối với chiến lược bán hàng,Phần mềm gọi tự động là ứng dụng tích hợp trong thiết bị điện tử giúp đơn giản hóa việc quay số thủ công và còn nhiều lợi ích khác nữa.,UNKNOWN_NOT_IN_SOURCE,0,1,Gcalls Plus Webphone,HAS_FEATURED; body_images=4,NONE_DETECTED_IN_METADATA,IMPORT_THEN_NORMALIZE,BLOCKED_AWAITING_SCOPE_DECISION
BLOG-035,6 bước xây dựng kịch bản bán hàng đỉnh cao,6-buoc-xay-dung-kich-ban-ban-hang-dinh-cao,/blog/6-buoc-xay-dung-kich-ban-ban-hang-dinh-cao/,LIVE_WORDPRESS_NOT_IN_SOURCE,Bán hàng|Kiến thức,HUB-03 Telesales và Sales Operations,informational-howto,VERIFY_REQUIRED,VERIFY_REQUIRED,VERIFY_REQUIRED,3460,2000-3000,STRONG,6 bước xây dựng kịch bản bán hàng đỉnh cao,Liệu nên hay không nên sử dụng kịch bản bán hàng? Hãy cùng tìm hiểu câu trả lời cho đội ngũ bán hàng của bạn qua bài viết dưới đây nhé.,UNKNOWN_NOT_IN_SOURCE,0,1,Gcalls Plus Webphone,HAS_FEATURED; body_images=7,NONE_DETECTED_IN_METADATA,IMPORT_THEN_NORMALIZE,BLOCKED_AWAITING_SCOPE_DECISION
BLOG-036,Cách gọi điện thoại cho khách hàng tiềm năng đã mở email,cach-goi-dien-thoai-cho-khach-hang-tiem-nang-da-mo-email,/blog/cach-goi-dien-thoai-cho-khach-hang-tiem-nang-da-mo-email/,LIVE_WORDPRESS_NOT_IN_SOURCE,Kiến thức|Telesales,HUB-03 Telesales và Sales Operations,informational-howto,VERIFY_REQUIRED,VERIFY_REQUIRED,VERIFY_REQUIRED,3130,2000-3000,STRONG,Cách gọi điện thoại cho khách hàng tiềm năng đã mở email,Làm thế nào để gọi điện thoại cho khách hàng tiềm năng đã mở email bán hàng một cách hiệu quả thay vì khiến họ khó chịu?,UNKNOWN_NOT_IN_SOURCE,0,1,Gcalls Plus Webphone,HAS_FEATURED; body_images=7,NONE_DETECTED_IN_METADATA,IMPORT_THEN_NORMALIZE,BLOCKED_AWAITING_SCOPE_DECISION
BLOG-037,Cách giảm áp lực khi làm telesales,cach-giam-ap-luc-khi-lam-telesales,/blog/cach-giam-ap-luc-khi-lam-telesales/,LIVE_WORDPRESS_NOT_IN_SOURCE,Kiến thức|Telesales,HUB-03 Telesales và Sales Operations,informational-howto,VERIFY_REQUIRED,VERIFY_REQUIRED,VERIFY_REQUIRED,1333,1200-2000,ADEQUATE,Cách giảm áp lực khi làm telesales,Gặp áp lực là tình trạng mà nhiều nhân viên bán hàng qua điện thoại thường gặp phải. Vậy làm thế nào để giảm áp lực khi làm telesales?,UNKNOWN_NOT_IN_SOURCE,0,1,Gcalls Plus Webphone,HAS_FEATURED; body_images=2,NONE_DETECTED_IN_METADATA,IMPORT_THEN_REWRITE,BLOCKED_AWAITING_SCOPE_DECISION
BLOG-038,Các chỉ số đánh giá phễu bán hàng hiệu quả,cac-chi-so-danh-gia-pheu-ban-hang-hieu-qua,/blog/cac-chi-so-danh-gia-pheu-ban-hang-hieu-qua/,LIVE_WORDPRESS_NOT_IN_SOURCE,Bán hàng|Kiến thức,HUB-03 Telesales và Sales Operations,commercial-investigation,VERIFY_REQUIRED,VERIFY_REQUIRED,VERIFY_REQUIRED,1596,1200-2000,ADEQUATE,Các chỉ số đánh giá phễu bán hàng hiệu quả,Bạn không biết cách tối ưu hóa phễu bán hàng của mình? Các chỉ số đánh giá phễu bán hàng hiệu quả trong bài viết này sẽ giúp bạn.,UNKNOWN_NOT_IN_SOURCE,0,2,Gcalls Plus Webphone,HAS_FEATURED; body_images=4,NONE_DETECTED_IN_METADATA,IMPORT_THEN_REWRITE,BLOCKED_AWAITING_SCOPE_DECISION
BLOG-039,Tiếp thị qua điện thoại: Hướng dẫn nhanh Cold Calling chuyên nghiệp,tiep-thi-qua-dien-thoai-huong-dan-nhanh-cold-calling-chuyen-nghiep,/blog/tiep-thi-qua-dien-thoai-huong-dan-nhanh-cold-calling-chuyen-nghiep/,LIVE_WORDPRESS_NOT_IN_SOURCE,Kiến thức|Telesales,HUB-03 Telesales và Sales Operations,informational-howto,VERIFY_REQUIRED,VERIFY_REQUIRED,VERIFY_REQUIRED,1240,1200-2000,ADEQUATE,Tiếp thị qua điện thoại: Hướng dẫn nhanh Cold Calling chuyên nghiệp,Muốn biết cách trở thành một chuyên gia tiếp thị qua điện thoại? Bài viết dưới đây sẽ là đáp án dành cho bạn.,UNKNOWN_NOT_IN_SOURCE,0,2,Gcalls Plus Webphone,HAS_FEATURED; body_images=2,NONE_DETECTED_IN_METADATA,IMPORT_THEN_REWRITE,BLOCKED_AWAITING_SCOPE_DECISION
BLOG-040,Tiếp thị qua điện thoại: Kỹ năng xử lý từ chối giúp tăng cơ hội bán hàng,tiep-thi-qua-dien-thoai-ky-nang-xu-ly-tu-choi,/blog/tiep-thi-qua-dien-thoai-ky-nang-xu-ly-tu-choi/,LIVE_WORDPRESS_NOT_IN_SOURCE,Bán hàng|Kiến thức,HUB-03 Telesales và Sales Operations,informational-general,VERIFY_REQUIRED,VERIFY_REQUIRED,VERIFY_REQUIRED,1553,1200-2000,ADEQUATE,Tiếp thị qua điện thoại: Kỹ năng xử lý từ chối giúp tăng cơ hội bán hàng,"Đa số khi tiếp thị qua điện thoại lần đầu tiên, khách hàng tiềm năng thường phản hồi đang bận và hẹn lúc khác. Những lúc này bạn nên làm gì?",UNKNOWN_NOT_IN_SOURCE,0,1,Gcalls Plus Webphone,HAS_FEATURED; body_images=7,NONE_DETECTED_IN_METADATA,IMPORT_THEN_REWRITE,BLOCKED_AWAITING_SCOPE_DECISION
BLOG-041,Giọng nói: Yếu tố quyết định thành công trong tiếp thị qua điện thoại,giong-noi-yeu-to-quyet-dinh-thanh-cong-trong-tiep-thi-qua-dien-thoai,/blog/giong-noi-yeu-to-quyet-dinh-thanh-cong-trong-tiep-thi-qua-dien-thoai/,LIVE_WORDPRESS_NOT_IN_SOURCE,Bán hàng|Kiến thức,HUB-03 Telesales và Sales Operations,informational-general,VERIFY_REQUIRED,VERIFY_REQUIRED,VERIFY_REQUIRED,1433,1200-2000,ADEQUATE,Giọng nói: Yếu tố quyết định thành công trong tiếp thị qua điện thoại,Tiếp thị qua điện thoại là một cách bán hàng hiệu quả nhờ khả năng tiếp cận nhiều khách hàng trong thời gian ngắn với chi phí thấp.,UNKNOWN_NOT_IN_SOURCE,0,2,Gcalls Plus Webphone,HAS_FEATURED; body_images=5,NONE_DETECTED_IN_METADATA,IMPORT_THEN_REWRITE,BLOCKED_AWAITING_SCOPE_DECISION
BLOG-042,Cách viết bản tự đánh giá công việc của nhân viên đầy đủ và ấn tượng,cach-viet-ban-tu-danh-gia-cong-viec-cua-nhan-vien,/blog/cach-viet-ban-tu-danh-gia-cong-viec-cua-nhan-vien/,LIVE_WORDPRESS_NOT_IN_SOURCE,Kiến thức,HUB-05 QA/QC và quản trị chất lượng,informational-howto,VERIFY_REQUIRED,VERIFY_REQUIRED,VERIFY_REQUIRED,4872,2000-3000,STRONG,Cách viết bản tự đánh giá công việc của nhân viên đầy đủ và ấn tượng,Bài viết này sẽ cung cấp cho bạn các hướng dẫn bổ ích để thực hiện bản tự đánh giá công việc của nhân viên đầy đủ và trung thực.,UNKNOWN_NOT_IN_SOURCE,0,3,QA/QC Center,HAS_FEATURED; body_images=5,NONE_DETECTED_IN_METADATA,IMPORT_THEN_NORMALIZE,BLOCKED_AWAITING_SCOPE_DECISION
BLOG-043,Bán hàng qua điện thoại: 3 câu hỏi bạn nên tự hỏi bản thân trước khi thực hiện cuộc gọi,ban-hang-qua-dien-thoai-3-cau-hoi-ban-nen-tu-hoi-truoc-khi-thuc-hien-cuoc-goi,/blog/ban-hang-qua-dien-thoai-3-cau-hoi-ban-nen-tu-hoi-truoc-khi-thuc-hien-cuoc-goi/,LIVE_WORDPRESS_NOT_IN_SOURCE,Bán hàng|Kiến thức,HUB-03 Telesales và Sales Operations,informational-general,VERIFY_REQUIRED,VERIFY_REQUIRED,VERIFY_REQUIRED,1170,900-1200,ADEQUATE_SHORT,Bán hàng qua điện thoại: 3 câu hỏi bạn nên tự hỏi bản thân trước khi thực hiện cuộc gọi,Chúng tôi luôn có ba câu hỏi để tự hỏi bản thân trước khi thực hiện những cuộc gọi bán hàng qua điện thoại: Tại sao? Cái gì? Làm thế nào?,UNKNOWN_NOT_IN_SOURCE,0,1,Gcalls Plus Webphone,HAS_FEATURED; body_images=4,NONE_DETECTED_IN_METADATA,IMPORT_THEN_REWRITE,BLOCKED_AWAITING_SCOPE_DECISION
BLOG-044,Cách chiếm được lòng tin của khách hàng kín tiếng,cach-chiem-duoc-long-tin-cua-khach-hang-kin-tieng,/blog/cach-chiem-duoc-long-tin-cua-khach-hang-kin-tieng/,LIVE_WORDPRESS_NOT_IN_SOURCE,Bán hàng|Kiến thức,HUB-03 Telesales và Sales Operations,informational-howto,VERIFY_REQUIRED,VERIFY_REQUIRED,VERIFY_REQUIRED,1099,900-1200,ADEQUATE_SHORT,Cách chiếm được lòng tin của khách hàng kín tiếng,Làm gì khi khách hàng từ chối chia sẻ thông tin với bạn? Những mẹo dưới đây sẽ giúp bạn chiếm được lòng tin của khách hàng khi giao tiếp.,UNKNOWN_NOT_IN_SOURCE,0,1,Gcalls Plus Webphone,HAS_FEATURED; body_images=2,NONE_DETECTED_IN_METADATA,IMPORT_THEN_REWRITE,BLOCKED_AWAITING_SCOPE_DECISION
BLOG-045,Cải thiện trải nghiệm khách hàng tại Call Center bằng biểu mẫu chấm điểm đánh giá cuộc gọi,cai-thien-trai-nghiem-khach-hang-bang-bieu-mau-cham-diem-danh-gia-cuoc-goi,/blog/cai-thien-trai-nghiem-khach-hang-bang-bieu-mau-cham-diem-danh-gia-cuoc-goi/,LIVE_WORDPRESS_NOT_IN_SOURCE,Call Center|Kiến thức,HUB-01 Tổng đài và Call Center,commercial-investigation,VERIFY_REQUIRED,VERIFY_REQUIRED,VERIFY_REQUIRED,1990,1200-2000,ADEQUATE,Cải thiện trải nghiệm khách hàng tại Call Center bằng biểu mẫu chấm điểm đánh giá cuộc gọi,Biểu mẫu chấm điểm đánh giá cuộc gọi là công cụ giúp nâng cao tính minh bạch và nhất quán trong việc đảm bảo chất lượng tại Call Center.,UNKNOWN_NOT_IN_SOURCE,0,1,Cloud Call Center / Gcalls Plus Webphone,HAS_FEATURED; body_images=5,NONE_DETECTED_IN_METADATA,IMPORT_THEN_REWRITE,BLOCKED_AWAITING_SCOPE_DECISION
BLOG-046,Chiến lược mở rộng ra thị trường nước quốc tế,chien-luoc-mo-rong-ra-thi-truong-nuoc-ngoai-va-phuc-vu-khach-hang-quoc-te,/blog/chien-luoc-mo-rong-ra-thi-truong-nuoc-ngoai-va-phuc-vu-khach-hang-quoc-te/,LIVE_WORDPRESS_NOT_IN_SOURCE,Call Center|Kiến thức,HUB-01 Tổng đài và Call Center,informational-general,VERIFY_REQUIRED,VERIFY_REQUIRED,VERIFY_REQUIRED,3225,2000-3000,STRONG,Chiến lược mở rộng ra thị trường nước quốc tế,Cách vận hành ở thị trường nội địa có thể không phù hợp với khách hàng quốc tế. Cần phải có chiến lược mở rộng thị trường quốc tế mới!,UNKNOWN_NOT_IN_SOURCE,0,2,Cloud Call Center / Gcalls Plus Webphone,HAS_FEATURED; body_images=4,NONE_DETECTED_IN_METADATA,IMPORT_THEN_NORMALIZE,BLOCKED_AWAITING_SCOPE_DECISION
BLOG-047,Tổng đài quốc tế: Mở rộng thị trường dễ dàng với phần mềm Call Center kết nối số nước ngoài,tong-dai-quoc-te-mo-rong-thi-truong,/blog/tong-dai-quoc-te-mo-rong-thi-truong/,LIVE_WORDPRESS_NOT_IN_SOURCE,Call Center|Kiến thức,HUB-01 Tổng đài và Call Center,informational-general,VERIFY_REQUIRED,VERIFY_REQUIRED,VERIFY_REQUIRED,1891,1200-2000,ADEQUATE,Tổng đài quốc tế: Mở rộng thị trường với tổng đài Call Center,Mở rộng thị trường với dịch vụ tổng đài quốc tế sau dịch bệnh vô cùng khó khăn. Giải pháp hiện tại là kết nối tổng đài ảo và chuyển đổi số.,UNKNOWN_NOT_IN_SOURCE,0,10,Cloud Call Center / Gcalls Plus Webphone,HAS_FEATURED; body_images=6,NONE_DETECTED_IN_METADATA,IMPORT_THEN_REWRITE,BLOCKED_AWAITING_SCOPE_DECISION
BLOG-048,Call Center: Điểm khác biệt giữa On-Premises và Cloud Call Center (Phần 1),call-center-diem-khac-biet-giua-on-premises-va-cloud-call-center-phan-1,/blog/call-center-diem-khac-biet-giua-on-premises-va-cloud-call-center-phan-1/,LIVE_WORDPRESS_NOT_IN_SOURCE,Call Center|Chăm sóc khách hàng,HUB-01 Tổng đài và Call Center,informational-general,VERIFY_REQUIRED,VERIFY_REQUIRED,VERIFY_REQUIRED,2378,2000-3000,STRONG,Call Center: Điểm khác biệt giữa On-Premises và Cloud Call Center (Phần 1),Bài viết sẽ làm rõ hai loại phần mềm tổng đài doanh nghiệp phổ biến nhất: On-Premises Call Center và Cloud Call Center.,UNKNOWN_NOT_IN_SOURCE,0,5,Cloud Call Center / Gcalls Plus Webphone,HAS_FEATURED; body_images=5,NONE_DETECTED_IN_METADATA,IMPORT_THEN_NORMALIZE,BLOCKED_AWAITING_SCOPE_DECISION
BLOG-049,18 lợi ích mà giải pháp tích hợp điện thoại máy tính đem đến cho Call Center,loi-ich-ma-giai-phap-tich-hop-dien-thoai-may-tinh-dem-den-cho-call-center,/blog/loi-ich-ma-giai-phap-tich-hop-dien-thoai-may-tinh-dem-den-cho-call-center/,LIVE_WORDPRESS_NOT_IN_SOURCE,Call Center|Kiến thức,HUB-01 Tổng đài và Call Center,informational-general,VERIFY_REQUIRED,VERIFY_REQUIRED,VERIFY_REQUIRED,2907,2000-3000,STRONG,18 lợi ích mà giải pháp tích hợp điện thoại máy tính đem đến cho Call Center,Bài viết này sẽ trình bày 18 tính năng vượt trội mà giải pháp tích hợp điện thoại máy tính mang lại để nâng cao trải nghiệm khách hàng.,UNKNOWN_NOT_IN_SOURCE,0,2,Cloud Call Center / Gcalls Plus Webphone,HAS_FEATURED; body_images=18,NONE_DETECTED_IN_METADATA,IMPORT_THEN_NORMALIZE,BLOCKED_AWAITING_SCOPE_DECISION
BLOG-050,Call Center: Điểm khác biệt giữa On-Premises và Cloud Call Center (Phần cuối),call-center-diem-khac-biet-giua-on-premises-va-cloud-call-center-phan-cuoi,/blog/call-center-diem-khac-biet-giua-on-premises-va-cloud-call-center-phan-cuoi/,LIVE_WORDPRESS_NOT_IN_SOURCE,Call Center|Kiến thức,HUB-01 Tổng đài và Call Center,informational-general,VERIFY_REQUIRED,VERIFY_REQUIRED,VERIFY_REQUIRED,2332,2000-3000,STRONG,Call Center: Điểm khác giữa On-Premises và Cloud Call Center(Phần cuối),Bài viết sẽ làm rõ hai loại phần mềm Call Center phổ biến nhất: On-Premises Call Center và Cloud Call Center.,UNKNOWN_NOT_IN_SOURCE,0,3,Cloud Call Center / Gcalls Plus Webphone,HAS_FEATURED; body_images=4,NONE_DETECTED_IN_METADATA,IMPORT_THEN_NORMALIZE,BLOCKED_AWAITING_SCOPE_DECISION
BLOG-051,Bán hàng qua điện thoại: Làm gì nếu khách hàng nói không có thời gian?,ban-hang-qua-dien-thoai-lam-gi-neu-khach-hang-noi-toi-khong-co-thoi-gian,/blog/ban-hang-qua-dien-thoai-lam-gi-neu-khach-hang-noi-toi-khong-co-thoi-gian/,LIVE_WORDPRESS_NOT_IN_SOURCE,Bán hàng,HUB-03 Telesales và Sales Operations,informational-general,VERIFY_REQUIRED,VERIFY_REQUIRED,VERIFY_REQUIRED,2002,2000-3000,ADEQUATE,Bán hàng qua điện thoại: Làm gì nếu khách hàng nói không có thời gian?,"Khi khách hàng nghe máy và trả lời: “Tôi không có thời gian”, một nhân viên bán hàng qua điện thoại chuyên nghiệp sẽ làm gì?",UNKNOWN_NOT_IN_SOURCE,0,1,Gcalls Plus Webphone,HAS_FEATURED; body_images=3,NONE_DETECTED_IN_METADATA,IMPORT_THEN_NORMALIZE,BLOCKED_AWAITING_SCOPE_DECISION
BLOG-052,Tai nghe EPOS Sennheiser 30 USB CTRL,tai-nghe-epos-sennheiser-30-usb-ctrl,/blog/tai-nghe-epos-sennheiser-30-usb-ctrl/,LIVE_WORDPRESS_NOT_IN_SOURCE,Uncategorized,HUB-08 Kiến thức vận hành doanh nghiệp,informational-general,VERIFY_REQUIRED,VERIFY_REQUIRED,VERIFY_REQUIRED,269,900-1200,THIN,Tai nghe EPOS Sennheiser 30 USB CTRL - Tổng đài ảo Gcalls,,UNKNOWN_NOT_IN_SOURCE,0,2,Gcalls Plus Webphone,IMAGE_REQUIRED; body_images=1,NONE_DETECTED_IN_METADATA,IMPORT_THEN_REWRITE,BLOCKED_AWAITING_SCOPE_DECISION
BLOG-053,Tai nghe EPOS Sennheiser SC 60 USB CTRL,tai-nghe-epos-sennheiser-sc-60-usb-ctrl,/blog/tai-nghe-epos-sennheiser-sc-60-usb-ctrl/,LIVE_WORDPRESS_NOT_IN_SOURCE,Uncategorized,HUB-08 Kiến thức vận hành doanh nghiệp,informational-general,VERIFY_REQUIRED,VERIFY_REQUIRED,VERIFY_REQUIRED,271,900-1200,THIN,Tai nghe EPOS Sennheiser SC 60 USB CTRL - Tổng đài ảo Gcalls,,UNKNOWN_NOT_IN_SOURCE,0,2,Gcalls Plus Webphone,IMAGE_REQUIRED; body_images=1,NONE_DETECTED_IN_METADATA,IMPORT_THEN_REWRITE,BLOCKED_AWAITING_SCOPE_DECISION
BLOG-054,Tai nghe Jabra Biz 1100QD Mono,tai-nghe-jabra-biz-1100qd-mono,/blog/tai-nghe-jabra-biz-1100qd-mono/,LIVE_WORDPRESS_NOT_IN_SOURCE,Uncategorized,HUB-08 Kiến thức vận hành doanh nghiệp,informational-general,VERIFY_REQUIRED,VERIFY_REQUIRED,VERIFY_REQUIRED,181,900-1200,THIN,Tai nghe Jabra Biz 1100QD Mono - Tổng đài ảo Gcalls,,UNKNOWN_NOT_IN_SOURCE,0,2,Gcalls Plus Webphone,IMAGE_REQUIRED; body_images=1,NONE_DETECTED_IN_METADATA,IMPORT_THEN_REWRITE,BLOCKED_AWAITING_SCOPE_DECISION
BLOG-055,Tai Nghe Jabra Biz 1100 QD Duo,tai-nghe-jabra-biz-1100-qd-duo,/blog/tai-nghe-jabra-biz-1100-qd-duo/,LIVE_WORDPRESS_NOT_IN_SOURCE,Uncategorized,HUB-08 Kiến thức vận hành doanh nghiệp,informational-general,VERIFY_REQUIRED,VERIFY_REQUIRED,VERIFY_REQUIRED,301,900-1200,THIN,Tai Nghe Jabra Biz 1100 QD Duo - Tổng đài ảo Gcalls,,UNKNOWN_NOT_IN_SOURCE,0,2,Gcalls Plus Webphone,IMAGE_REQUIRED; body_images=1,NONE_DETECTED_IN_METADATA,IMPORT_THEN_REWRITE,BLOCKED_AWAITING_SCOPE_DECISION
BLOG-056,Tai nghe Jabra Biz 1100 USB Mono,tai-nghe-jabra-biz-1100-usb-mono,/blog/tai-nghe-jabra-biz-1100-usb-mono/,LIVE_WORDPRESS_NOT_IN_SOURCE,Uncategorized,HUB-08 Kiến thức vận hành doanh nghiệp,informational-general,VERIFY_REQUIRED,VERIFY_REQUIRED,VERIFY_REQUIRED,205,900-1200,THIN,Tai nghe Jabra Biz 1100 USB Mono - Tổng đài ảo Gcalls,,UNKNOWN_NOT_IN_SOURCE,0,2,Gcalls Plus Webphone,IMAGE_REQUIRED; body_images=1,NONE_DETECTED_IN_METADATA,IMPORT_THEN_REWRITE,BLOCKED_AWAITING_SCOPE_DECISION
BLOG-057,Tai nghe Jabra Biz 1100 USB Duo,tai-nghe-jabra-biz-1100-usb-duo,/blog/tai-nghe-jabra-biz-1100-usb-duo/,LIVE_WORDPRESS_NOT_IN_SOURCE,Uncategorized,HUB-08 Kiến thức vận hành doanh nghiệp,informational-general,VERIFY_REQUIRED,VERIFY_REQUIRED,VERIFY_REQUIRED,217,900-1200,THIN,Tai nghe Jabra Biz 1100 USB Duo - Tổng đài ảo Gcalls,,UNKNOWN_NOT_IN_SOURCE,0,2,Gcalls Plus Webphone,IMAGE_REQUIRED; body_images=1,NONE_DETECTED_IN_METADATA,IMPORT_THEN_REWRITE,BLOCKED_AWAITING_SCOPE_DECISION
BLOG-058,Tai nghe Logitech H340,tai-nghe-logitech-h340,/blog/tai-nghe-logitech-h340/,LIVE_WORDPRESS_NOT_IN_SOURCE,Uncategorized,HUB-08 Kiến thức vận hành doanh nghiệp,informational-general,VERIFY_REQUIRED,VERIFY_REQUIRED,VERIFY_REQUIRED,166,900-1200,THIN,Tai nghe Logitech H340 - Tổng đài ảo Gcalls,,UNKNOWN_NOT_IN_SOURCE,0,2,Gcalls Plus Webphone,IMAGE_REQUIRED; body_images=1,NONE_DETECTED_IN_METADATA,IMPORT_THEN_REWRITE,BLOCKED_AWAITING_SCOPE_DECISION
BLOG-059,Cuộc gọi tiếp thị qua điện thoại là gì và cách thực hiện cuộc gọi hiệu quả?,cuoc-goi-tiep-thi-qua-dien-thoai-la-gi,/blog/cuoc-goi-tiep-thi-qua-dien-thoai-la-gi/,LIVE_WORDPRESS_NOT_IN_SOURCE,Bán hàng|Kiến thức,HUB-01 Tổng đài và Call Center,informational-definition,VERIFY_REQUIRED,VERIFY_REQUIRED,VERIFY_REQUIRED,1369,1200-2000,ADEQUATE,Cuộc gọi tiếp thị qua điện thoại là gì và cách thực hiện cuộc gọi hiệu quả?,"Khi bạn thực hiện một cuộc gọi tiếp thị qua điện thoại, có rất nhiều yếu tố làm nên thành công của một nhân viên bán hàng. Vậy đâu là cách giúp thực hiện cuộc gọi tiếp thị một cách hiệu quả?",UNKNOWN_NOT_IN_SOURCE,0,1,Cloud Call Center / Gcalls Plus Webphone,HAS_FEATURED; body_images=5,NONE_DETECTED_IN_METADATA,IMPORT_THEN_REWRITE,BLOCKED_AWAITING_SCOPE_DECISION
BLOG-060,Cách tiếp thị qua điện thoại hiệu quả xử lý 3 lời từ chối cuộc gọi chào hàng,cach-tiep-thi-qua-dien-thoai-hieu-qua-xu-ly-3-loi-tu-choi-cuoc-goi-chao-hang,/blog/cach-tiep-thi-qua-dien-thoai-hieu-qua-xu-ly-3-loi-tu-choi-cuoc-goi-chao-hang/,LIVE_WORDPRESS_NOT_IN_SOURCE,Bán hàng|Kiến thức,HUB-01 Tổng đài và Call Center,informational-howto,VERIFY_REQUIRED,VERIFY_REQUIRED,VERIFY_REQUIRED,924,900-1200,ADEQUATE_SHORT,Cách tiếp thị qua điện thoại hiệu quả xử lý 3 lời từ chối cuộc gọi chào hàng,Có 3 cách xử lý từ chối mà bất kỳ đội ngũ bán hàng nào đang thực hiện tiếp thị qua điện thoại cũng cần biết để có sự chuẩn bị tốt nhất.,UNKNOWN_NOT_IN_SOURCE,0,2,Cloud Call Center / Gcalls Plus Webphone,HAS_FEATURED; body_images=5,NONE_DETECTED_IN_METADATA,IMPORT_THEN_REWRITE,BLOCKED_AWAITING_SCOPE_DECISION
BLOG-061,Bộ câu hỏi phỏng vấn chuyên viên Telemarketing và Telesales,bo-cau-hoi-phong-van-chuyen-vien-telemarketing-va-telesales,/blog/bo-cau-hoi-phong-van-chuyen-vien-telemarketing-va-telesales/,LIVE_WORDPRESS_NOT_IN_SOURCE,Nổi bật|Quản Lý,HUB-03 Telesales và Sales Operations,informational-general,VERIFY_REQUIRED,VERIFY_REQUIRED,VERIFY_REQUIRED,1072,900-1200,ADEQUATE_SHORT,Bộ câu hỏi phỏng vấn chuyên viên Telemarketing và Telesales,Tham khảo ngay Bộ câu hỏi phỏng vấn chuyên viên Telemarketing và Telesales cho một trong những bộ phận có tỷ lệ nhân viên nghỉ việc cao nhất.,UNKNOWN_NOT_IN_SOURCE,0,1,Gcalls Plus Webphone,HAS_FEATURED; body_images=2,NONE_DETECTED_IN_METADATA,IMPORT_THEN_REWRITE,BLOCKED_AWAITING_SCOPE_DECISION
BLOG-062,8 lời khuyên dành cho nhà quản lý Call Center,8-loi-khuyen-danh-cho-nha-quan-ly-call-center,/blog/8-loi-khuyen-danh-cho-nha-quan-ly-call-center/,LIVE_WORDPRESS_NOT_IN_SOURCE,Chăm sóc khách hàng|Quản Lý|Telesales,HUB-08 Kiến thức vận hành doanh nghiệp,informational-general,VERIFY_REQUIRED,VERIFY_REQUIRED,VERIFY_REQUIRED,1391,1200-2000,ADEQUATE,8 lời khuyên dành cho nhà quản lý Call Center,"8 lời khuyên giúp nhà quản lý giải quyết với một số thách thức hàng ngày, ví dụ như khối lượng cuộc gọi, triển khai tổng đài viên...",UNKNOWN_NOT_IN_SOURCE,0,2,Gcalls Plus Webphone,HAS_FEATURED; body_images=4,NONE_DETECTED_IN_METADATA,IMPORT_THEN_REWRITE,BLOCKED_AWAITING_SCOPE_DECISION
BLOG-063,Quyết toán thuế TNCN – Doanh nghiệp và người lao động cần biết,quyet-toan-thue-tncn-doanh-nghiep-va-nguoi-lao-dong-can-biet,/blog/quyet-toan-thue-tncn-doanh-nghiep-va-nguoi-lao-dong-can-biet/,LIVE_WORDPRESS_NOT_IN_SOURCE,Kiến thức|Quản Lý,HUB-08 Kiến thức vận hành doanh nghiệp,informational-general,VERIFY_REQUIRED,VERIFY_REQUIRED,VERIFY_REQUIRED,1640,1200-2000,ADEQUATE,Quyết toán thuế TNCN - Doanh nghiệp và người lao động cần biết,"Đối với mỗi người lao động và chủ doanh nghiệp, việc nắm vững kiến thức về TTNCN và quy định quyết toán thuế hàng năm là vô cùng cần thiết.",UNKNOWN_NOT_IN_SOURCE,0,3,Gcalls Plus Webphone,HAS_FEATURED; body_images=2,NONE_DETECTED_IN_METADATA,IMPORT_THEN_REWRITE,BLOCKED_AWAITING_SCOPE_DECISION
BLOG-064,Xây dựng chiến lược email follow-up giúp bán hàng hiệu quả (Phần 1),xay-dung-chien-luoc-email-follow-up-giup-ban-hang-hieu-qua-phan-1,/blog/xay-dung-chien-luoc-email-follow-up-giup-ban-hang-hieu-qua-phan-1/,LIVE_WORDPRESS_NOT_IN_SOURCE,Bán hàng|Nổi bật,HUB-03 Telesales và Sales Operations,informational-general,VERIFY_REQUIRED,VERIFY_REQUIRED,VERIFY_REQUIRED,1186,900-1200,ADEQUATE_SHORT,Xây dựng chiến lược email follow-up giúp bán hàng hiệu quả (Phần 1),"Trong bài này, bạn sẽ học được cách xây dựng chiến lược email follow-up một cách tuần tự cho cold email để tạo nhịp bán hàng hiệu quả.",UNKNOWN_NOT_IN_SOURCE,0,2,Gcalls Plus Webphone,HAS_FEATURED; body_images=2,NONE_DETECTED_IN_METADATA,IMPORT_THEN_REWRITE,BLOCKED_AWAITING_SCOPE_DECISION
BLOG-065,Xây dựng chiến lược email follow-up giúp bán hàng hiệu quả (Phần cuối),xay-dung-chien-luoc-email-follow-up-phan-cuoi,/blog/xay-dung-chien-luoc-email-follow-up-phan-cuoi/,LIVE_WORDPRESS_NOT_IN_SOURCE,Bán hàng|Kiến thức|Nổi bật,HUB-03 Telesales và Sales Operations,informational-general,VERIFY_REQUIRED,VERIFY_REQUIRED,VERIFY_REQUIRED,1569,1200-2000,ADEQUATE,Xây dựng chiến lược email follow-up giúp bán hàng hiệu quả (Phần cuối),"Trong bài này, bạn sẽ học được cách xây dựng chiến lược email follow-up một cách tuần tự cho cold email để tạo nhịp bán hàng hiệu quả.",UNKNOWN_NOT_IN_SOURCE,0,1,Gcalls Plus Webphone,HAS_FEATURED; body_images=2,NONE_DETECTED_IN_METADATA,IMPORT_THEN_REWRITE,BLOCKED_AWAITING_SCOPE_DECISION
BLOG-066,7 bước lập kế hoạch telesales hiệu quả,7-buoc-lap-ke-hoach-telesales-hieu-qua,/blog/7-buoc-lap-ke-hoach-telesales-hieu-qua/,LIVE_WORDPRESS_NOT_IN_SOURCE,Kiến thức|Telesales,HUB-03 Telesales và Sales Operations,informational-howto,VERIFY_REQUIRED,VERIFY_REQUIRED,VERIFY_REQUIRED,2584,2000-3000,STRONG,7 bước lập kế hoạch telesales hiệu quả,Lập kế hoạch telesales chưa bao giờ là dễ dàng. 7 bước sau đây sẽ giúp biến cuộc gọi bán hàng của bạn trở nên hiệu quả hơn bao giờ hết.,UNKNOWN_NOT_IN_SOURCE,0,1,Gcalls Plus Webphone,HAS_FEATURED; body_images=4,NONE_DETECTED_IN_METADATA,IMPORT_THEN_NORMALIZE,BLOCKED_AWAITING_SCOPE_DECISION
BLOG-067,5 điều về trải nghiệm khách hàng mà mọi nhân viên bán hàng nên biết,5-dieu-ve-trai-nghiem-khach-hang-moi-nhan-vien-ban-hang-nen-biet,/blog/5-dieu-ve-trai-nghiem-khach-hang-moi-nhan-vien-ban-hang-nen-biet/,LIVE_WORDPRESS_NOT_IN_SOURCE,Kiến thức,HUB-03 Telesales và Sales Operations,informational-general,VERIFY_REQUIRED,VERIFY_REQUIRED,VERIFY_REQUIRED,1417,1200-2000,ADEQUATE,5 điều về trải nghiệm khách hàng mà mọi nhân viên bán hàng nên biết,Trải nghiệm khách hàng và bán hàng là hai thế giới không thể tách rời. Để thúc đẩy việc bán hàng bạn cần hiểu rõ hơn về mối liên kết này.,UNKNOWN_NOT_IN_SOURCE,0,24,Gcalls Plus Webphone,HAS_FEATURED; body_images=4,NONE_DETECTED_IN_METADATA,IMPORT_THEN_REWRITE,BLOCKED_AWAITING_SCOPE_DECISION
BLOG-068,Cách bán hàng hiệu quả bằng giọng nói,cach-ban-hang-hieu-qua-bang-giong-noi,/blog/cach-ban-hang-hieu-qua-bang-giong-noi/,LIVE_WORDPRESS_NOT_IN_SOURCE,Bán hàng|Kiến thức,HUB-03 Telesales và Sales Operations,informational-howto,VERIFY_REQUIRED,VERIFY_REQUIRED,VERIFY_REQUIRED,1922,1200-2000,ADEQUATE,Cách bán hàng hiệu quả bằng giọng nói,"Khi khách hàng im lặng, có thể là vì họ không hiểu bạn đang nói gì. Vậy làm thế nào để giải quyết rào cản trên giúp bạn bán hàng hiệu quả?",UNKNOWN_NOT_IN_SOURCE,0,1,Gcalls Plus Webphone,HAS_FEATURED; body_images=3,NONE_DETECTED_IN_METADATA,IMPORT_THEN_REWRITE,BLOCKED_AWAITING_SCOPE_DECISION
BLOG-069,5 bước để thiết kế một kịch bản bán hàng thành công,5-buoc-de-thiet-ke-mot-kich-ban-ban-hang-thanh-cong,/blog/5-buoc-de-thiet-ke-mot-kich-ban-ban-hang-thanh-cong/,LIVE_WORDPRESS_NOT_IN_SOURCE,Bán hàng|Kiến thức,HUB-03 Telesales và Sales Operations,informational-howto,VERIFY_REQUIRED,VERIFY_REQUIRED,VERIFY_REQUIRED,1292,1200-2000,ADEQUATE,5 bước để thiết kế một kịch bản bán hàng thành công,Tham khảo ngay 5 bước để thiết kế một kịch bản bán hàng ấn tượng giúp mang lại một cuộc gọi thành công cho mọi nhân viên bán hàng.,UNKNOWN_NOT_IN_SOURCE,0,1,Gcalls Plus Webphone,HAS_FEATURED; body_images=5,NONE_DETECTED_IN_METADATA,IMPORT_THEN_REWRITE,BLOCKED_AWAITING_SCOPE_DECISION
BLOG-070,Đừng báo giá giải pháp trước khi truyền tải được giá trị đến khách hàng,dung-bao-gia-giai-phap-truoc-khi-truyen-tai-duoc-gia-tri-den-khach-hang,/blog/dung-bao-gia-giai-phap-truoc-khi-truyen-tai-duoc-gia-tri-den-khach-hang/,LIVE_WORDPRESS_NOT_IN_SOURCE,Bán hàng|Kiến thức,HUB-03 Telesales và Sales Operations,transactional,VERIFY_REQUIRED,VERIFY_REQUIRED,VERIFY_REQUIRED,1463,1200-2000,ADEQUATE,Đừng báo giá giải pháp trước khi truyền tải được giá trị đến khách hàng,"Báo giá giải pháp là một việc bắt buộc trong quy trình bán hàng. Tuy nhiên, liệu có nên báo giá cho khách hàng ngay từ đầu hay không?",UNKNOWN_NOT_IN_SOURCE,0,1,Gcalls Plus Webphone,HAS_FEATURED; body_images=4,NONE_DETECTED_IN_METADATA,IMPORT_THEN_REWRITE,BLOCKED_AWAITING_SCOPE_DECISION
BLOG-071,Mẫu bảng đánh giá nhân viên bán hàng mới nhất,mau-bang-danh-gia-nhan-vien-ban-hang,/blog/mau-bang-danh-gia-nhan-vien-ban-hang/,LIVE_WORDPRESS_NOT_IN_SOURCE,Bán hàng|Kiến thức,HUB-03 Telesales và Sales Operations,commercial-investigation,VERIFY_REQUIRED,VERIFY_REQUIRED,VERIFY_REQUIRED,2586,2000-3000,STRONG,Mẫu bảng đánh giá nhân viên bán hàng mới nhất,"Trong bài viết này, bạn sẽ được cung cấp thông tin về các điểm trọng tâm để đánh giá nhân viên bán hàng một cách nhanh chóng và hiệu quả.",UNKNOWN_NOT_IN_SOURCE,0,1,Gcalls Plus Webphone,HAS_FEATURED; body_images=2,NONE_DETECTED_IN_METADATA,IMPORT_THEN_NORMALIZE,BLOCKED_AWAITING_SCOPE_DECISION
BLOG-072,Cuộc họp đánh giá bán hàng hàng năm: 8 bước để thực hiện hiệu quả,8-buoc-quan-trong-de-thuc-hien-cuoc-hop-danh-gia-ban-hang-hang-nam,/blog/8-buoc-quan-trong-de-thuc-hien-cuoc-hop-danh-gia-ban-hang-hang-nam/,LIVE_WORDPRESS_NOT_IN_SOURCE,Bán hàng|Kiến thức,HUB-03 Telesales và Sales Operations,informational-howto,VERIFY_REQUIRED,VERIFY_REQUIRED,VERIFY_REQUIRED,2254,2000-3000,STRONG,Cuộc họp đánh giá bán hàng hàng năm: 8 bước để thực hiện hiệu quả,"Trong bài viết này, chúng tôi sẽ cung cấp cho bạn 8 bước quan trọng để thực hiện cuộc họp đánh giá bán hàng hàng năm một cách hiệu quả.",UNKNOWN_NOT_IN_SOURCE,0,1,Gcalls Plus Webphone,HAS_FEATURED; body_images=2,NONE_DETECTED_IN_METADATA,IMPORT_THEN_NORMALIZE,BLOCKED_AWAITING_SCOPE_DECISION
BLOG-073,Sales: Telesales và Telemarketing,telesales-va-telemarketing,/blog/telesales-va-telemarketing/,LIVE_WORDPRESS_NOT_IN_SOURCE,Bán hàng|Telesales,HUB-03 Telesales và Sales Operations,informational-general,VERIFY_REQUIRED,VERIFY_REQUIRED,VERIFY_REQUIRED,1241,1200-2000,ADEQUATE,Sales: Telesales và Telemarketing,"Nghề Telesales và Telemarketing nghe có vẻ tương tự việc bán và tiếp thị trên tivi. Tuy nhiên, điều này sẽ rất xa sự thật!",UNKNOWN_NOT_IN_SOURCE,0,1,Gcalls Plus Webphone,HAS_FEATURED; body_images=3,NONE_DETECTED_IN_METADATA,IMPORT_THEN_REWRITE,BLOCKED_AWAITING_SCOPE_DECISION
BLOG-074,Tuyển dụng Customer Success Engineer (IT Full Time),tuyen-dung-customer-success-engineer-it-full-time,/blog/tuyen-dung-customer-success-engineer-it-full-time/,LIVE_WORDPRESS_NOT_IN_SOURCE,Tuyển Dụng,HUB-08 Kiến thức vận hành doanh nghiệp,informational-general,VERIFY_REQUIRED,VERIFY_REQUIRED,VERIFY_REQUIRED,589,900-1200,THIN,Tuyển dụng Customer Success Engineer (IT Full Time) - Tổng đài ảo Gcalls,,UNKNOWN_NOT_IN_SOURCE,0,1,Gcalls Plus Webphone,HAS_FEATURED; body_images=1,NONE_DETECTED_IN_METADATA,IMPORT_THEN_REWRITE,BLOCKED_AWAITING_SCOPE_DECISION
BLOG-075,Tuyển dụng Customer Success Engineer (IT Internship),tuyen-dung-customer-success-engineer-internship,/blog/tuyen-dung-customer-success-engineer-internship/,LIVE_WORDPRESS_NOT_IN_SOURCE,Tuyển Dụng,HUB-08 Kiến thức vận hành doanh nghiệp,informational-general,VERIFY_REQUIRED,VERIFY_REQUIRED,VERIFY_REQUIRED,675,900-1200,BELOW_STANDARD,Tuyển dụng Customer Success Engineer (IT Internship) - Tổng đài ảo Gcalls,,UNKNOWN_NOT_IN_SOURCE,0,1,Gcalls Plus Webphone,HAS_FEATURED; body_images=1,NONE_DETECTED_IN_METADATA,IMPORT_THEN_REWRITE,BLOCKED_AWAITING_SCOPE_DECISION
BLOG-076,Tuyển dụng Chuyên Viên Tư Vấn Doanh Nghiệp FullTime,chuyen-vien-tu-van-doanh-nghiep,/blog/chuyen-vien-tu-van-doanh-nghiep/,LIVE_WORDPRESS_NOT_IN_SOURCE,Tuyển Dụng,HUB-08 Kiến thức vận hành doanh nghiệp,informational-general,VERIFY_REQUIRED,VERIFY_REQUIRED,VERIFY_REQUIRED,562,900-1200,THIN,Tuyển dụng Chuyên Viên Tư Vấn Doanh Nghiệp FullTime - Tổng đài ảo Gcalls,,UNKNOWN_NOT_IN_SOURCE,0,1,Gcalls Plus Webphone,HAS_FEATURED; body_images=1,NONE_DETECTED_IN_METADATA,IMPORT_THEN_REWRITE,BLOCKED_AWAITING_SCOPE_DECISION
BLOG-077,Tuyển dụng Thực Tập Sinh Tư Vấn Doanh Nghiệp,thuc-tap-sinh-tu-van-doanh-nghiep,/blog/thuc-tap-sinh-tu-van-doanh-nghiep/,LIVE_WORDPRESS_NOT_IN_SOURCE,Tuyển Dụng,HUB-08 Kiến thức vận hành doanh nghiệp,informational-general,VERIFY_REQUIRED,VERIFY_REQUIRED,VERIFY_REQUIRED,553,900-1200,THIN,Tuyển dụng Thực Tập Sinh Tư Vấn Doanh Nghiệp - Tổng đài ảo Gcalls,,UNKNOWN_NOT_IN_SOURCE,0,1,Gcalls Plus Webphone,HAS_FEATURED; body_images=1,price_unverified,IMPORT_THEN_REWRITE,BLOCKED_AWAITING_SCOPE_DECISION
BLOG-078,Chạy Quảng Cáo Trên Shopee Từ A Đến Z,chay-quang-cao-tren-shopee-tu-a-den-z,/blog/chay-quang-cao-tren-shopee-tu-a-den-z/,LIVE_WORDPRESS_NOT_IN_SOURCE,Uncategorized,HUB-08 Kiến thức vận hành doanh nghiệp,informational-general,VERIFY_REQUIRED,VERIFY_REQUIRED,VERIFY_REQUIRED,1139,900-1200,ADEQUATE_SHORT,Chạy Quảng Cáo Trên Shopee Từ A Đến Z,Các bước chạy quảng cáo shop trên Shopee. Cách quảng cáo sản phẩm trên Shopee. Làm thế nào quảng cáo trên Shopee từ A đến Z?,UNKNOWN_NOT_IN_SOURCE,0,2,Gcalls Plus Webphone,HAS_FEATURED; body_images=3,NONE_DETECTED_IN_METADATA,IMPORT_THEN_REWRITE,BLOCKED_AWAITING_SCOPE_DECISION
BLOG-079,SMS Marketing Là Gì? Vì Sao Bạn Nên Dùng SMS Marketing?,sms-marketing-la-gi-vi-sao-ban-nen-dung-sms-marketing,/blog/sms-marketing-la-gi-vi-sao-ban-nen-dung-sms-marketing/,LIVE_WORDPRESS_NOT_IN_SOURCE,Bán hàng,HUB-08 Kiến thức vận hành doanh nghiệp,informational-definition,VERIFY_REQUIRED,VERIFY_REQUIRED,VERIFY_REQUIRED,1376,1200-2000,ADEQUATE,SMS Marketing Là Gì? Vì Sao Bạn Nên Dùng SMS Marketing? -,Bạn có nghe nói rằng SMS marketing ecommerce packages là gì chưa? Đây là một kênh quảng cáo rất hiệu quả; đặc biệt là dịch vụ trực tuyến.,UNKNOWN_NOT_IN_SOURCE,0,3,Gcalls Plus Webphone,HAS_FEATURED; body_images=4,NONE_DETECTED_IN_METADATA,IMPORT_THEN_REWRITE,BLOCKED_AWAITING_SCOPE_DECISION
BLOG-080,Phần Mềm SMS Marketing Và Những Điều Cần Biết,phan-mem-sms-marketing-va-nhung-dieu-can-biet,/blog/phan-mem-sms-marketing-va-nhung-dieu-can-biet/,LIVE_WORDPRESS_NOT_IN_SOURCE,Uncategorized,HUB-08 Kiến thức vận hành doanh nghiệp,informational-general,VERIFY_REQUIRED,VERIFY_REQUIRED,VERIFY_REQUIRED,1055,900-1200,ADEQUATE_SHORT,Phần Mềm SMS Marketing Và Những Điều Cần Biết,Tìm hiểu về phần mềm SMS marketing. Phần mềm gửi tin nhắn SMS marketing là gì? Dịch vụ SMS marketing có cần thiết không,UNKNOWN_NOT_IN_SOURCE,0,3,Gcalls Plus Webphone,HAS_FEATURED; body_images=5,NONE_DETECTED_IN_METADATA,IMPORT_THEN_REWRITE,BLOCKED_AWAITING_SCOPE_DECISION
BLOG-081,Dịch Vụ Tin Nhắn SMS Brandname Là Gì?,dich-vu-tin-nhan-sms-brandname-la-gi,/blog/dich-vu-tin-nhan-sms-brandname-la-gi/,LIVE_WORDPRESS_NOT_IN_SOURCE,Kiến thức,HUB-08 Kiến thức vận hành doanh nghiệp,informational-definition,VERIFY_REQUIRED,VERIFY_REQUIRED,VERIFY_REQUIRED,1248,1200-2000,ADEQUATE,Dịch Vụ Tin Nhắn SMS Brandname Là Gì?,"Ở đâu cung cấp, cho thuê dịch vụ tin nhắn sms Brandname tốt nhất? Lợi ích của Brandname là gì? Mời bạn cùng GCall tìm hiểu ngay nhé!",UNKNOWN_NOT_IN_SOURCE,0,2,Gcalls Plus Webphone,HAS_FEATURED; body_images=5,NONE_DETECTED_IN_METADATA,IMPORT_THEN_REWRITE,BLOCKED_AWAITING_SCOPE_DECISION
BLOG-082,"Sms Brandname Là Gì, Gồm Mấy Loại Và Có Lợi Ích Gì Cho Doanh Nghiệp?",sms-brandname-la-gi-gom-may-loai-va-co-loi-ich-gi-cho-doanh-nghiep,/blog/sms-brandname-la-gi-gom-may-loai-va-co-loi-ich-gi-cho-doanh-nghiep/,LIVE_WORDPRESS_NOT_IN_SOURCE,Marketing,HUB-08 Kiến thức vận hành doanh nghiệp,informational-definition,VERIFY_REQUIRED,VERIFY_REQUIRED,VERIFY_REQUIRED,949,900-1200,ADEQUATE_SHORT,"Sms Brandname Là Gì, Gồm Mấy Loại Và Có Lợi Ích Gì? - Gcalls","Mời bạn cùng GCALLS tìm hiểu định nghĩa SMS Brandname là gì trong marketing, có mấy loại và lợi ích của nó mang đến cho doanh nghiệp nhé",UNKNOWN_NOT_IN_SOURCE,0,1,Gcalls Plus Webphone,HAS_FEATURED; body_images=4,NONE_DETECTED_IN_METADATA,IMPORT_THEN_REWRITE,BLOCKED_AWAITING_SCOPE_DECISION
BLOG-083,Phần Mềm SMS Brandname Nào Tốt Nhất?,phan-mem-sms-brandname-nao-tot-nhat,/blog/phan-mem-sms-brandname-nao-tot-nhat/,LIVE_WORDPRESS_NOT_IN_SOURCE,Chăm sóc khách hàng,HUB-04 Customer Service và Customer Experience,commercial-investigation,VERIFY_REQUIRED,VERIFY_REQUIRED,VERIFY_REQUIRED,1223,1200-2000,ADEQUATE,Phần Mềm SMS Brandname Nào Tốt Nhất? -,"Hôm nay bài viết này sẽ gửi đến bạn top 5 phần mềm quảng cáo, tin nhắn SMS Brandname chuyên nghiệp và tốt nhất. Cùng tìm hiểu nhé!",UNKNOWN_NOT_IN_SOURCE,0,3,Gcalls CX,HAS_FEATURED; body_images=4,NONE_DETECTED_IN_METADATA,IMPORT_THEN_REWRITE,BLOCKED_AWAITING_SCOPE_DECISION
BLOG-084,SMS Marketing Giá Rẻ – Báo Giá Nhanh – Hiệu Quả Hàng Đầu,sms-marketing-gia-re-bao-gia-nhanh-hieu-qua-hang-dau,/blog/sms-marketing-gia-re-bao-gia-nhanh-hieu-qua-hang-dau/,LIVE_WORDPRESS_NOT_IN_SOURCE,Bán hàng|Marketing,HUB-08 Kiến thức vận hành doanh nghiệp,transactional,VERIFY_REQUIRED,VERIFY_REQUIRED,VERIFY_REQUIRED,1109,900-1200,ADEQUATE_SHORT,SMS Marketing Giá Rẻ - Báo Giá Nhanh - Hiệu Quả Hàng Đầu,Tìm dịch vụ SMS marketing giá rẻ nhưng hiệu quả và uy tín. Báo giá dịch vụ SMS marketing nhanh chóng nhất. Tư vấn chuyên nghiệp,UNKNOWN_NOT_IN_SOURCE,0,3,Gcalls Plus Webphone,HAS_FEATURED; body_images=3,NONE_DETECTED_IN_METADATA,IMPORT_THEN_REWRITE,BLOCKED_AWAITING_SCOPE_DECISION
BLOG-085,"SMS Brandname Giá Rẻ, Uy Tín Tại Gcalls",sms-brandname-gia-re-uy-tin-tai-gcalls,/blog/sms-brandname-gia-re-uy-tin-tai-gcalls/,LIVE_WORDPRESS_NOT_IN_SOURCE,Bán hàng,HUB-09 Hướng dẫn sử dụng Gcalls,transactional,VERIFY_REQUIRED,VERIFY_REQUIRED,VERIFY_REQUIRED,1169,900-1200,ADEQUATE_SHORT,"SMS Brandname Giá Rẻ, Uy Tín Tại Gcalls -",Vậy dịch vụ SMS Brandname giá rẻ có đáng tin cậy không? Bảng giá dịch vụ chi phí SMS Brandname là bao nhiêu? Cùng tìm hiểu cụ thể nhé!,UNKNOWN_NOT_IN_SOURCE,0,3,Gcalls Plus Webphone,HAS_FEATURED; body_images=3,NONE_DETECTED_IN_METADATA,IMPORT_THEN_REWRITE,BLOCKED_AWAITING_SCOPE_DECISION
BLOG-086,Học Ngay 5 Kinh Nghiệm Bán Hàng Trên Shopee Cực Hiệu Quả 2022,hoc-ngay-5-kinh-nghiem-ban-hang-tren-shopee,/blog/hoc-ngay-5-kinh-nghiem-ban-hang-tren-shopee/,LIVE_WORDPRESS_NOT_IN_SOURCE,Bán hàng,HUB-03 Telesales và Sales Operations,informational-general,VERIFY_REQUIRED,VERIFY_REQUIRED,VERIFY_REQUIRED,1617,1200-2000,ADEQUATE,Học Ngay 5 Kinh Nghiệm Bán Hàng Trên Shopee Cực Hiệu Quả 2022,Tìm hiểu nguyên nhân khiến việc kinh doanh shopee không hiệu quả và những chia sẻ về kinh nghiệm bán hàng trên shopee hiệu quả ngay nhé!,UNKNOWN_NOT_IN_SOURCE,0,3,Gcalls Plus Webphone,HAS_FEATURED; body_images=5,NONE_DETECTED_IN_METADATA,IMPORT_THEN_REWRITE,BLOCKED_AWAITING_SCOPE_DECISION
BLOG-087,"Kinh Nghiệm Kinh Doanh Shopee, Bán Hàng Online Hiệu Quả",kinh-nghiem-kinh-doanh-shopee-ban-hang-online,/blog/kinh-nghiem-kinh-doanh-shopee-ban-hang-online/,LIVE_WORDPRESS_NOT_IN_SOURCE,Kiến thức|Marketing|Marketing + Branding,HUB-08 Kiến thức vận hành doanh nghiệp,informational-general,VERIFY_REQUIRED,VERIFY_REQUIRED,VERIFY_REQUIRED,1648,1200-2000,ADEQUATE,"Kinh Nghiệm Kinh Doanh Shopee, Bán Hàng Online Hiệu Quả",Kinh nghiệm kinh doanh trên shopee và bán hàng online dành cho người mới bắt đầu là gì? Cùng tìm hiểu ngay qua bài viết sau đây nhé!,UNKNOWN_NOT_IN_SOURCE,0,3,Gcalls Plus Webphone,HAS_FEATURED; body_images=3,NONE_DETECTED_IN_METADATA,IMPORT_THEN_REWRITE,BLOCKED_AWAITING_SCOPE_DECISION
BLOG-088,Shopee Template Và Cách Thiết Kế Chi Tiết Trên Canva,shopee-template-va-cach-thiet-ke-chi-tiet-tren-canva,/blog/shopee-template-va-cach-thiet-ke-chi-tiet-tren-canva/,LIVE_WORDPRESS_NOT_IN_SOURCE,Kiến thức|Marketing|Marketing + Branding,HUB-08 Kiến thức vận hành doanh nghiệp,informational-howto,VERIFY_REQUIRED,VERIFY_REQUIRED,VERIFY_REQUIRED,1456,1200-2000,ADEQUATE,Shopee Template Và Cách Thiết Kế Chi Tiết Trên Canva,Làm cách nào để thiết kế Template đẹp cho Shopee bằng Canva? Cùng GCALLS khám phá ngay qua bài viết này liền nhé!,UNKNOWN_NOT_IN_SOURCE,0,7,Gcalls Plus Webphone,HAS_FEATURED; body_images=4,NONE_DETECTED_IN_METADATA,IMPORT_THEN_REWRITE,BLOCKED_AWAITING_SCOPE_DECISION
BLOG-089,Khóa Học Bán Hàng Trên Shopee Nào Hiệu Quả Nhất,khoa-hoc-ban-hang-tren-shopee-nao-hieu-qua-nhat,/blog/khoa-hoc-ban-hang-tren-shopee-nao-hieu-qua-nhat/,LIVE_WORDPRESS_NOT_IN_SOURCE,Kiến thức,HUB-03 Telesales và Sales Operations,informational-general,VERIFY_REQUIRED,VERIFY_REQUIRED,VERIFY_REQUIRED,1602,1200-2000,ADEQUATE,Khóa Học Bán Hàng Trên Shopee Nào Hiệu Quả Nhất,"Cũng chính vì thế, các khóa học, lớp học online bán hàng trên Shopee ra đời. Vậy khóa học nào là tốt nhất? Cùng tìm hiểu nhé!",UNKNOWN_NOT_IN_SOURCE,0,7,Gcalls Plus Webphone,HAS_FEATURED; body_images=5,NONE_DETECTED_IN_METADATA,IMPORT_THEN_REWRITE,BLOCKED_AWAITING_SCOPE_DECISION
BLOG-090,Khóa Học Kinh Doanh Shopee Hiệu Quả Trong Top 3,khoa-hoc-kinh-doanh-shopee-hieu-qua-trong-top-3,/blog/khoa-hoc-kinh-doanh-shopee-hieu-qua-trong-top-3/,LIVE_WORDPRESS_NOT_IN_SOURCE,Kiến thức,HUB-08 Kiến thức vận hành doanh nghiệp,commercial-investigation,VERIFY_REQUIRED,VERIFY_REQUIRED,VERIFY_REQUIRED,1313,1200-2000,ADEQUATE,Khóa Học Kinh Doanh Shopee Hiệu Quả Trong Top 3 -,"Vậy thì bạn cần có các chiến lược bán hàng cụ thể, và các khóa học chạy quảng cáo, kinh doanh trên Shopee online là dành riêng cho bạn.",UNKNOWN_NOT_IN_SOURCE,0,3,Gcalls Plus Webphone,HAS_FEATURED; body_images=4,NONE_DETECTED_IN_METADATA,IMPORT_THEN_REWRITE,BLOCKED_AWAITING_SCOPE_DECISION
BLOG-091,Cách Tối Ưu Sản Phẩm Trên Shopee Hiệu Quả Nhất,cach-toi-uu-san-pham-tren-shopee-hieu-qua-nhat,/blog/cach-toi-uu-san-pham-tren-shopee-hieu-qua-nhat/,LIVE_WORDPRESS_NOT_IN_SOURCE,Uncategorized,HUB-08 Kiến thức vận hành doanh nghiệp,informational-howto,VERIFY_REQUIRED,VERIFY_REQUIRED,VERIFY_REQUIRED,1050,900-1200,ADEQUATE_SHORT,Cách Tối Ưu Sản Phẩm Trên Shopee Hiệu Quả Nhất,Tại sao phải biết cách tối ưu SEO trên Shopee? Cách tối ưu sản phẩm trên Shopee hiệu quả nhất dành cho các chủ gian hàng,UNKNOWN_NOT_IN_SOURCE,0,0,Gcalls Plus Webphone,HAS_FEATURED; body_images=3,NONE_DETECTED_IN_METADATA,IMPORT_THEN_REWRITE,BLOCKED_AWAITING_SCOPE_DECISION
BLOG-092,Cách Thiết Kế Gian Hàng Trên Lazada 2022,cach-thiet-ke-gian-hang-tren-lazada,/blog/cach-thiet-ke-gian-hang-tren-lazada/,LIVE_WORDPRESS_NOT_IN_SOURCE,Kiến thức,HUB-08 Kiến thức vận hành doanh nghiệp,informational-howto,VERIFY_REQUIRED,VERIFY_REQUIRED,VERIFY_REQUIRED,1008,900-1200,ADEQUATE_SHORT,Cách Thiết Kế Gian Hàng Trên Lazada 2022 -,"Nếu chưa, mời bạn cùng xem qua cách thiết kế shop, gian hàng, banner, logo trên Lazada ấn tượng; để đánh bại các đối thủ khác trên sàn nhé!",UNKNOWN_NOT_IN_SOURCE,0,3,Gcalls Plus Webphone,HAS_FEATURED; body_images=5,NONE_DETECTED_IN_METADATA,IMPORT_THEN_REWRITE,BLOCKED_AWAITING_SCOPE_DECISION
BLOG-093,Dịch Vụ Call Center Là Gì? Công Ty Cung Cấp Uy Tín Nhất,dich-vu-call-center-la-gi-cong-ty-cung-cap-uy-tin-nhat,/blog/dich-vu-call-center-la-gi-cong-ty-cung-cap-uy-tin-nhat/,LIVE_WORDPRESS_NOT_IN_SOURCE,Uncategorized,HUB-01 Tổng đài và Call Center,informational-definition,VERIFY_REQUIRED,VERIFY_REQUIRED,VERIFY_REQUIRED,1054,900-1200,ADEQUATE_SHORT,Dịch Vụ Call Center Là Gì? Công Ty Cung Cấp Uy Tín Nhất,Dịch vụ Call Center là gì? Đâu là công ty cung cấp dịch vụ Call Center chất lượng nhất? Có nên thuê dịch vụ Call Center hay không?,UNKNOWN_NOT_IN_SOURCE,0,3,Cloud Call Center / Gcalls Plus Webphone,HAS_FEATURED; body_images=3,NONE_DETECTED_IN_METADATA,IMPORT_THEN_REWRITE,BLOCKED_AWAITING_SCOPE_DECISION
BLOG-094,Tổng Đài Ảo Miễn Phí Là Gì? Top 5+ Tổng Đài Ảo Miễn Phí CRM,tong-dai-ao-mien-phi-la-gi-top-5-tong-dai-ao-mien-phi-crm,/blog/tong-dai-ao-mien-phi-la-gi-top-5-tong-dai-ao-mien-phi-crm/,LIVE_WORDPRESS_NOT_IN_SOURCE,Uncategorized,HUB-01 Tổng đài và Call Center,informational-definition,VERIFY_REQUIRED,VERIFY_REQUIRED,VERIFY_REQUIRED,1398,1200-2000,ADEQUATE,Tổng Đài Ảo Miễn Phí Là Gì? Top 5+ Tổng Đài Ảo Miễn Phí CRM,Tìm hiểu tổng đài ảo miễn phí là gì? Chất lượng thoại tổng đài ảo đối với các doanh nghiệp như thế nào? Hãy cùng Gcalls tìm hiểu bạn nhé!,UNKNOWN_NOT_IN_SOURCE,0,3,Cloud Call Center / Gcalls Plus Webphone,HAS_FEATURED; body_images=6,NONE_DETECTED_IN_METADATA,IMPORT_THEN_REWRITE,BLOCKED_AWAITING_SCOPE_DECISION
BLOG-095,Tổng Đài Ảo Là Gì? Lợi Ích Hàng Đầu Dành Cho Doanh Nghiệp,tong-dai-ao-la-gi-loi-ich-hang-dau-danh-cho-doanh-nghiep,/blog/tong-dai-ao-la-gi-loi-ich-hang-dau-danh-cho-doanh-nghiep/,LIVE_WORDPRESS_NOT_IN_SOURCE,Uncategorized,HUB-01 Tổng đài và Call Center,informational-definition,VERIFY_REQUIRED,VERIFY_REQUIRED,VERIFY_REQUIRED,1098,900-1200,ADEQUATE_SHORT,Tổng Đài Ảo Là Gì? Lợi Ích Hàng Đầu Dành Cho Doanh Nghiệp,Dịch vụ tổng đài ảo là gì? Giải pháp tổng đài điện thoại cho doanh nghiệp. Tổng đài thời công nghệ 4.0. Làm rõ các chức năng của tổng đài ảo,UNKNOWN_NOT_IN_SOURCE,0,2,Cloud Call Center / Gcalls Plus Webphone,HAS_FEATURED; body_images=4,NONE_DETECTED_IN_METADATA,IMPORT_THEN_REWRITE,BLOCKED_AWAITING_SCOPE_DECISION
BLOG-096,Tổng Đài Nội Bộ Ảo Khác Tổng Đài Ảo Điểm Nào?,tong-dai-noi-bo-ao-khac-tong-dai-ao-diem-nao,/blog/tong-dai-noi-bo-ao-khac-tong-dai-ao-diem-nao/,LIVE_WORDPRESS_NOT_IN_SOURCE,Kiến thức,HUB-01 Tổng đài và Call Center,informational-general,VERIFY_REQUIRED,VERIFY_REQUIRED,VERIFY_REQUIRED,1185,900-1200,ADEQUATE_SHORT,Tổng Đài Nội Bộ Ảo Khác Tổng Đài Ảo Điểm Nào? -,"Do tính tiện lợi và ứng dụng thông minh, hệ thống điện thoại ảo đã được doanh nghiệp quan tâm. Vậy tổng đài ảo và nội bộ có gì khác nhau?",UNKNOWN_NOT_IN_SOURCE,0,4,Cloud Call Center / Gcalls Plus Webphone,HAS_FEATURED; body_images=4,NONE_DETECTED_IN_METADATA,IMPORT_THEN_REWRITE,BLOCKED_AWAITING_SCOPE_DECISION
BLOG-097,Giải Pháp Tổng Đài Ảo Không Dây Có Gì Tốt?,giai-phap-tong-dai-ao-khong-day-co-gi-tot,/blog/giai-phap-tong-dai-ao-khong-day-co-gi-tot/,LIVE_WORDPRESS_NOT_IN_SOURCE,Kiến thức,HUB-01 Tổng đài và Call Center,informational-general,VERIFY_REQUIRED,VERIFY_REQUIRED,VERIFY_REQUIRED,1339,1200-2000,ADEQUATE,Giải Pháp Tổng Đài Ảo Không Dây Có Gì Tốt?,Các giải pháp tổng đài không dây ip cho doanh nghiệp lớn là một dịch vụ điện thoại là giải pháp được ứng dụng nhiều và mang đến nhiều lợi ích,UNKNOWN_NOT_IN_SOURCE,0,3,Cloud Call Center / Gcalls Plus Webphone,HAS_FEATURED; body_images=4,NONE_DETECTED_IN_METADATA,IMPORT_THEN_REWRITE,BLOCKED_AWAITING_SCOPE_DECISION
BLOG-098,Tuyển dụng UI/UX Intern,tuyen-dung-product-designer-ui-ux-intern,/blog/tuyen-dung-product-designer-ui-ux-intern/,LIVE_WORDPRESS_NOT_IN_SOURCE,Tuyển Dụng,HUB-08 Kiến thức vận hành doanh nghiệp,informational-general,VERIFY_REQUIRED,VERIFY_REQUIRED,VERIFY_REQUIRED,439,900-1200,THIN,Tuyển dụng UI/UX Intern - Tổng đài ảo Gcalls,,UNKNOWN_NOT_IN_SOURCE,0,1,Gcalls Plus Webphone,HAS_FEATURED; body_images=0,NONE_DETECTED_IN_METADATA,IMPORT_THEN_REWRITE,BLOCKED_AWAITING_SCOPE_DECISION
BLOG-099,Tuyển dụng Customer Success Specialist Intern,tuyen-dung-customer-success-specialist-intern,/blog/tuyen-dung-customer-success-specialist-intern/,LIVE_WORDPRESS_NOT_IN_SOURCE,Tuyển Dụng,HUB-08 Kiến thức vận hành doanh nghiệp,informational-general,VERIFY_REQUIRED,VERIFY_REQUIRED,VERIFY_REQUIRED,803,900-1200,BELOW_STANDARD,Tuyển dụng Customer Success Specialist Intern - Tổng đài ảo Gcalls,,UNKNOWN_NOT_IN_SOURCE,0,1,Gcalls Plus Webphone,HAS_FEATURED; body_images=0,NONE_DETECTED_IN_METADATA,IMPORT_THEN_REWRITE,BLOCKED_AWAITING_SCOPE_DECISION
BLOG-100,Tổng Đài Công Nghệ Là Gì? Có Nên Đầu Tư Vào Tổng Đài Ảo?,tong-dai-cong-nghe-la-gi-co-nen-dau-tu-vao-tong-dai-ao,/blog/tong-dai-cong-nghe-la-gi-co-nen-dau-tu-vao-tong-dai-ao/,LIVE_WORDPRESS_NOT_IN_SOURCE,Kiến thức|Trang Chủ,HUB-01 Tổng đài và Call Center,informational-definition,VERIFY_REQUIRED,VERIFY_REQUIRED,VERIFY_REQUIRED,1804,1200-2000,ADEQUATE,Tổng Đài Công Nghệ Là Gì? Có Nên Đầu Tư Vào Tổng Đài Ảo?,Giải pháp tổng đài công nghệ ip tích hợp CRM là xu thế của các doanh nghiệp được ứng dụng trong các mô hình chăm sóc khách hàng.,UNKNOWN_NOT_IN_SOURCE,0,6,Cloud Call Center / Gcalls Plus Webphone,HAS_FEATURED; body_images=4,NONE_DETECTED_IN_METADATA,IMPORT_THEN_REWRITE,BLOCKED_AWAITING_SCOPE_DECISION
BLOG-101,HR Intern,hr-intern,/blog/hr-intern/,LIVE_WORDPRESS_NOT_IN_SOURCE,Tuyển Dụng,HUB-08 Kiến thức vận hành doanh nghiệp,informational-general,VERIFY_REQUIRED,VERIFY_REQUIRED,VERIFY_REQUIRED,538,900-1200,THIN,HR Intern - Tổng đài ảo Gcalls,,UNKNOWN_NOT_IN_SOURCE,0,1,Gcalls Plus Webphone,HAS_FEATURED; body_images=0,NONE_DETECTED_IN_METADATA,IMPORT_THEN_REWRITE,BLOCKED_AWAITING_SCOPE_DECISION
BLOG-102,Marketing Automation Là Gì? Những Thông Tin Cần Biết,marketing-automation-la-gi-nhung-thong-tin-can-biet,/blog/marketing-automation-la-gi-nhung-thong-tin-can-biet/,LIVE_WORDPRESS_NOT_IN_SOURCE,Kiến thức,"HUB-06 Voicebot, AI và tự động hóa",informational-definition,VERIFY_REQUIRED,VERIFY_REQUIRED,VERIFY_REQUIRED,1017,900-1200,ADEQUATE_SHORT,Marketing Automation Là Gì? Những Thông Tin Cần Biết,Marketing Automation là gì? CRM Marketing Automation là phương diện đang được nhiều doanh nghiệp quan tâm vì giá thành rẻ; tối ưu hiệu quả,UNKNOWN_NOT_IN_SOURCE,0,2,Giải pháp tích hợp Voicebot AI,HAS_FEATURED; body_images=3,NONE_DETECTED_IN_METADATA,IMPORT_THEN_REWRITE,BLOCKED_AWAITING_SCOPE_DECISION
BLOG-103,Customer Success Specialist Fulltime,tuyen-dung-customer-success-specialist-fulltime,/blog/tuyen-dung-customer-success-specialist-fulltime/,LIVE_WORDPRESS_NOT_IN_SOURCE,Tuyển Dụng,HUB-08 Kiến thức vận hành doanh nghiệp,informational-general,VERIFY_REQUIRED,VERIFY_REQUIRED,VERIFY_REQUIRED,733,900-1200,BELOW_STANDARD,Customer Success Specialist Fulltime - Tổng đài ảo Gcalls,,UNKNOWN_NOT_IN_SOURCE,0,1,Gcalls Plus Webphone,HAS_FEATURED; body_images=0,NONE_DETECTED_IN_METADATA,IMPORT_THEN_REWRITE,BLOCKED_AWAITING_SCOPE_DECISION
BLOG-104,Customer Success Engineer Fulltime,customer-success-engineer-fulltime,/blog/customer-success-engineer-fulltime/,LIVE_WORDPRESS_NOT_IN_SOURCE,Tuyển Dụng,HUB-08 Kiến thức vận hành doanh nghiệp,informational-general,VERIFY_REQUIRED,VERIFY_REQUIRED,VERIFY_REQUIRED,465,900-1200,THIN,Customer Success Engineer Fulltime - Tổng đài ảo Gcalls,,UNKNOWN_NOT_IN_SOURCE,0,1,Gcalls Plus Webphone,HAS_FEATURED; body_images=0,NONE_DETECTED_IN_METADATA,IMPORT_THEN_REWRITE,BLOCKED_AWAITING_SCOPE_DECISION
BLOG-105,Kế Hoạch Chăm Sóc Khách Hàng Cũ Hiệu Quả Nhất,ke-hoach-cham-soc-khach-hang-cu-hieu-qua-nhat,/blog/ke-hoach-cham-soc-khach-hang-cu-hieu-qua-nhat/,LIVE_WORDPRESS_NOT_IN_SOURCE,Kiến thức,HUB-04 Customer Service và Customer Experience,informational-general,VERIFY_REQUIRED,VERIFY_REQUIRED,VERIFY_REQUIRED,1213,1200-2000,ADEQUATE,Kế Hoạch Chăm Sóc Khách Hàng Cũ Hiệu Quả Nhất -,Kế hoạch chăm sóc khách hàng cũ như thế nào là hợp lý. Quy trình chăm sóc khách hàng cũ như thế nào là cần thiết đối với doanh nghiệp,UNKNOWN_NOT_IN_SOURCE,0,2,Gcalls CX,HAS_FEATURED; body_images=4,NONE_DETECTED_IN_METADATA,IMPORT_THEN_REWRITE,BLOCKED_AWAITING_SCOPE_DECISION
BLOG-106,Hotline Là Gì? Có Những Loại Đầu Số Hotline Nào Hiện Nay?,hotline-la-gi-co-nhung-loai-dau-so-hotline-nao-hien-nay,/blog/hotline-la-gi-co-nhung-loai-dau-so-hotline-nao-hien-nay/,LIVE_WORDPRESS_NOT_IN_SOURCE,Kiến thức,HUB-01 Tổng đài và Call Center,informational-definition,VERIFY_REQUIRED,VERIFY_REQUIRED,VERIFY_REQUIRED,1533,1200-2000,ADEQUATE,Hotline Là Gì? Có Những Loại Đầu Số Hotline Nào Hiện Nay?,số điện thoại hotline là gì? Chọn hotline cho tổng đài công ty như thế nào? Cùng Gcalls tìm hiểu ngay trong bài viết này nhé!,UNKNOWN_NOT_IN_SOURCE,0,3,Cloud Call Center / Gcalls Plus Webphone,HAS_FEATURED; body_images=5,NONE_DETECTED_IN_METADATA,IMPORT_THEN_REWRITE,BLOCKED_AWAITING_SCOPE_DECISION
BLOG-107,IVR Là Gì? Và Những Điều Cần Biết Về IVR,ivr-la-gi-va-nhung-dieu-can-biet-ve,/blog/ivr-la-gi-va-nhung-dieu-can-biet-ve/,LIVE_WORDPRESS_NOT_IN_SOURCE,Kiến thức,HUB-01 Tổng đài và Call Center,informational-definition,VERIFY_REQUIRED,VERIFY_REQUIRED,VERIFY_REQUIRED,1325,1200-2000,ADEQUATE,IVR Là Gì? Và Những Điều Cần Biết Về IVR,IVR là gì? Chúng có chức năng và tác dụng như thế nào trong hệ thống tổng đài của doanh nghiệp? Cùng GCALLS khám phá ngay nhé!,UNKNOWN_NOT_IN_SOURCE,0,4,Cloud Call Center / Gcalls Plus Webphone,HAS_FEATURED; body_images=3,NONE_DETECTED_IN_METADATA,IMPORT_THEN_REWRITE,BLOCKED_AWAITING_SCOPE_DECISION
BLOG-108,Quy Trình Chăm Sóc Khách Hàng Sau Bán Hàng,quy-trinh-cham-soc-khach-hang-sau-ban-hang,/blog/quy-trinh-cham-soc-khach-hang-sau-ban-hang/,LIVE_WORDPRESS_NOT_IN_SOURCE,Kiến thức,HUB-03 Telesales và Sales Operations,informational-general,VERIFY_REQUIRED,VERIFY_REQUIRED,VERIFY_REQUIRED,1049,900-1200,ADEQUATE_SHORT,Quy Trình Chăm Sóc Khách Hàng Sau Bán Hàng - Tổng đài ảo Gcalls,Vậy quy trình và cách chăm sóc khách hàng sau bán hàng như thế nào là hiệu quả? Cùng tìm hiểu cụ thể và chi tiết nhất qua bài viết sau nhé!,UNKNOWN_NOT_IN_SOURCE,0,3,Gcalls Plus Webphone,HAS_FEATURED; body_images=4,NONE_DETECTED_IN_METADATA,IMPORT_THEN_REWRITE,BLOCKED_AWAITING_SCOPE_DECISION
BLOG-109,ACD Là Gì? Ứng Dụng Thực Tế Của ACD Vào Call Center,acd-la-gi-ung-dung-thuc-te-cua-acd-vao-call-center,/blog/acd-la-gi-ung-dung-thuc-te-cua-acd-vao-call-center/,LIVE_WORDPRESS_NOT_IN_SOURCE,Kiến thức,HUB-01 Tổng đài và Call Center,informational-definition,VERIFY_REQUIRED,VERIFY_REQUIRED,VERIFY_REQUIRED,1290,1200-2000,ADEQUATE,ACD Là Gì? Ứng Dụng Thực Tế Của ACD Vào Call Center,ACD (ACD automatic call distribution) là gì - tính năng phân bổ cuộc gọi tự động được ví như trái tim của Contact Center. Cùng tìm hiểu ngay.,UNKNOWN_NOT_IN_SOURCE,0,2,Cloud Call Center / Gcalls Plus Webphone,HAS_FEATURED; body_images=4,NONE_DETECTED_IN_METADATA,IMPORT_THEN_REWRITE,BLOCKED_AWAITING_SCOPE_DECISION
BLOG-110,Dịch Vụ Tổng Đài Ảo – 13 Tính Năng Nổi Bật,dich-vu-tong-dai-ao-13-tinh-nang-noi-bat,/blog/dich-vu-tong-dai-ao-13-tinh-nang-noi-bat/,LIVE_WORDPRESS_NOT_IN_SOURCE,Kiến thức,HUB-01 Tổng đài và Call Center,informational-general,VERIFY_REQUIRED,VERIFY_REQUIRED,VERIFY_REQUIRED,1152,900-1200,ADEQUATE_SHORT,Dịch Vụ Tổng Đài Ảo - 13 Tính Năng Nổi Bật - Tổng đài ảo Gcalls,Gcalls sẽ giới thiệu chi tiết tất tần tật về dịch vụ tổng đài ảo để mọi người có thể đọc hiểu dễ dàng. Và áp dụng vào công việc kinh doanh,UNKNOWN_NOT_IN_SOURCE,0,3,Cloud Call Center / Gcalls Plus Webphone,HAS_FEATURED; body_images=2,NONE_DETECTED_IN_METADATA,IMPORT_THEN_REWRITE,BLOCKED_AWAITING_SCOPE_DECISION
BLOG-111,SIP Trunk Là Gì? Lợi Ích Dịch Vụ Này Mang Đến Như Thế Nào?,sip-trunk-la-gi-loi-ich-dich-vu-nay-mang-den-nhu-the-nao,/blog/sip-trunk-la-gi-loi-ich-dich-vu-nay-mang-den-nhu-the-nao/,LIVE_WORDPRESS_NOT_IN_SOURCE,Kiến thức,HUB-08 Kiến thức vận hành doanh nghiệp,informational-definition,VERIFY_REQUIRED,VERIFY_REQUIRED,VERIFY_REQUIRED,1124,900-1200,ADEQUATE_SHORT,SIP Trunk Là Gì? Lợi Ích Dịch Vụ Này Mang Đến Như Thế Nào? -,dịch vụ SIP Trunking còn giúp ổn định hệ thống và tăng độ tin cậy hiệu quả. Vậy SIP Trunk là gì? Hãy cùng Gcalls tìm hiểu nhé!,UNKNOWN_NOT_IN_SOURCE,0,3,Gcalls Plus Webphone,HAS_FEATURED; body_images=4,NONE_DETECTED_IN_METADATA,IMPORT_THEN_REWRITE,BLOCKED_AWAITING_SCOPE_DECISION
BLOG-112,Số Tổng Đài 1800 Là Gì? Hướng Dẫn Đăng Ký Đầu Số 1800 Đơn Giản,so-tong-dai-1800-la-gi-huong-dan-dang-ky-dau-so-1800-don-gian,/blog/so-tong-dai-1800-la-gi-huong-dan-dang-ky-dau-so-1800-don-gian/,LIVE_WORDPRESS_NOT_IN_SOURCE,Kiến thức,HUB-01 Tổng đài và Call Center,informational-definition,VERIFY_REQUIRED,VERIFY_REQUIRED,VERIFY_REQUIRED,1097,900-1200,ADEQUATE_SHORT,Số Tổng Đài 1800 Là Gì? Hướng Dẫn Đăng Ký Đầu Số 1800 Đơn Giản - Tổng đài ảo Gcalls,Tổng đài số 1800 là gì? Tại sao doanh nghiệp nên sử dụng và làm thế nào để đăng ký mua số tổng đài 1800? Tất cả thông tin có trong bài này.,UNKNOWN_NOT_IN_SOURCE,0,2,Cloud Call Center / Gcalls Plus Webphone,HAS_FEATURED; body_images=3,NONE_DETECTED_IN_METADATA,IMPORT_THEN_REWRITE,BLOCKED_AWAITING_SCOPE_DECISION
BLOG-113,Giải Đáp Thông Tin Về VoIP Và Ứng Dụng Thực Tế,giai-dap-thong-tin-ve-voip-va-ung-dung-thuc-te,/blog/giai-dap-thong-tin-ve-voip-va-ung-dung-thuc-te/,LIVE_WORDPRESS_NOT_IN_SOURCE,Kiến thức,HUB-01 Tổng đài và Call Center,informational-general,VERIFY_REQUIRED,VERIFY_REQUIRED,VERIFY_REQUIRED,1071,900-1200,ADEQUATE_SHORT,Giải Đáp Thông Tin Về Voip Và Ứng Dụng Thực Tế,"Công nghệ VoIP giúp tăng hiệu quả công việc, tiết kiệm chi phí và cũng dễ triển khai. Quá trình vận hành, quản lý dễ dàng.",UNKNOWN_NOT_IN_SOURCE,0,2,Cloud Call Center / Gcalls Plus Webphone,HAS_FEATURED; body_images=5,NONE_DETECTED_IN_METADATA,IMPORT_THEN_REWRITE,BLOCKED_AWAITING_SCOPE_DECISION
BLOG-114,HR Parttime,hr-parttime,/blog/hr-parttime/,LIVE_WORDPRESS_NOT_IN_SOURCE,Tuyển Dụng,HUB-08 Kiến thức vận hành doanh nghiệp,informational-general,VERIFY_REQUIRED,VERIFY_REQUIRED,VERIFY_REQUIRED,525,900-1200,THIN,HR Parttime - Tổng đài ảo Gcalls,,UNKNOWN_NOT_IN_SOURCE,0,1,Gcalls Plus Webphone,HAS_FEATURED; body_images=0,NONE_DETECTED_IN_METADATA,IMPORT_THEN_REWRITE,BLOCKED_AWAITING_SCOPE_DECISION
BLOG-115,Mẫu Lời Chào Tổng Đài Điện Thoại Phổ Biến Hiện Nay,mau-loi-chao-tong-dai-dien-thoai-pho-bien-hien-nay,/blog/mau-loi-chao-tong-dai-dien-thoai-pho-bien-hien-nay/,LIVE_WORDPRESS_NOT_IN_SOURCE,Kiến thức,HUB-01 Tổng đài và Call Center,informational-general,VERIFY_REQUIRED,VERIFY_REQUIRED,VERIFY_REQUIRED,1148,900-1200,ADEQUATE_SHORT,Mẫu Lời Chào Tổng Đài Điện Thoại Phổ Biến Hiện Nay,"Mẫu lời chào của tổng đài ảo, điện thoại chăm sóc khách hàng sẽ là những mẫu câu như thế nào? Cùng GCALLS tìm hiểu ngay nhé!",UNKNOWN_NOT_IN_SOURCE,0,4,Cloud Call Center / Gcalls Plus Webphone,HAS_FEATURED; body_images=3,NONE_DETECTED_IN_METADATA,IMPORT_THEN_REWRITE,BLOCKED_AWAITING_SCOPE_DECISION
BLOG-116,Service Level Agreement Là Gì? Từ A – Z Thông Tin Về SLA,service-level-agreement-la-gi-tu-a-z-thong-tin-ve-sla,/blog/service-level-agreement-la-gi-tu-a-z-thong-tin-ve-sla/,LIVE_WORDPRESS_NOT_IN_SOURCE,Kiến thức,HUB-08 Kiến thức vận hành doanh nghiệp,informational-definition,VERIFY_REQUIRED,VERIFY_REQUIRED,VERIFY_REQUIRED,1106,900-1200,ADEQUATE_SHORT,Service Level Agreement Là Gì? Từ A - Z Thông Tin Về SLA,Service Level Agreement là gì? Nó là một phần quan trọng trong hợp đồng phần mềm công nghệ của doanh nghiệp và nhà cung cấp dịch vụ ngoài.,UNKNOWN_NOT_IN_SOURCE,0,3,Gcalls Plus Webphone,HAS_FEATURED; body_images=3,NONE_DETECTED_IN_METADATA,IMPORT_THEN_REWRITE,BLOCKED_AWAITING_SCOPE_DECISION
BLOG-117,Best Virtual Phone System For Small Medium Business 2023,best-virtual-phone-system-for-small-medium-business-2023,/blog/best-virtual-phone-system-for-small-medium-business-2023/,LIVE_WORDPRESS_NOT_IN_SOURCE,Kiến thức,HUB-08 Kiến thức vận hành doanh nghiệp,informational-general,VERIFY_REQUIRED,VERIFY_REQUIRED,VERIFY_REQUIRED,1867,1200-2000,ADEQUATE,Best Virtual Phone System For Small Medium Business 2023 -,Do you know the best virtual phone system for small medium business in 2023? This article will answer all the question about virtual phone,UNKNOWN_NOT_IN_SOURCE,0,4,Gcalls Plus Webphone,HAS_FEATURED; body_images=3,NONE_DETECTED_IN_METADATA,IMPORT_THEN_REWRITE,BLOCKED_AWAITING_SCOPE_DECISION
BLOG-118,Cách Xử Lý Các Tình Huống Chăm Sóc Khách Hàng,cach-xu-ly-cac-tinh-huong-cham-soc-khach-hang,/blog/cach-xu-ly-cac-tinh-huong-cham-soc-khach-hang/,LIVE_WORDPRESS_NOT_IN_SOURCE,Kiến thức,HUB-04 Customer Service và Customer Experience,informational-howto,VERIFY_REQUIRED,VERIFY_REQUIRED,VERIFY_REQUIRED,1424,1200-2000,ADEQUATE,Cách Xử Lý Các Tình Huống Chăm Sóc Khách Hàng - Tổng đài ảo Gcalls,"Vậy cách xử lý các tình huống, những câu hỏi chăm sóc khách hàng phổ biến nhất hiện nay là như thế nào? Cùng tìm hiểu nhé!",UNKNOWN_NOT_IN_SOURCE,0,2,Gcalls CX,HAS_FEATURED; body_images=4,NONE_DETECTED_IN_METADATA,IMPORT_THEN_REWRITE,BLOCKED_AWAITING_SCOPE_DECISION
BLOG-119,Tin Nhắn Chăm Sóc Khách Hàng Cũ Hiệu Quả Nhất,tin-nhan-cham-soc-khach-hang-cu-hieu-qua-nhat,/blog/tin-nhan-cham-soc-khach-hang-cu-hieu-qua-nhat/,LIVE_WORDPRESS_NOT_IN_SOURCE,Kiến thức,HUB-04 Customer Service và Customer Experience,informational-general,VERIFY_REQUIRED,VERIFY_REQUIRED,VERIFY_REQUIRED,1152,900-1200,ADEQUATE_SHORT,Tin Nhắn Chăm Sóc Khách Hàng Cũ Hiệu Quả Nhất,Tin nhắn chăm sóc khách hàng cũ. Kịch bản chăm sóc khách hàng cũ. Cách chăm sóc khách hàng cũ qua điện thoại hiệu quả nhất,UNKNOWN_NOT_IN_SOURCE,0,2,Gcalls CX,HAS_FEATURED; body_images=3,NONE_DETECTED_IN_METADATA,IMPORT_THEN_REWRITE,BLOCKED_AWAITING_SCOPE_DECISION
BLOG-120,On Premise Là Gì Và Đây Có Phải Là Giải Pháp Tốt Nhất?,on-premise-la-gi-va-day-co-phai-la-giai-phap-tot-nhat,/blog/on-premise-la-gi-va-day-co-phai-la-giai-phap-tot-nhat/,LIVE_WORDPRESS_NOT_IN_SOURCE,Kiến thức,HUB-08 Kiến thức vận hành doanh nghiệp,informational-definition,VERIFY_REQUIRED,VERIFY_REQUIRED,VERIFY_REQUIRED,1186,900-1200,ADEQUATE_SHORT,On Premise Là Gì Và Đây Có Phải Là Giải Pháp Tốt Nhất?,Hệ thống phần mềm On Premise là gì? Chúng có những đặc điểm như thế nào? Hãy cùng GCALLS khám phá ngay qua bài viết sau đây nhé!,UNKNOWN_NOT_IN_SOURCE,0,3,Gcalls Plus Webphone,HAS_FEATURED; body_images=3,NONE_DETECTED_IN_METADATA,IMPORT_THEN_REWRITE,BLOCKED_AWAITING_SCOPE_DECISION
BLOG-121,Hệ Thống Tổng Đài Điện Thoại Chuẩn Là Như Thế Nào?,he-thong-tong-dai-dien-thoai-chuan-la-nhu-the-nao,/blog/he-thong-tong-dai-dien-thoai-chuan-la-nhu-the-nao/,LIVE_WORDPRESS_NOT_IN_SOURCE,Kiến thức,HUB-01 Tổng đài và Call Center,informational-general,VERIFY_REQUIRED,VERIFY_REQUIRED,VERIFY_REQUIRED,1036,900-1200,ADEQUATE_SHORT,Hệ Thống Tổng Đài Điện Thoại Chuẩn Là Như Thế Nào?,Hệ thống tổng đài điện thoại nội bộ là gì? Lắp đặt hệ thống điện thoại nội bộ không dây và có dây. Điện thoại nội bộ không cần tổng đài,UNKNOWN_NOT_IN_SOURCE,0,2,Cloud Call Center / Gcalls Plus Webphone,HAS_FEATURED; body_images=3,NONE_DETECTED_IN_METADATA,IMPORT_THEN_REWRITE,BLOCKED_AWAITING_SCOPE_DECISION
BLOG-122,Dịch Vụ Chăm Sóc Khách Hàng Là Gì?,dich-vu-cham-soc-khach-hang-la-gi,/blog/dich-vu-cham-soc-khach-hang-la-gi/,LIVE_WORDPRESS_NOT_IN_SOURCE,Kiến thức,HUB-04 Customer Service và Customer Experience,informational-definition,VERIFY_REQUIRED,VERIFY_REQUIRED,VERIFY_REQUIRED,1220,1200-2000,ADEQUATE,Dịch Vụ Chăm Sóc Khách Hàng Là Gì? - Tổng đài ảo Gcalls,"Hiểu rõ các dịch vụ chăm sóc khách hàng là gì, để làm dịch vụ chuyên nghiệp, hiệu quả trở thành một yếu tố quan trọng và mang tính quyết định",UNKNOWN_NOT_IN_SOURCE,0,6,Gcalls CX,HAS_FEATURED; body_images=3,NONE_DETECTED_IN_METADATA,IMPORT_THEN_REWRITE,BLOCKED_AWAITING_SCOPE_DECISION
BLOG-123,Tổng Đài IP Và Những Khác Biệt So Với Tổng Đài Analog,tong-dai-ip-va-nhung-khac-biet-so-voi-tong-dai-analog,/blog/tong-dai-ip-va-nhung-khac-biet-so-voi-tong-dai-analog/,LIVE_WORDPRESS_NOT_IN_SOURCE,Kiến thức,HUB-01 Tổng đài và Call Center,informational-general,VERIFY_REQUIRED,VERIFY_REQUIRED,VERIFY_REQUIRED,1187,900-1200,ADEQUATE_SHORT,Tổng Đài IP Và Những Khác Biệt So Với Tổng Đài Analog,Giải pháp tổng đài điện thoại IP là gì? So sánh tổng đài IP và tổng đài analog có những điểm gì khác nhau? Cùng GCALLS khám phá ngay nhé!,UNKNOWN_NOT_IN_SOURCE,0,3,Cloud Call Center / Gcalls Plus Webphone,HAS_FEATURED; body_images=3,NONE_DETECTED_IN_METADATA,IMPORT_THEN_REWRITE,BLOCKED_AWAITING_SCOPE_DECISION
BLOG-124,Kịch Bản Tư Vấn Khách Hàng Spa Là Gì?,kich-ban-tu-van-khach-hang-spa-la-gi,/blog/kich-ban-tu-van-khach-hang-spa-la-gi/,LIVE_WORDPRESS_NOT_IN_SOURCE,Kiến thức,HUB-08 Kiến thức vận hành doanh nghiệp,informational-definition,VERIFY_REQUIRED,VERIFY_REQUIRED,VERIFY_REQUIRED,1285,1200-2000,ADEQUATE,Kịch Bản Tư Vấn Khách Hàng Spa Là Gì? - Tổng đài ảo Gcalls,"Cách tiếp cận, thu hút khách hàng cho spa ngày càng khó. Vậy kịch bản tư vấn, quy trình chăm sóc khách hàng cho spa là như thế nào?",UNKNOWN_NOT_IN_SOURCE,0,3,Gcalls Plus Webphone,HAS_FEATURED; body_images=4,NONE_DETECTED_IN_METADATA,IMPORT_THEN_REWRITE,BLOCKED_AWAITING_SCOPE_DECISION
BLOG-125,Customer Lifetime Value Là Gì? Vai Trò Và Cách Tính,customer-lifetime-value-la-gi-vai-tro-va-cach-tinh,/blog/customer-lifetime-value-la-gi-vai-tro-va-cach-tinh/,LIVE_WORDPRESS_NOT_IN_SOURCE,Kiến thức,HUB-08 Kiến thức vận hành doanh nghiệp,informational-definition,VERIFY_REQUIRED,VERIFY_REQUIRED,VERIFY_REQUIRED,1130,900-1200,ADEQUATE_SHORT,Customer Lifetime Value Là Gì? Vai Trò Và Cách Tính,Customer lifetime value là gì? Đây được gọi là giá trị vòng đời khách hàng. Đây là thước đo vô cùng quan trọng đối với bất kỳ một công ty nào,UNKNOWN_NOT_IN_SOURCE,0,2,Gcalls Plus Webphone,HAS_FEATURED; body_images=3,NONE_DETECTED_IN_METADATA,IMPORT_THEN_REWRITE,BLOCKED_AWAITING_SCOPE_DECISION
BLOG-126,5 Lý Do Nên Chọn Dịch Vụ Chăm Sóc Khách Hàng Viettel,5-ly-do-nen-chon-dich-vu-cham-soc-khach-hang-viettel,/blog/5-ly-do-nen-chon-dich-vu-cham-soc-khach-hang-viettel/,LIVE_WORDPRESS_NOT_IN_SOURCE,Kiến thức,HUB-04 Customer Service và Customer Experience,informational-howto,VERIFY_REQUIRED,VERIFY_REQUIRED,VERIFY_REQUIRED,1086,900-1200,ADEQUATE_SHORT,5 Lý Do Nên Chọn Dịch Vụ Chăm Sóc Khách Hàng Viettel,Viettel là một trong số những nhà cung cấp mạng Internet hàng đầu ở Việt Nam với các dịch vụ chăm sóc khách hàng chuyên nghiệp của mình.,UNKNOWN_NOT_IN_SOURCE,0,3,Gcalls CX,HAS_FEATURED; body_images=3,NONE_DETECTED_IN_METADATA,IMPORT_THEN_REWRITE,BLOCKED_AWAITING_SCOPE_DECISION
BLOG-127,Phần Mềm Quản Lý Bán Hàng Đa Kênh Là Gì? Có Nên Sử Dụng?,phan-mem-quan-ly-ban-hang-da-kenh-la-gi-co-nen-su-dung,/blog/phan-mem-quan-ly-ban-hang-da-kenh-la-gi-co-nen-su-dung/,LIVE_WORDPRESS_NOT_IN_SOURCE,Kiến thức,HUB-03 Telesales và Sales Operations,informational-definition,VERIFY_REQUIRED,VERIFY_REQUIRED,VERIFY_REQUIRED,1115,900-1200,ADEQUATE_SHORT,Phần Mềm Quản Lý Bán Hàng Đa Kênh Là Gì? Có Nên Sử Dụng?,"Những đặc điểm, lợi ích của các phần mềm, nền tảng quản lý và bán hàng đa kênh miễn phí mang lại cho doanh nghiệp như sapo, haravan,...",UNKNOWN_NOT_IN_SOURCE,0,3,Gcalls Plus Webphone,HAS_FEATURED; body_images=3,NONE_DETECTED_IN_METADATA,IMPORT_THEN_REWRITE,BLOCKED_AWAITING_SCOPE_DECISION
BLOG-128,Dịch Vụ Voice Brandname Là Gì Và Những Lợi Ích Hiện Đại,dich-vu-voice-brandname-la-gi-va-nhung-loi-ich,/blog/dich-vu-voice-brandname-la-gi-va-nhung-loi-ich/,LIVE_WORDPRESS_NOT_IN_SOURCE,Kiến thức,HUB-08 Kiến thức vận hành doanh nghiệp,informational-definition,VERIFY_REQUIRED,VERIFY_REQUIRED,VERIFY_REQUIRED,1235,1200-2000,ADEQUATE,Dịch Vụ Voice Brandname Là Gì Và Những Lợi Ích Hiện Đại,Dịch vụ voice brandname là dịch vụ gì và chúng có những lợi ích như thế nào? Cùng GCALLS khám phá ngay qua bài viết này nhé!,UNKNOWN_NOT_IN_SOURCE,0,4,Gcalls Plus Webphone,HAS_FEATURED; body_images=3,NONE_DETECTED_IN_METADATA,IMPORT_THEN_REWRITE,BLOCKED_AWAITING_SCOPE_DECISION
BLOG-129,Customer Success Là Gì? Những Thông Tin Cụ Thể Nhất,customer-success-la-gi-nhung-thong-tin-cu-the-nhat,/blog/customer-success-la-gi-nhung-thong-tin-cu-the-nhat/,LIVE_WORDPRESS_NOT_IN_SOURCE,Kiến thức,HUB-08 Kiến thức vận hành doanh nghiệp,informational-definition,VERIFY_REQUIRED,VERIFY_REQUIRED,VERIFY_REQUIRED,1056,900-1200,ADEQUATE_SHORT,Customer Success Là Gì? Những Thông Tin Cụ Thể Nhất,Quy trình customer success là gì? Tìm hiểu về các bộ phận customer success cụ thể và chính xác nhất. Những khái niệm cụ thể xoay quanh,UNKNOWN_NOT_IN_SOURCE,0,2,Gcalls Plus Webphone,HAS_FEATURED; body_images=4,NONE_DETECTED_IN_METADATA,IMPORT_THEN_REWRITE,BLOCKED_AWAITING_SCOPE_DECISION
BLOG-130,Tổng Đài Contact Center Là Gì?,tong-dai-contact-center-la-gi,/blog/tong-dai-contact-center-la-gi/,LIVE_WORDPRESS_NOT_IN_SOURCE,Kiến thức,HUB-01 Tổng đài và Call Center,informational-definition,VERIFY_REQUIRED,VERIFY_REQUIRED,VERIFY_REQUIRED,1090,900-1200,ADEQUATE_SHORT,Tổng Đài Contact Center Là Gì? - Tổng đài ảo Gcalls,Thay vì chỉ là hệ thống call center thông thường. Vậy công ty cung cấp dịch vụ tổng đài contact call center nào tốt? Cùng tìm hiểu nhé!,UNKNOWN_NOT_IN_SOURCE,0,2,Cloud Call Center / Gcalls Plus Webphone,HAS_FEATURED; body_images=4,NONE_DETECTED_IN_METADATA,IMPORT_THEN_REWRITE,BLOCKED_AWAITING_SCOPE_DECISION
BLOG-131,Phần Mềm Tổng Đài Ảo Là Gì?,phan-mem-tong-dai-ao-la-gi,/blog/phan-mem-tong-dai-ao-la-gi/,LIVE_WORDPRESS_NOT_IN_SOURCE,Kiến thức,HUB-01 Tổng đài và Call Center,informational-definition,VERIFY_REQUIRED,VERIFY_REQUIRED,VERIFY_REQUIRED,1047,900-1200,ADEQUATE_SHORT,Phần Mềm Tổng Đài Ảo Là Gì? - Tổng đài ảo Gcalls,"Nơi nào cung cấp hệ thống phần mềm, app điện thoại tổng đài ảo với bảng giá dịch vụ rẻ, chất lượng tốt? Cùng tìm hiểu nhé!",UNKNOWN_NOT_IN_SOURCE,0,3,Cloud Call Center / Gcalls Plus Webphone,HAS_FEATURED; body_images=4,NONE_DETECTED_IN_METADATA,IMPORT_THEN_REWRITE,BLOCKED_AWAITING_SCOPE_DECISION
BLOG-132,Mua Số Tổng Đài 1900 Có Lợi Ích Gì? Nên Mua Ở Đâu Uy Tín?,mua-so-tong-dai-1900-co-loi-ich-gi-nen-mua-o-dau-uy-tin,/blog/mua-so-tong-dai-1900-co-loi-ich-gi-nen-mua-o-dau-uy-tin/,LIVE_WORDPRESS_NOT_IN_SOURCE,Kiến thức,HUB-01 Tổng đài và Call Center,informational-general,VERIFY_REQUIRED,VERIFY_REQUIRED,VERIFY_REQUIRED,1082,900-1200,ADEQUATE_SHORT,Mua Số Tổng Đài 1900 Có Lợi Ích Gì? Nên Mua Ở Đâu Uy Tín? -,Mua đầu số tổng đài 1900 là một trong những giải pháp được nhiều doanh nghiệp lựa chọn phổ biến. Cách đăng ký đầu số tổng đài 1900.,UNKNOWN_NOT_IN_SOURCE,0,4,Cloud Call Center / Gcalls Plus Webphone,HAS_FEATURED; body_images=3,NONE_DETECTED_IN_METADATA,IMPORT_THEN_REWRITE,BLOCKED_AWAITING_SCOPE_DECISION
BLOG-133,Chăm Sóc Khách Hàng Qua Điện Thoại Và Kỹ Năng Cần Thiết,cham-soc-khach-hang-qua-dien-thoai,/blog/cham-soc-khach-hang-qua-dien-thoai/,LIVE_WORDPRESS_NOT_IN_SOURCE,Kiến thức,HUB-04 Customer Service và Customer Experience,informational-general,VERIFY_REQUIRED,VERIFY_REQUIRED,VERIFY_REQUIRED,1442,1200-2000,ADEQUATE,Chăm Sóc Khách Hàng Qua Điện Thoại Và Kỹ Năng Cần Thiết,"Đâu là kỹ năng chăm sóc khách hàng qua điện thoại đúng cách, đúng quy trình và để cuộc gọi trở nên chất lượng? Cùng GCALLS tìm hiểu nhé!",UNKNOWN_NOT_IN_SOURCE,0,2,Gcalls CX,HAS_FEATURED; body_images=3,NONE_DETECTED_IN_METADATA,IMPORT_THEN_REWRITE,BLOCKED_AWAITING_SCOPE_DECISION
BLOG-134,Salesforce Là Gì? Những Thông Tin Quan Trọng Nhất,salesforce-la-gi-nhung-thong-tin-quan-trong-nhat,/blog/salesforce-la-gi-nhung-thong-tin-quan-trong-nhat/,LIVE_WORDPRESS_NOT_IN_SOURCE,Kiến thức,"HUB-02 CRM, Helpdesk và tích hợp",informational-definition,VERIFY_REQUIRED,VERIFY_REQUIRED,VERIFY_REQUIRED,1103,900-1200,ADEQUATE_SHORT,Salesforce Là Gì? Những Thông Tin Quan Trọng Nhất,Phần mềm Salesforce là gì? Vì sao doanh nghiệp của bạn cần Salesforce VietNam? Những thông tin cụ thể xoay quanh phần mềm này,UNKNOWN_NOT_IN_SOURCE,0,3,Tổng đài tích hợp CRM / Tổng đài tích hợp Helpdesk,HAS_FEATURED; body_images=5,NONE_DETECTED_IN_METADATA,IMPORT_THEN_REWRITE,BLOCKED_AWAITING_SCOPE_DECISION
BLOG-135,Dịch Vụ Voice Brandname Là Gì?,dich-vu-voice-brandname-la-gi,/blog/dich-vu-voice-brandname-la-gi/,LIVE_WORDPRESS_NOT_IN_SOURCE,Kiến thức,HUB-08 Kiến thức vận hành doanh nghiệp,informational-definition,VERIFY_REQUIRED,VERIFY_REQUIRED,VERIFY_REQUIRED,2733,2000-3000,STRONG,Dịch Vụ Voice Brandname Là Gì? - Tổng đài ảo Gcalls,Vậy dịch vụ Voice Brandname là gì? Cách thực hiện các thủ tục đăng ký voice brandname ra sao? Cùng tìm hiểu cụ thể nhé!,UNKNOWN_NOT_IN_SOURCE,0,2,Gcalls Plus Webphone,HAS_FEATURED; body_images=7,NONE_DETECTED_IN_METADATA,IMPORT_THEN_NORMALIZE,BLOCKED_AWAITING_SCOPE_DECISION
BLOG-136,Phần Mềm CRM Việt Nam Là Gì?,phan-mem-crm-viet-nam-la-gi,/blog/phan-mem-crm-viet-nam-la-gi/,LIVE_WORDPRESS_NOT_IN_SOURCE,Kiến thức,"HUB-02 CRM, Helpdesk và tích hợp",informational-definition,VERIFY_REQUIRED,VERIFY_REQUIRED,VERIFY_REQUIRED,1105,900-1200,ADEQUATE_SHORT,Phần Mềm CRM Việt Nam Là Gì? - Tổng đài ảo Gcalls,Vậy phần mềm CRM Việt Nam là gì? Mời bạn cùng xem qua cụ thể và chi tiết nhất qua reviews of salesforce CRM qua bài viết sau đây nhé!,UNKNOWN_NOT_IN_SOURCE,0,2,Tổng đài tích hợp CRM / Tổng đài tích hợp Helpdesk,HAS_FEATURED; body_images=4,NONE_DETECTED_IN_METADATA,IMPORT_THEN_REWRITE,BLOCKED_AWAITING_SCOPE_DECISION
BLOG-137,Cách Xây Dựng Quy Trình Bán Hàng Của Doanh Nghiệp Hiệu Quả,cach-xay-dung-quy-trinh-ban-hang-cua-doanh-nghiep-hieu-qua,/blog/cach-xay-dung-quy-trinh-ban-hang-cua-doanh-nghiep-hieu-qua/,LIVE_WORDPRESS_NOT_IN_SOURCE,Kiến thức,HUB-03 Telesales và Sales Operations,informational-howto,VERIFY_REQUIRED,VERIFY_REQUIRED,VERIFY_REQUIRED,1525,1200-2000,ADEQUATE,Cách Xây Dựng Quy Trình Bán Hàng Của Doanh Nghiệp Hiệu Quả,"Làm thế nào để xây dựng quy trình bán hàng hiệu quả, chuyên nghiệp của doanh nghiệp của bạn? Gia tăng tỷ lệ chốt deal với Salesforce CRM.",UNKNOWN_NOT_IN_SOURCE,0,3,Gcalls Plus Webphone,HAS_FEATURED; body_images=3,NONE_DETECTED_IN_METADATA,IMPORT_THEN_REWRITE,BLOCKED_AWAITING_SCOPE_DECISION
BLOG-138,Vì Sao Chiến Lược Chăm Sóc Khách Hàng Với SalesForce Cần Thiết,vi-sao-chien-luoc-cham-soc-khach-hang-voi-salesforce-can-thiet,/blog/vi-sao-chien-luoc-cham-soc-khach-hang-voi-salesforce-can-thiet/,LIVE_WORDPRESS_NOT_IN_SOURCE,Kiến thức,"HUB-02 CRM, Helpdesk và tích hợp",informational-general,VERIFY_REQUIRED,VERIFY_REQUIRED,VERIFY_REQUIRED,1071,900-1200,ADEQUATE_SHORT,Vì Sao Chiến Lược Chăm Sóc Khách Hàng Với SalesForce Cần Thiết,Chiến lược chăm sóc khách hàng với Salesforce Service Cloud. Kỹ năng chăm sóc khách hàng qua điện thoại. Cách tối ưu hoạt động với Salesforce,UNKNOWN_NOT_IN_SOURCE,0,2,Tổng đài tích hợp CRM / Tổng đài tích hợp Helpdesk,HAS_FEATURED; body_images=3,NONE_DETECTED_IN_METADATA,IMPORT_THEN_REWRITE,BLOCKED_AWAITING_SCOPE_DECISION
BLOG-139,So Sánh Salesforce CRM Và Các Phần Mềm Khác,so-sanh-salesforce-crm-va-cac-phan-mem-khac,/blog/so-sanh-salesforce-crm-va-cac-phan-mem-khac/,LIVE_WORDPRESS_NOT_IN_SOURCE,Kiến thức,"HUB-02 CRM, Helpdesk và tích hợp",commercial-investigation,VERIFY_REQUIRED,VERIFY_REQUIRED,VERIFY_REQUIRED,1163,900-1200,ADEQUATE_SHORT,So Sánh Salesforce CRM Và Các Phần Mềm Khác,Phần mềm CRM Việt Nam nào tốt nhất? Salesforce CRM reviews cụ thể và chính xác nhất. Reviews of Salesforce CRM cụ thể nhất,UNKNOWN_NOT_IN_SOURCE,0,2,Tổng đài tích hợp CRM / Tổng đài tích hợp Helpdesk,HAS_FEATURED; body_images=3,NONE_DETECTED_IN_METADATA,IMPORT_THEN_REWRITE,BLOCKED_AWAITING_SCOPE_DECISION
BLOG-140,Salesforce Marketing Cloud Là Gì? Tìm Hiểu Thông Tin Từ A-Z,salesforce-marketing-cloud-la-gi-tim-hieu-thong-tin-tu-a-z,/blog/salesforce-marketing-cloud-la-gi-tim-hieu-thong-tin-tu-a-z/,LIVE_WORDPRESS_NOT_IN_SOURCE,Kiến thức,"HUB-02 CRM, Helpdesk và tích hợp",informational-definition,VERIFY_REQUIRED,VERIFY_REQUIRED,VERIFY_REQUIRED,1184,900-1200,ADEQUATE_SHORT,Salesforce Marketing Cloud Là Gì? Tìm Hiểu Thông Tin Từ A-Z,"Salesforce Marketing Cloud ( hay Salesforce in Marketing) là gì? Các sản phẩm của Salesforce Marketing Cloud Developer như Email Studio,...",UNKNOWN_NOT_IN_SOURCE,0,3,Tổng đài tích hợp CRM / Tổng đài tích hợp Helpdesk,HAS_FEATURED; body_images=4,NONE_DETECTED_IN_METADATA,IMPORT_THEN_REWRITE,BLOCKED_AWAITING_SCOPE_DECISION
BLOG-141,8 Cách Giữ Khách Hàng Cũ Hiệu Quả,8-cach-giu-khach-hang-cu-hieu-qua,/blog/8-cach-giu-khach-hang-cu-hieu-qua/,LIVE_WORDPRESS_NOT_IN_SOURCE,Kiến thức,HUB-08 Kiến thức vận hành doanh nghiệp,informational-howto,VERIFY_REQUIRED,VERIFY_REQUIRED,VERIFY_REQUIRED,1599,1200-2000,ADEQUATE,8 Cách Giữ Khách Hàng Cũ Hiệu Quả - Tổng đài ảo Gcalls,Vậy làm thế nào để giữ chân khách hàng cũ hiệu quả? Cùng tìm hiểu cách giữ chân khách hàng cũ hiệu quả nhất trong bài viết sau nhé!,UNKNOWN_NOT_IN_SOURCE,0,2,Gcalls Plus Webphone,HAS_FEATURED; body_images=5,NONE_DETECTED_IN_METADATA,IMPORT_THEN_REWRITE,BLOCKED_AWAITING_SCOPE_DECISION
BLOG-142,Trải Nghiệm Khách Hàng Xuất Sắc Là Gì? Cách Nâng Cấp,trai-nghiem-khach-hang-xuat-sac-la-gi-cach-nang-cap,/blog/trai-nghiem-khach-hang-xuat-sac-la-gi-cach-nang-cap/,LIVE_WORDPRESS_NOT_IN_SOURCE,Kiến thức,HUB-04 Customer Service và Customer Experience,informational-definition,VERIFY_REQUIRED,VERIFY_REQUIRED,VERIFY_REQUIRED,1363,1200-2000,ADEQUATE,Trải Nghiệm Khách Hàng Xuất Sắc Là Gì? Cách Nâng Cấp,Nâng cao trải nghiệm khách hàng xuất sắc. Quản trị trải nghiệm khách hàng một cách tốt nhất. Cách quản lý trải nghiệm khách hàng,UNKNOWN_NOT_IN_SOURCE,0,2,Gcalls CX,HAS_FEATURED; body_images=3,NONE_DETECTED_IN_METADATA,IMPORT_THEN_REWRITE,BLOCKED_AWAITING_SCOPE_DECISION
BLOG-143,Câu Hỏi Chăm Sóc Khách Hàng Cũ & Kịch Bản CSKH Hiệu Quả,cau-hoi-cham-soc-khach-hang-cu-kich-ban-cskh-hieu-qua,/blog/cau-hoi-cham-soc-khach-hang-cu-kich-ban-cskh-hieu-qua/,LIVE_WORDPRESS_NOT_IN_SOURCE,Kiến thức,HUB-04 Customer Service và Customer Experience,informational-general,VERIFY_REQUIRED,VERIFY_REQUIRED,VERIFY_REQUIRED,1604,1200-2000,ADEQUATE,Câu Hỏi Chăm Sóc Khách Hàng Cũ & Kịch Bản CSKH Hiệu Quả,"Mẫu kịch bản và các câu hỏi chăm sóc khách hàng cũ hiệu quả nhất dành cho doanh nghiệp chưa biết cách CSKH qua tin nhắn, gọi điện thoại,...",UNKNOWN_NOT_IN_SOURCE,0,3,Gcalls CX,HAS_FEATURED; body_images=5,NONE_DETECTED_IN_METADATA,IMPORT_THEN_REWRITE,BLOCKED_AWAITING_SCOPE_DECISION
BLOG-144,Giải Pháp Chăm Sóc Khách Hàng Nào Tối Ưu Nhất?,giai-phap-cham-soc-khach-hang-nao-toi-uu-nhat,/blog/giai-phap-cham-soc-khach-hang-nao-toi-uu-nhat/,LIVE_WORDPRESS_NOT_IN_SOURCE,Kiến thức,HUB-04 Customer Service và Customer Experience,informational-general,VERIFY_REQUIRED,VERIFY_REQUIRED,VERIFY_REQUIRED,1215,1200-2000,ADEQUATE,Giải Pháp Chăm Sóc Khách Hàng Nào Tối Ưu Nhất?,Các giải pháp chăm sóc khách hàng hiệu quả. Gợi ý các phương pháp chăm sóc khách hàng. Làm sao nâng cao dịch vụ chăm sóc khách hàng?,UNKNOWN_NOT_IN_SOURCE,0,2,Gcalls CX,HAS_FEATURED; body_images=3,NONE_DETECTED_IN_METADATA,IMPORT_THEN_REWRITE,BLOCKED_AWAITING_SCOPE_DECISION
BLOG-145,Top 5 Lợi Ích Của Phần Mềm Auto Answer,top-5-loi-ich-cua-phan-mem-auto-answer,/blog/top-5-loi-ich-cua-phan-mem-auto-answer/,LIVE_WORDPRESS_NOT_IN_SOURCE,Kiến thức,HUB-08 Kiến thức vận hành doanh nghiệp,commercial-investigation,VERIFY_REQUIRED,VERIFY_REQUIRED,VERIFY_REQUIRED,1564,1200-2000,ADEQUATE,Top 5 Lợi Ích Của Phần Mềm Auto Answer - Tổng đài ảo Gcalls,"Vậy phần mềm auto call (auto answer) dùng để gọi điện, phân tích dữ liệu cuộc gọi là gì? Nó có lợi ích gì? Mời bạn cùng Gcalls tìm hiểu nhé!",UNKNOWN_NOT_IN_SOURCE,0,3,Gcalls Plus Webphone,HAS_FEATURED; body_images=5,NONE_DETECTED_IN_METADATA,IMPORT_THEN_REWRITE,BLOCKED_AWAITING_SCOPE_DECISION
BLOG-146,Chiến Lược Giữ Chân Khách Hàng Hiệu Quả Nhất,chien-luoc-giu-chan-khach-hang-hieu-qua-nhat,/blog/chien-luoc-giu-chan-khach-hang-hieu-qua-nhat/,LIVE_WORDPRESS_NOT_IN_SOURCE,Kiến thức,HUB-04 Customer Service và Customer Experience,informational-general,VERIFY_REQUIRED,VERIFY_REQUIRED,VERIFY_REQUIRED,1056,900-1200,ADEQUATE_SHORT,Chiến Lược Giữ Chân Khách Hàng Hiệu Quả Nhất,Các chiến lược giữ chân khách hàng hiệu quả nhất. Cách giữ chân khách hàng hiệu quả nhất là gì? Cách giữ chân khách hàng trung thành,UNKNOWN_NOT_IN_SOURCE,0,2,Gcalls CX,HAS_FEATURED; body_images=4,NONE_DETECTED_IN_METADATA,IMPORT_THEN_REWRITE,BLOCKED_AWAITING_SCOPE_DECISION
BLOG-147,Tin Nhắn Chăm Sóc Khách Hàng Cũ Giúp Gia Tăng Hiệu Quả,tin-nhan-cham-soc-khach-hang-cu-giup-gia-tang-hieu-qua,/blog/tin-nhan-cham-soc-khach-hang-cu-giup-gia-tang-hieu-qua/,LIVE_WORDPRESS_NOT_IN_SOURCE,Kiến thức,HUB-04 Customer Service và Customer Experience,informational-general,VERIFY_REQUIRED,VERIFY_REQUIRED,VERIFY_REQUIRED,1370,1200-2000,ADEQUATE,Tin Nhắn Chăm Sóc Khách Hàng Cũ Giúp Gia Tăng Hiệu Quả,Cùng GCALLS khám phá ngay cách chăm sóc khách hàng cũ hiệu quả bằng các mẫu tin nhắn qua bài viết sau đây liền nhé!,UNKNOWN_NOT_IN_SOURCE,0,4,Gcalls CX,HAS_FEATURED; body_images=5,NONE_DETECTED_IN_METADATA,IMPORT_THEN_REWRITE,BLOCKED_AWAITING_SCOPE_DECISION
BLOG-148,Quản Lý Thông Tin Khách Hàng Hiệu Quả Qua Hệ Thống Nào?,quan-ly-thong-tin-khach-hang-hieu-qua-qua-he-thong-nao,/blog/quan-ly-thong-tin-khach-hang-hieu-qua-qua-he-thong-nao/,LIVE_WORDPRESS_NOT_IN_SOURCE,Kiến thức,HUB-08 Kiến thức vận hành doanh nghiệp,informational-general,VERIFY_REQUIRED,VERIFY_REQUIRED,VERIFY_REQUIRED,805,900-1200,BELOW_STANDARD,Quản Lý Thông Tin Khách Hàng Hiệu Quả Qua Hệ Thống Nào?,Cách quản lý thông tin khách hàng hiệu quả thông qua hệ thống nào? Giải pháp bảo mật thông tin khách hàng gồm những gì?,UNKNOWN_NOT_IN_SOURCE,0,1,Gcalls Plus Webphone,HAS_FEATURED; body_images=1,NONE_DETECTED_IN_METADATA,IMPORT_THEN_REWRITE,BLOCKED_AWAITING_SCOPE_DECISION
BLOG-149,Quản Lý Cuộc Gọi Khách Hàng Có Thật Sự Dễ Dàng?,quan-ly-cuoc-goi-khach-hang,/blog/quan-ly-cuoc-goi-khach-hang/,LIVE_WORDPRESS_NOT_IN_SOURCE,Kiến thức,HUB-01 Tổng đài và Call Center,informational-general,VERIFY_REQUIRED,VERIFY_REQUIRED,VERIFY_REQUIRED,1833,1200-2000,ADEQUATE,Quản Lý Cuộc Gọi Khách Hàng Có Thật Sự Dễ Dàng?,Quản lý cuộc gọi có thật sự dễ dàng và phần mềm quản lý cuộc gọi có phải là cách tốt nhất để quản lý hệ thống thông tin của khách hàng?,UNKNOWN_NOT_IN_SOURCE,0,3,Cloud Call Center / Gcalls Plus Webphone,HAS_FEATURED; body_images=5,NONE_DETECTED_IN_METADATA,IMPORT_THEN_REWRITE,BLOCKED_AWAITING_SCOPE_DECISION
BLOG-150,Bí Quyết Chăm Sóc Khách Hàng Tuyệt Đỉnh Nhất,bi-quyet-cham-soc-khach-hang-tuyet-dinh-nhat,/blog/bi-quyet-cham-soc-khach-hang-tuyet-dinh-nhat/,LIVE_WORDPRESS_NOT_IN_SOURCE,Kiến thức,HUB-04 Customer Service và Customer Experience,informational-howto,VERIFY_REQUIRED,VERIFY_REQUIRED,VERIFY_REQUIRED,1068,900-1200,ADEQUATE_SHORT,Bí Quyết Chăm Sóc Khách Hàng Tuyệt Đỉnh Nhất,Bí quyết chăm sóc khách hàng thành công nhất là gì? Chi phí chăm sóc khách hàng ra sao? Chi phí chăm sóc khách hàng đối với startup,UNKNOWN_NOT_IN_SOURCE,0,2,Gcalls CX,HAS_FEATURED; body_images=4,NONE_DETECTED_IN_METADATA,IMPORT_THEN_REWRITE,BLOCKED_AWAITING_SCOPE_DECISION
BLOG-151,Tại Sao Dịch Vụ Tổng Đài Ảo Dành Cho Startup “Bùng Nổ” 2023?,tai-sao-dich-vu-tong-dai-ao-danh-cho-startup-bung-no-2023,/blog/tai-sao-dich-vu-tong-dai-ao-danh-cho-startup-bung-no-2023/,LIVE_WORDPRESS_NOT_IN_SOURCE,Kiến thức,HUB-01 Tổng đài và Call Center,informational-general,VERIFY_REQUIRED,VERIFY_REQUIRED,VERIFY_REQUIRED,1810,1200-2000,ADEQUATE,"Tại Sao Dịch Vụ Tổng Đài Ảo Dành Cho Startup ""Bùng Nổ"" 2023?",Nên chọn giải pháp dịch vụ tổng đài ảo dành cho Start-up tại đơn vị nào nhằm đảm bảo chất lượng - giá thành - uy tín startup đó?,UNKNOWN_NOT_IN_SOURCE,0,6,Cloud Call Center / Gcalls Plus Webphone,HAS_FEATURED; body_images=4,NONE_DETECTED_IN_METADATA,IMPORT_THEN_REWRITE,BLOCKED_AWAITING_SCOPE_DECISION
BLOG-152,Đồng Bộ Hóa Dữ Liệu Là Gì? Tại Sao Nên Đồng Bộ Dữ Liệu?,dong-bo-hoa-du-lieu-la-gi-tai-sao-nen-dong-bo-du-lieu,/blog/dong-bo-hoa-du-lieu-la-gi-tai-sao-nen-dong-bo-du-lieu/,LIVE_WORDPRESS_NOT_IN_SOURCE,Kiến thức,"HUB-02 CRM, Helpdesk và tích hợp",informational-definition,VERIFY_REQUIRED,VERIFY_REQUIRED,VERIFY_REQUIRED,1272,1200-2000,ADEQUATE,Đồng Bộ Hóa Dữ Liệu Là Gì? Tại Sao Nên Đồng Bộ Dữ Liệu?,Đồng bộ hóa dữ liệu (Sync) là gì? Tại sao nên sử dụng công cụ đồng bộ hóa để quản lý các dữ liệu như thông tin của công ty hay khách hàng?,UNKNOWN_NOT_IN_SOURCE,0,3,Tổng đài tích hợp CRM / Tổng đài tích hợp Helpdesk,HAS_FEATURED; body_images=5,NONE_DETECTED_IN_METADATA,IMPORT_THEN_REWRITE,BLOCKED_AWAITING_SCOPE_DECISION
BLOG-153,Phần Mềm Auto Call Và Những Lợi Ích Cho Doanh Nghiệp,phan-mem-auto-call-va-nhung-loi-ich-cho-doanh-nghiep,/blog/phan-mem-auto-call-va-nhung-loi-ich-cho-doanh-nghiep/,LIVE_WORDPRESS_NOT_IN_SOURCE,Kiến thức,HUB-08 Kiến thức vận hành doanh nghiệp,informational-general,VERIFY_REQUIRED,VERIFY_REQUIRED,VERIFY_REQUIRED,1177,900-1200,ADEQUATE_SHORT,Phần Mềm Auto Call Và Những Lợi Ích Cho Doanh Nghiệp,Tìm hiểu các tính năng của phần mềm Auto Call và những lợi ích mà phần mềm cuộc gọi điện tự động với tệp ghi âm này đem lại cho doanh nghiệp.,UNKNOWN_NOT_IN_SOURCE,0,2,Gcalls Plus Webphone,HAS_FEATURED; body_images=5,NONE_DETECTED_IN_METADATA,IMPORT_THEN_REWRITE,BLOCKED_AWAITING_SCOPE_DECISION
BLOG-154,5 Lợi Ích Của Dịch Vụ Hỗ Trợ Trực Tuyến,5-loi-ich-cua-dich-vu-ho-tro-truc-tuyen,/blog/5-loi-ich-cua-dich-vu-ho-tro-truc-tuyen/,LIVE_WORDPRESS_NOT_IN_SOURCE,Kiến thức,HUB-08 Kiến thức vận hành doanh nghiệp,informational-general,VERIFY_REQUIRED,VERIFY_REQUIRED,VERIFY_REQUIRED,1338,1200-2000,ADEQUATE,5 Lợi Ích Của Dịch Vụ Hỗ Trợ Trực Tuyến - Tổng đài ảo Gcalls,"Vấn đề liên quan đến sản phẩm, dịch vụ của công ty. Dịch vụ hỗ trợ khách hàng trực tuyến là gì? Quản trị dịch vụ khách hàng là như thế nào?",UNKNOWN_NOT_IN_SOURCE,0,3,Gcalls Plus Webphone,HAS_FEATURED; body_images=5,NONE_DETECTED_IN_METADATA,IMPORT_THEN_REWRITE,BLOCKED_AWAITING_SCOPE_DECISION
BLOG-155,Hệ Thống Quản Lý Khách Hàng Và Phần Mềm Trên Điện Thoại,he-thong-quan-ly-khach-hang,/blog/he-thong-quan-ly-khach-hang/,LIVE_WORDPRESS_NOT_IN_SOURCE,Kiến thức,HUB-08 Kiến thức vận hành doanh nghiệp,informational-general,VERIFY_REQUIRED,VERIFY_REQUIRED,VERIFY_REQUIRED,1015,900-1200,ADEQUATE_SHORT,Hệ Thống Quản Lý Khách Hàng Và Phần Mềm Trên Điện Thoại,"Việc mua các ứng dụng, phần mềm hệ thống quản lý khách hàng, bán hàng trên điện thoại có thật sự quan trọng? Cùng tìm hiểu nhé!",UNKNOWN_NOT_IN_SOURCE,0,3,Gcalls Plus Webphone,HAS_FEATURED; body_images=4,NONE_DETECTED_IN_METADATA,IMPORT_THEN_REWRITE,BLOCKED_AWAITING_SCOPE_DECISION
BLOG-156,Giải Pháp Tổng Đài Ảo Cho Doanh Nghiệp Vừa Và Nhỏ,giai-phap-tong-dai-ao-cho-doanh-nghiep-vua-va-nho,/blog/giai-phap-tong-dai-ao-cho-doanh-nghiep-vua-va-nho/,LIVE_WORDPRESS_NOT_IN_SOURCE,Kiến thức,HUB-01 Tổng đài và Call Center,informational-general,VERIFY_REQUIRED,VERIFY_REQUIRED,VERIFY_REQUIRED,1121,900-1200,ADEQUATE_SHORT,Giải Pháp Tổng Đài Ảo Cho Doanh Nghiệp Vừa Và Nhỏ,Giải pháp tổng đài ảo cho doanh nghiệp vừa và nhỏ là đâu? Có nên tìm tổng đài ảo cho doanh nghiệp khởi nghiệp nhỏ? Tìm đọc ngay,UNKNOWN_NOT_IN_SOURCE,0,6,Cloud Call Center / Gcalls Plus Webphone,HAS_FEATURED; body_images=4,NONE_DETECTED_IN_METADATA,IMPORT_THEN_REWRITE,BLOCKED_AWAITING_SCOPE_DECISION
BLOG-157,Mô Hình Trải Nghiệm Khách Hàng Là Gì?,mo-hinh-trai-nghiem-khach-hang-la-gi,/blog/mo-hinh-trai-nghiem-khach-hang-la-gi/,LIVE_WORDPRESS_NOT_IN_SOURCE,Kiến thức,HUB-04 Customer Service và Customer Experience,informational-definition,VERIFY_REQUIRED,VERIFY_REQUIRED,VERIFY_REQUIRED,1474,1200-2000,ADEQUATE,Mô Hình Trải Nghiệm Khách Hàng Là Gì? - Tổng đài ảo Gcalls,"Mô hình trải nghiệm khách hàng, các yếu tố ảnh hưởng đến dịch vụ và quy trình trải nghiệm khách hàng, 3 bước cải thiện điều đó là gì?",UNKNOWN_NOT_IN_SOURCE,0,5,Gcalls CX,HAS_FEATURED; body_images=5,NONE_DETECTED_IN_METADATA,IMPORT_THEN_REWRITE,BLOCKED_AWAITING_SCOPE_DECISION
BLOG-158,Lưu Trữ Thông Tin Khách Hàng Với Top 3 Phần Mềm Tốt Nhất,luu-tru-thong-tin-khach-hang-voi-top-3-phan-mem-tot-nhat,/blog/luu-tru-thong-tin-khach-hang-voi-top-3-phan-mem-tot-nhat/,LIVE_WORDPRESS_NOT_IN_SOURCE,Kiến thức,HUB-08 Kiến thức vận hành doanh nghiệp,commercial-investigation,VERIFY_REQUIRED,VERIFY_REQUIRED,VERIFY_REQUIRED,1370,1200-2000,ADEQUATE,Lưu Trữ Thông Tin Khách Hàng Với Top 3 Phần Mềm Tốt Nhất,"Đâu là phần mềm lưu trữ thông tin miễn phí giúp quản lý dịch vụ, quản trị hệ thống chăm sóc quan hệ khách hàng chuyên nghiệp và tốt nhất?",UNKNOWN_NOT_IN_SOURCE,0,3,Gcalls Plus Webphone,HAS_FEATURED; body_images=5,NONE_DETECTED_IN_METADATA,IMPORT_THEN_REWRITE,BLOCKED_AWAITING_SCOPE_DECISION
BLOG-159,Tổng Đài IP Và Những Điều Cần Biết Trước Khi Lắp Đặt,tong-dai-ip-va-nhung-dieu-can-biet,/blog/tong-dai-ip-va-nhung-dieu-can-biet/,LIVE_WORDPRESS_NOT_IN_SOURCE,Kiến thức,HUB-01 Tổng đài và Call Center,informational-general,VERIFY_REQUIRED,VERIFY_REQUIRED,VERIFY_REQUIRED,1402,1200-2000,ADEQUATE,Tổng Đài IP Và Những Điều Cần Biết Trước Khi Lắp Đặt,"Tổng đài IP, VOIP là gì, cấu hình ra sao và giá có rẻ hay không? Cùng GCALLS khám phá ngay qua bài viết sau đây nhé!",UNKNOWN_NOT_IN_SOURCE,0,4,Cloud Call Center / Gcalls Plus Webphone,HAS_FEATURED; body_images=5,NONE_DETECTED_IN_METADATA,IMPORT_THEN_REWRITE,BLOCKED_AWAITING_SCOPE_DECISION
BLOG-160,Nhân Viên Hỗ Trợ Khách Hàng – Chìa Khóa Thành Công Của Doanh Nghiệp,nhan-vien-ho-tro-khach-hang-chia-khoa-thanh-cong-cua-doanh-nghiep,/blog/nhan-vien-ho-tro-khach-hang-chia-khoa-thanh-cong-cua-doanh-nghiep/,LIVE_WORDPRESS_NOT_IN_SOURCE,Kiến thức,HUB-08 Kiến thức vận hành doanh nghiệp,informational-general,VERIFY_REQUIRED,VERIFY_REQUIRED,VERIFY_REQUIRED,1163,900-1200,ADEQUATE_SHORT,Nhân Viên Hỗ Trợ Khách Hàng - Chìa Khóa Thành Công Của Doanh Nghiệp,Nâng cấp các dịch vụ hỗ trợ khách hàng của doanh nghiệp. Thiết lập tổng đài hỗ trợ khách hàng. Nâng cấp nhân viên hỗ trợ khách hàng,UNKNOWN_NOT_IN_SOURCE,0,3,Gcalls Plus Webphone,HAS_FEATURED; body_images=4,NONE_DETECTED_IN_METADATA,IMPORT_THEN_REWRITE,BLOCKED_AWAITING_SCOPE_DECISION
BLOG-161,Dịch Vụ Tổng Đài Đám Mây Cho Start-Up,dich-vu-tong-dai-dam-may-cho-start-up,/blog/dich-vu-tong-dai-dam-may-cho-start-up/,LIVE_WORDPRESS_NOT_IN_SOURCE,Kiến thức,HUB-01 Tổng đài và Call Center,informational-general,VERIFY_REQUIRED,VERIFY_REQUIRED,VERIFY_REQUIRED,1262,1200-2000,ADEQUATE,Dịch Vụ Tổng Đài Đám Mây Cho Start-Up - Tổng đài ảo Gcalls,"Vậy dịch vụ, giải pháp tổng đài ảo đám mây giá rẻ và tốt nhất cho start-up là gì? Cùng tìm hiểu cụ thể và chi tiết nhất qua bài viết nhé!",UNKNOWN_NOT_IN_SOURCE,0,4,Cloud Call Center / Gcalls Plus Webphone,HAS_FEATURED; body_images=5,NONE_DETECTED_IN_METADATA,IMPORT_THEN_REWRITE,BLOCKED_AWAITING_SCOPE_DECISION
BLOG-162,8 Bước Bán Hàng Cơ Bản Và Hiệu Quả Cho Nhân Viên Sales,8-buoc-ban-hang-co-ban-va-hieu-qua-cho-nhan-vien-sales,/blog/8-buoc-ban-hang-co-ban-va-hieu-qua-cho-nhan-vien-sales/,LIVE_WORDPRESS_NOT_IN_SOURCE,Kiến thức,HUB-03 Telesales và Sales Operations,informational-howto,VERIFY_REQUIRED,VERIFY_REQUIRED,VERIFY_REQUIRED,1581,1200-2000,ADEQUATE,8 Bước Bán Hàng Cơ Bản Và Hiệu Quả Cho Nhân Viên Sales,"Hướng dẫn cụ thể quy trình 8 bước bán hàng cho nhân viên sales và những cách quản lý bán hàng hiệu quả như mua phần mềm quản lý bán hàng,...",UNKNOWN_NOT_IN_SOURCE,0,2,Gcalls Plus Webphone,HAS_FEATURED; body_images=5,NONE_DETECTED_IN_METADATA,IMPORT_THEN_REWRITE,BLOCKED_AWAITING_SCOPE_DECISION
BLOG-163,Cách Gọi Sale Hiệu Quả Có Thể Bạn Không Biết,cach-goi-sale-hieu-qua-co-the-ban-khong-biet,/blog/cach-goi-sale-hieu-qua-co-the-ban-khong-biet/,LIVE_WORDPRESS_NOT_IN_SOURCE,Kiến thức,HUB-08 Kiến thức vận hành doanh nghiệp,informational-howto,VERIFY_REQUIRED,VERIFY_REQUIRED,VERIFY_REQUIRED,1094,900-1200,ADEQUATE_SHORT,Cách Gọi Sale Hiệu Quả Có Thể Bạn Không Biết,Cách gọi sale hiệu quả là gì? Cách tư vấn khách hàng hiệu quả. Cách gọi điện telesale hiệu quả là gì? Nên gọi điện vào giờ nào?,UNKNOWN_NOT_IN_SOURCE,0,4,Gcalls Plus Webphone,HAS_FEATURED; body_images=4,NONE_DETECTED_IN_METADATA,IMPORT_THEN_REWRITE,BLOCKED_AWAITING_SCOPE_DECISION
BLOG-164,Cách Telesale Cho Người Mới Bắt Đầu,cach-telesale-cho-nguoi-moi-bat-dau,/blog/cach-telesale-cho-nguoi-moi-bat-dau/,LIVE_WORDPRESS_NOT_IN_SOURCE,Kiến thức,HUB-03 Telesales và Sales Operations,informational-howto,VERIFY_REQUIRED,VERIFY_REQUIRED,VERIFY_REQUIRED,1441,1200-2000,ADEQUATE,Cách Telesale Cho Người Mới Bắt Đầu - Tổng đài ảo Gcalls,Mời bạn cùng tìm hiểu các kỹ năng và hướng dẫn cách gọi telesale cho người mới bắt đầu trong ngành ngân hàng hiệu quả nhé!,UNKNOWN_NOT_IN_SOURCE,0,5,Gcalls Plus Webphone,HAS_FEATURED; body_images=5,NONE_DETECTED_IN_METADATA,IMPORT_THEN_REWRITE,BLOCKED_AWAITING_SCOPE_DECISION
BLOG-165,Chương Trình Chăm Sóc Khách Hàng Tối Ưu Nhất,chuong-trinh-cham-soc-khach-hang-toi-uu-nhat,/blog/chuong-trinh-cham-soc-khach-hang-toi-uu-nhat/,LIVE_WORDPRESS_NOT_IN_SOURCE,Kiến thức,HUB-04 Customer Service và Customer Experience,informational-general,VERIFY_REQUIRED,VERIFY_REQUIRED,VERIFY_REQUIRED,1063,900-1200,ADEQUATE_SHORT,Chương Trình Chăm Sóc Khách Hàng Tối Ưu Nhất,Soạn thảo chương trình chăm sóc khách hàng thân thiết. Cách xây dựng chương trình khách hàng thân thiết. Các chương trình chăm sóc khách hàng,UNKNOWN_NOT_IN_SOURCE,0,4,Gcalls CX,HAS_FEATURED; body_images=3,NONE_DETECTED_IN_METADATA,IMPORT_THEN_REWRITE,BLOCKED_AWAITING_SCOPE_DECISION
BLOG-166,Quản Lý Quan Hệ Khách Hàng Trong Doanh Nghiệp,quan-ly-quan-he-khach-hang,/blog/quan-ly-quan-he-khach-hang/,LIVE_WORDPRESS_NOT_IN_SOURCE,Kiến thức,HUB-08 Kiến thức vận hành doanh nghiệp,informational-general,VERIFY_REQUIRED,VERIFY_REQUIRED,VERIFY_REQUIRED,1477,1200-2000,ADEQUATE,Quản Lý Quan Hệ Khách Hàng Trong Doanh Nghiệp,"Quản lý quan hệ, thông tin cá nhân khách hàng là gì và làm cách nào để quản lý hiệu quả? Hãy cùng GCALLS khám phá ngay nhé!",UNKNOWN_NOT_IN_SOURCE,0,5,Gcalls Plus Webphone,HAS_FEATURED; body_images=5,NONE_DETECTED_IN_METADATA,IMPORT_THEN_REWRITE,BLOCKED_AWAITING_SCOPE_DECISION
BLOG-167,Phương Pháp Quản Lý Telesale Hiệu Quả,phuong-phap-quan-ly-telesale-hieu-qua,/blog/phuong-phap-quan-ly-telesale-hieu-qua/,LIVE_WORDPRESS_NOT_IN_SOURCE,Kiến thức,HUB-03 Telesales và Sales Operations,informational-general,VERIFY_REQUIRED,VERIFY_REQUIRED,VERIFY_REQUIRED,1651,1200-2000,ADEQUATE,Phương Pháp Quản Lý Telesale Hiệu Quả - Tổng đài ảo Gcalls,"Phương pháp quản lý telesales, telesale và telemarketing hiệu quả, ưu nhược điểm của telesale, cách tiếp cận khách hàng telesale ra sao?",UNKNOWN_NOT_IN_SOURCE,0,4,Gcalls Plus Webphone,HAS_FEATURED; body_images=4,NONE_DETECTED_IN_METADATA,IMPORT_THEN_REWRITE,BLOCKED_AWAITING_SCOPE_DECISION
BLOG-168,Hệ Thống Chăm Sóc Khách Hàng: Lợi Ích Và 6 Tính Năng,he-thong-cham-soc-khach-hang-loi-ich-va-6-tinh-nang,/blog/he-thong-cham-soc-khach-hang-loi-ich-va-6-tinh-nang/,LIVE_WORDPRESS_NOT_IN_SOURCE,Kiến thức,HUB-04 Customer Service và Customer Experience,informational-general,VERIFY_REQUIRED,VERIFY_REQUIRED,VERIFY_REQUIRED,1439,1200-2000,ADEQUATE,Hệ Thống Chăm Sóc Khách Hàng: Lợi Ích Và 6 Tính Năng,"Các hệ thống quản lý thông tin, chăm sóc khách hàng được sử dụng như một công cụ hiệu quả, chất lượng không thể thiếu của nhiều doanh nghiệp.",UNKNOWN_NOT_IN_SOURCE,0,4,Gcalls CX,HAS_FEATURED; body_images=5,NONE_DETECTED_IN_METADATA,IMPORT_THEN_REWRITE,BLOCKED_AWAITING_SCOPE_DECISION
BLOG-169,Đăng Ký Tổng Đài Ảo: Giải Pháp Chăm Sóc Khách Hàng Hiệu Quả,dang-ky-tong-dai-ao-giai-phap-cham-soc-khach-hang-hieu-qua,/blog/dang-ky-tong-dai-ao-giai-phap-cham-soc-khach-hang-hieu-qua/,LIVE_WORDPRESS_NOT_IN_SOURCE,Kiến thức,HUB-01 Tổng đài và Call Center,informational-general,VERIFY_REQUIRED,VERIFY_REQUIRED,VERIFY_REQUIRED,1468,1200-2000,ADEQUATE,Đăng Ký Tổng Đài Ảo: Giải Pháp Chăm Sóc Khách Hàng Hiệu Quả,Đăng ký số tổng đài ảo chăm sóc khách hàng (hay lắp đặt dịch vụ thoại trên nền tảng IP) có lợi gì cho doanh nghiệp? Cách đăng ký như thế nào?,UNKNOWN_NOT_IN_SOURCE,0,7,Cloud Call Center / Gcalls Plus Webphone,HAS_FEATURED; body_images=5,NONE_DETECTED_IN_METADATA,IMPORT_THEN_REWRITE,BLOCKED_AWAITING_SCOPE_DECISION
BLOG-170,Cách Gọi Telesale Hiệu Quả Mà Bạn Chưa Biết,cach-goi-telesale-hieu-qua-ma-ban-chua-biet,/blog/cach-goi-telesale-hieu-qua-ma-ban-chua-biet/,LIVE_WORDPRESS_NOT_IN_SOURCE,Kiến thức,HUB-03 Telesales và Sales Operations,informational-howto,VERIFY_REQUIRED,VERIFY_REQUIRED,VERIFY_REQUIRED,1063,900-1200,ADEQUATE_SHORT,Cách Gọi Telesale Hiệu Quả Mà Bạn Chưa Biết,Cách gọi telesale hiệu quả là gì? Cách telesale bđs hiệu quả; cách telesale chứng khoán hiệu quả; cách xử lý từ chối trong telesale,UNKNOWN_NOT_IN_SOURCE,0,4,Gcalls Plus Webphone,HAS_FEATURED; body_images=4,NONE_DETECTED_IN_METADATA,IMPORT_THEN_REWRITE,BLOCKED_AWAITING_SCOPE_DECISION
BLOG-171,8 Cách Nâng Cao Trải Nghiệm Dịch Vụ Khách Hàng,8-cach-nang-cao-trai-nghiem-dich-vu-khach-hang,/blog/8-cach-nang-cao-trai-nghiem-dich-vu-khach-hang/,LIVE_WORDPRESS_NOT_IN_SOURCE,Kiến thức,HUB-04 Customer Service và Customer Experience,informational-howto,VERIFY_REQUIRED,VERIFY_REQUIRED,VERIFY_REQUIRED,1217,1200-2000,ADEQUATE,8 Cách Nâng Cao Trải Nghiệm Dịch Vụ Khách Hàng,Vậy những cách thức chăm sóc khách hàng hiệu quả là gì để nâng cao trải nghiệm dịch vụ khách hàng? Cùng tìm hiểu cụ thể và chi tiết nhé!,UNKNOWN_NOT_IN_SOURCE,0,4,Gcalls CX,HAS_FEATURED; body_images=4,NONE_DETECTED_IN_METADATA,IMPORT_THEN_REWRITE,BLOCKED_AWAITING_SCOPE_DECISION
BLOG-172,"Hệ Thống Quản Lý Khách Hàng Trong Nhà Hàng, Khách Sạn",he-thong-quan-ly-khach-hang-trong-nha-hang-khach-san,/blog/he-thong-quan-ly-khach-hang-trong-nha-hang-khach-san/,LIVE_WORDPRESS_NOT_IN_SOURCE,Kiến thức,HUB-08 Kiến thức vận hành doanh nghiệp,informational-general,VERIFY_REQUIRED,VERIFY_REQUIRED,VERIFY_REQUIRED,1511,1200-2000,ADEQUATE,"Hệ Thống Quản Lý Khách Hàng Trong Nhà Hàng, Khách Sạn","Việc xây dựng hệ thống quản lý khách hàng chất lượng trong nhà hàng, khách sạn bằng các phần mềm như CRM, Salesforce,... có ý nghĩa gì?",UNKNOWN_NOT_IN_SOURCE,0,5,Gcalls Plus Webphone,HAS_FEATURED; body_images=5,NONE_DETECTED_IN_METADATA,IMPORT_THEN_REWRITE,BLOCKED_AWAITING_SCOPE_DECISION
BLOG-173,Chú Ý Khi Xây Dựng Sơ Đồ Quy Trình Chăm Sóc Khách Hàng,chu-y-khi-xay-dung-so-do-quy-trinh-cham-soc-khach-hang,/blog/chu-y-khi-xay-dung-so-do-quy-trinh-cham-soc-khach-hang/,LIVE_WORDPRESS_NOT_IN_SOURCE,Kiến thức,HUB-04 Customer Service và Customer Experience,informational-general,VERIFY_REQUIRED,VERIFY_REQUIRED,VERIFY_REQUIRED,1196,900-1200,ADEQUATE_SHORT,Chú Ý Khi Xây Dựng Sơ Đồ Quy Trình Chăm Sóc Khách Hàng,Sơ đồ quy trình chăm sóc khách hàng. Quy trình dịch vụ khách hàng. Tầm quan trọng của chăm sóc khách hàng. Tổng quan về chăm sóc khách hàng,UNKNOWN_NOT_IN_SOURCE,0,3,Gcalls CX,HAS_FEATURED; body_images=4,NONE_DETECTED_IN_METADATA,IMPORT_THEN_REWRITE,BLOCKED_AWAITING_SCOPE_DECISION
BLOG-174,Phần Mềm Quản Lý Khách Hàng Miễn Phí Cho Doanh Nghiệp,phan-mem-quan-ly-khach-hang-mien-phi,/blog/phan-mem-quan-ly-khach-hang-mien-phi/,LIVE_WORDPRESS_NOT_IN_SOURCE,Kiến thức,HUB-08 Kiến thức vận hành doanh nghiệp,informational-general,VERIFY_REQUIRED,VERIFY_REQUIRED,VERIFY_REQUIRED,1554,1200-2000,ADEQUATE,Phần Mềm Quản Lý Khách Hàng Miễn Phí Cho Doanh Nghiệp,Đâu là các phần mềm quản lý và chăm sóc khách hàng thân thiết đa kênh miễn phí? Cùng GCALLS khám phá ngay qua bài viết sau đây nhé!,UNKNOWN_NOT_IN_SOURCE,0,5,Gcalls Plus Webphone,HAS_FEATURED; body_images=5,NONE_DETECTED_IN_METADATA,IMPORT_THEN_REWRITE,BLOCKED_AWAITING_SCOPE_DECISION
BLOG-175,Phương Pháp Chăm Sóc Khách Hàng Hiệu Quả Nhất Hiện Nay,phuong-phap-cham-soc-khach-hang-hieu-qua,/blog/phuong-phap-cham-soc-khach-hang-hieu-qua/,LIVE_WORDPRESS_NOT_IN_SOURCE,Kiến thức,HUB-04 Customer Service và Customer Experience,informational-general,VERIFY_REQUIRED,VERIFY_REQUIRED,VERIFY_REQUIRED,1300,1200-2000,ADEQUATE,Phương Pháp Chăm Sóc Khách Hàng Hiệu Quả Nhất Hiện Nay,"Đâu là các phương thức, giải pháp, phương châm chăm sóc khách hàng hiệu quả là gì? Cùng GCALLS tìm hiểu ngay qua bài viết này nhé!",UNKNOWN_NOT_IN_SOURCE,0,5,Gcalls CX,HAS_FEATURED; body_images=5,NONE_DETECTED_IN_METADATA,IMPORT_THEN_REWRITE,BLOCKED_AWAITING_SCOPE_DECISION
BLOG-176,Nâng Cao Chất Lượng Nguồn Nhân Lực Trong Doanh Nghiệp,nang-cao-chat-luong-nguon-nhan-luc,/blog/nang-cao-chat-luong-nguon-nhan-luc/,LIVE_WORDPRESS_NOT_IN_SOURCE,Kiến thức,HUB-05 QA/QC và quản trị chất lượng,informational-general,VERIFY_REQUIRED,VERIFY_REQUIRED,VERIFY_REQUIRED,1761,1200-2000,ADEQUATE,Nâng Cao Chất Lượng Nguồn Nhân Lực Trong Doanh Nghiệp,Nâng cao chất lượng đào tạo nguồn nhân lực tại công ty là gì và chúng có những giải pháp nào? Hãy cùng GCALLS khám phá ngay nhé!,UNKNOWN_NOT_IN_SOURCE,0,3,QA/QC Center,HAS_FEATURED; body_images=5,NONE_DETECTED_IN_METADATA,IMPORT_THEN_REWRITE,BLOCKED_AWAITING_SCOPE_DECISION
BLOG-177,Xây Dựng Chiến Lược Marketing Hiệu Quả Như Thế Nào?,xay-dung-chien-luoc-marketing-hieu-qua-nhu-the-nao,/blog/xay-dung-chien-luoc-marketing-hieu-qua-nhu-the-nao/,LIVE_WORDPRESS_NOT_IN_SOURCE,Kiến thức,HUB-08 Kiến thức vận hành doanh nghiệp,informational-general,VERIFY_REQUIRED,VERIFY_REQUIRED,VERIFY_REQUIRED,1115,900-1200,ADEQUATE_SHORT,Xây Dựng Chiến Lược Marketing Hiệu Quả Như Thế Nào?,Cách marketing hiệu quả là nền tảng giúp cho doanh nghiệp phát triển thành công. Cách xây dựng chiến lược marketing cho sản phẩm mới,UNKNOWN_NOT_IN_SOURCE,0,2,Gcalls Plus Webphone,HAS_FEATURED; body_images=4,NONE_DETECTED_IN_METADATA,IMPORT_THEN_REWRITE,BLOCKED_AWAITING_SCOPE_DECISION
BLOG-178,9 Ý Tưởng Khởi Nghiệp Tuyệt Vời Cho Bạn,9-y-tuong-khoi-nghiep-tuyet-voi-cho-ban,/blog/9-y-tuong-khoi-nghiep-tuyet-voi-cho-ban/,LIVE_WORDPRESS_NOT_IN_SOURCE,Kiến thức,HUB-08 Kiến thức vận hành doanh nghiệp,informational-general,VERIFY_REQUIRED,VERIFY_REQUIRED,VERIFY_REQUIRED,1289,1200-2000,ADEQUATE,9 Ý Tưởng Khởi Nghiệp Tuyệt Vời Cho Bạn - Tổng đài ảo Gcalls,Bạn đang tìm kiếm các ý tưởng khởi nghiệp cho một startup và bạn muốn biết rủi ro khi khởi nghiệp là gì? Hãy cùng tìm hiểu nhé!,UNKNOWN_NOT_IN_SOURCE,0,3,Gcalls Plus Webphone,HAS_FEATURED; body_images=5,NONE_DETECTED_IN_METADATA,IMPORT_THEN_REWRITE,BLOCKED_AWAITING_SCOPE_DECISION
BLOG-179,8 Phương Pháp Tiếp Cận Khách Hàng Hiệu Quả,8-phuong-phap-tiep-can-khach-hang-hieu-qua,/blog/8-phuong-phap-tiep-can-khach-hang-hieu-qua/,LIVE_WORDPRESS_NOT_IN_SOURCE,Kiến thức,HUB-08 Kiến thức vận hành doanh nghiệp,informational-general,VERIFY_REQUIRED,VERIFY_REQUIRED,VERIFY_REQUIRED,1551,1200-2000,ADEQUATE,8 Phương Pháp Tiếp Cận Khách Hàng Hiệu Quả -,"Vậy mời bạn cùng tìm hiểu phương án, phương pháp, phương thức, cách thức tiếp cận khách hàng hiệu quả qua bài viết sau nhé!",UNKNOWN_NOT_IN_SOURCE,0,5,Gcalls Plus Webphone,HAS_FEATURED; body_images=5,NONE_DETECTED_IN_METADATA,IMPORT_THEN_REWRITE,BLOCKED_AWAITING_SCOPE_DECISION
BLOG-180,Xác Định Khách Hàng Mục Tiêu: Vai Trò & Cách Xác Định,xac-dinh-khach-hang-muc-tieu-vai-tro-cach-xac-dinh,/blog/xac-dinh-khach-hang-muc-tieu-vai-tro-cach-xac-dinh/,LIVE_WORDPRESS_NOT_IN_SOURCE,Kiến thức,HUB-08 Kiến thức vận hành doanh nghiệp,informational-howto,VERIFY_REQUIRED,VERIFY_REQUIRED,VERIFY_REQUIRED,1528,1200-2000,ADEQUATE,Xác Định Khách Hàng Mục Tiêu: Vai Trò & Cách Xác Định,"Tại sao phải xác định khách hàng mục tiêu? Có những cách nào để xác định chính xác, rõ ràng chân dung đối tượng khách hàng mục tiêu?",UNKNOWN_NOT_IN_SOURCE,0,3,Gcalls Plus Webphone,HAS_FEATURED; body_images=5,NONE_DETECTED_IN_METADATA,IMPORT_THEN_REWRITE,BLOCKED_AWAITING_SCOPE_DECISION
BLOG-181,Mục Tiêu SMART Là Gì? Ví Dụ Và Cách Đặt Mục Tiêu SMART,muc-tieu-smart-la-gi-vi-du-va-cach-dat-muc-tieu-smart,/blog/muc-tieu-smart-la-gi-vi-du-va-cach-dat-muc-tieu-smart/,LIVE_WORDPRESS_NOT_IN_SOURCE,Kiến thức,HUB-08 Kiến thức vận hành doanh nghiệp,informational-definition,VERIFY_REQUIRED,VERIFY_REQUIRED,VERIFY_REQUIRED,1436,1200-2000,ADEQUATE,Mục Tiêu SMART Là Gì? Ví Dụ Và Cách Đặt Mục Tiêu SMART,Mục tiêu SMART là gì và áp dụng mô hình SMART trong kế hoạch Marketing có ý nghĩa gì đối với doanh nghiệp? Cách đặt mục tiêu SMART ra sao?,UNKNOWN_NOT_IN_SOURCE,0,5,Gcalls Plus Webphone,HAS_FEATURED; body_images=5,NONE_DETECTED_IN_METADATA,IMPORT_THEN_REWRITE,BLOCKED_AWAITING_SCOPE_DECISION
BLOG-182,5 Bước Lập Kế Hoạch Marketing Hiệu Quả Cho Doanh Nghiệp,5-buoc-lap-ke-hoach-marketing-hieu-qua-cho-doanh-nghiep,/blog/5-buoc-lap-ke-hoach-marketing-hieu-qua-cho-doanh-nghiep/,LIVE_WORDPRESS_NOT_IN_SOURCE,Kiến thức,HUB-08 Kiến thức vận hành doanh nghiệp,informational-howto,VERIFY_REQUIRED,VERIFY_REQUIRED,VERIFY_REQUIRED,1565,1200-2000,ADEQUATE,5 Bước Lập Kế Hoạch Marketing Hiệu Quả Cho Doanh Nghiệp,Tham khảo ngay 5 bước xây dựng và lập mẫu kế hoạch Marketing tổng thể có hiệu quả và đạt được các mục tiêu doanh nghiệp đã đề ra.,UNKNOWN_NOT_IN_SOURCE,0,4,Gcalls Plus Webphone,HAS_FEATURED; body_images=5,NONE_DETECTED_IN_METADATA,IMPORT_THEN_REWRITE,BLOCKED_AWAITING_SCOPE_DECISION
BLOG-183,Xác Định Ngân Sách Marketing Như Thế Nào?,xac-dinh-ngan-sach-marketing-nhu-the-nao,/blog/xac-dinh-ngan-sach-marketing-nhu-the-nao/,LIVE_WORDPRESS_NOT_IN_SOURCE,Kiến thức,HUB-08 Kiến thức vận hành doanh nghiệp,informational-general,VERIFY_REQUIRED,VERIFY_REQUIRED,VERIFY_REQUIRED,1151,900-1200,ADEQUATE_SHORT,Xác Định Ngân Sách Marketing Như Thế Nào?,Hoạch định ngân sách marketing là gì? Xác định ngân sách marketing hay xây dựng ngân sách marketing ra sao. Cách lập ngân sách marketing,UNKNOWN_NOT_IN_SOURCE,0,5,Gcalls Plus Webphone,HAS_FEATURED; body_images=4,NONE_DETECTED_IN_METADATA,IMPORT_THEN_REWRITE,BLOCKED_AWAITING_SCOPE_DECISION
BLOG-184,Nhà Đầu Tư Thiên Thần – Cứu Tinh Của Start Up,nha-dau-tu-thien-than-cuu-tinh-cua-start-up,/blog/nha-dau-tu-thien-than-cuu-tinh-cua-start-up/,LIVE_WORDPRESS_NOT_IN_SOURCE,Kiến thức,HUB-08 Kiến thức vận hành doanh nghiệp,informational-general,VERIFY_REQUIRED,VERIFY_REQUIRED,VERIFY_REQUIRED,1801,1200-2000,ADEQUATE,Nhà Đầu Tư Thiên Thần - Cứu Tinh Của Start Up,Nhà đầu tư thiên thần là gì và xu hướng tìm kiếm ở Việt Nam ra sao? Hãy cùng GCALLS khám phá ngay qua bài viết sau đây nhé!,UNKNOWN_NOT_IN_SOURCE,0,4,Gcalls Plus Webphone,HAS_FEATURED; body_images=5,NONE_DETECTED_IN_METADATA,IMPORT_THEN_REWRITE,BLOCKED_AWAITING_SCOPE_DECISION
BLOG-185,9 Bước Lập Kế Hoạch Digital Marketing,9-buoc-lap-ke-hoach-digital-marketing,/blog/9-buoc-lap-ke-hoach-digital-marketing/,LIVE_WORDPRESS_NOT_IN_SOURCE,Kiến thức,HUB-08 Kiến thức vận hành doanh nghiệp,informational-howto,VERIFY_REQUIRED,VERIFY_REQUIRED,VERIFY_REQUIRED,1149,900-1200,ADEQUATE_SHORT,9 Bước Lập Kế Hoạch Digital Marketing - Tổng đài ảo Gcalls,Vậy những cách lập kế hoạch digital marketing online hiệu quả là gì? Cùng tìm hiểu cụ thể và chi tiết nhất qua bài viết sau đây nhé!,UNKNOWN_NOT_IN_SOURCE,0,3,Gcalls Plus Webphone,HAS_FEATURED; body_images=5,NONE_DETECTED_IN_METADATA,IMPORT_THEN_REWRITE,BLOCKED_AWAITING_SCOPE_DECISION
BLOG-186,Tự Ghi Âm Cuộc Gọi Và Cách Hướng Dẫn Cài,tu-ghi-am-cuoc-goi-va-cach-huong-dan-cai,/blog/tu-ghi-am-cuoc-goi-va-cach-huong-dan-cai/,LIVE_WORDPRESS_NOT_IN_SOURCE,Kiến thức,HUB-01 Tổng đài và Call Center,informational-howto,VERIFY_REQUIRED,VERIFY_REQUIRED,VERIFY_REQUIRED,1481,1200-2000,ADEQUATE,Tự Ghi Âm Cuộc Gọi Và Cách Hướng Dẫn Cài - Tổng đài ảo Gcalls,Làm cách nào để cài đặt các phần mềm tự động ghi âm cuộc gọi? Hãy cùng GCALLS tìm hiểu ngay qua bài viết sau đây liền nhé!,UNKNOWN_NOT_IN_SOURCE,0,4,Cloud Call Center / Gcalls Plus Webphone,HAS_FEATURED; body_images=5,NONE_DETECTED_IN_METADATA,IMPORT_THEN_REWRITE,BLOCKED_AWAITING_SCOPE_DECISION
BLOG-187,4 Website Gọi Vốn Cộng Đồng Hiệu Quả Dành Cho Start-Up,4-website-goi-von-cong-dong-hieu-qua-danh-cho-start-up,/blog/4-website-goi-von-cong-dong-hieu-qua-danh-cho-start-up/,LIVE_WORDPRESS_NOT_IN_SOURCE,Kiến thức,HUB-08 Kiến thức vận hành doanh nghiệp,informational-general,VERIFY_REQUIRED,VERIFY_REQUIRED,VERIFY_REQUIRED,1294,1200-2000,ADEQUATE,4 Website Gọi Vốn Cộng Đồng Hiệu Quả Dành Cho Start-Up,Gọi vốn cộng đồng (Crowdfunding) là gì và làm sao để kêu gọi vốn? Xem ngay các trang web gọi vốn cộng đồng hiệu quả và nổi tiếng ở Việt Nam.,UNKNOWN_NOT_IN_SOURCE,0,5,Gcalls Plus Webphone,HAS_FEATURED; body_images=5,NONE_DETECTED_IN_METADATA,IMPORT_THEN_REWRITE,BLOCKED_AWAITING_SCOPE_DECISION
BLOG-188,Hướng Dẫn Khởi Nghiệp Hiệu Quả,huong-dan-khoi-nghiep-hieu-qua,/blog/huong-dan-khoi-nghiep-hieu-qua/,LIVE_WORDPRESS_NOT_IN_SOURCE,Kiến thức,HUB-09 Hướng dẫn sử dụng Gcalls,informational-howto,VERIFY_REQUIRED,VERIFY_REQUIRED,VERIFY_REQUIRED,1328,1200-2000,ADEQUATE,Hướng Dẫn Khởi Nghiệp Hiệu Quả - Tổng đài ảo Gcalls,Bạn chưa biết ý định khởi nghiệp và định hướng khởi nghiệp kinh doanh là gì? Mời bạn cùng tìm hiểu hướng dẫn khởi nghiệp kinh doanh nhé!,UNKNOWN_NOT_IN_SOURCE,0,3,Gcalls Plus Webphone,HAS_FEATURED; body_images=5,NONE_DETECTED_IN_METADATA,IMPORT_THEN_REWRITE,BLOCKED_AWAITING_SCOPE_DECISION
BLOG-189,Quản Trị Theo Mục Tiêu SMART Là Gì?,quan-tri-theo-muc-tieu-smart-la-gi,/blog/quan-tri-theo-muc-tieu-smart-la-gi/,LIVE_WORDPRESS_NOT_IN_SOURCE,Kiến thức,HUB-08 Kiến thức vận hành doanh nghiệp,informational-definition,VERIFY_REQUIRED,VERIFY_REQUIRED,VERIFY_REQUIRED,1257,1200-2000,ADEQUATE,Quản Trị Theo Mục Tiêu SMART Là Gì? - Tổng đài ảo Gcalls,"Vậy cụ thể thì cách xác định và quản trị theo mục tiêu, mô hình SMART trong kinh doanh của doanh nghiệp là gì? Cùng tìm hiểu cụ thể nhé!",UNKNOWN_NOT_IN_SOURCE,0,4,Gcalls Plus Webphone,HAS_FEATURED; body_images=4,NONE_DETECTED_IN_METADATA,IMPORT_THEN_REWRITE,BLOCKED_AWAITING_SCOPE_DECISION
BLOG-190,9 việc NÊN và KHÔNG NÊN làm trong quy trình đánh giá nhân viên,9-viec-nen-va-khong-nen-lam-trong-quy-trinh-danh-gia-nhan-vien,/blog/9-viec-nen-va-khong-nen-lam-trong-quy-trinh-danh-gia-nhan-vien/,LIVE_WORDPRESS_NOT_IN_SOURCE,Kiến thức|Quản Lý,HUB-05 QA/QC và quản trị chất lượng,commercial-investigation,VERIFY_REQUIRED,VERIFY_REQUIRED,VERIFY_REQUIRED,1909,1200-2000,ADEQUATE,9 việc NÊN và KHÔNG NÊN làm trong quy trình đánh giá nhân viên,"Đánh giá hiệu suất nhân sự định kỳ (Performance Review) là một phần vô cùng quan trọng trong hoạt động doanh nghiệp, giúp cả người quản lý và nhân sự cùng nhìn lại, thống kê và trao đổi thẳng thắn về thành tựu, khó khăn, kỳ vọng và góc nhìn về nhiều khía cạnh của sự thể hiện cá nhân, phối hợp nhóm cũng như vận hành chung của công ty.",UNKNOWN_NOT_IN_SOURCE,0,1,QA/QC Center,HAS_FEATURED; body_images=2,NONE_DETECTED_IN_METADATA,IMPORT_THEN_REWRITE,BLOCKED_AWAITING_SCOPE_DECISION
BLOG-191,Thủ thuật tăng traffic website uy tín tại trafficSEO,thu-thuat-tang-traffic-website-uy-tin-tai-trafficseo,/blog/thu-thuat-tang-traffic-website-uy-tin-tai-trafficseo/,LIVE_WORDPRESS_NOT_IN_SOURCE,Kiến thức,HUB-08 Kiến thức vận hành doanh nghiệp,informational-general,VERIFY_REQUIRED,VERIFY_REQUIRED,VERIFY_REQUIRED,825,900-1200,BELOW_STANDARD,Thủ thuật tăng traffic website uy tín tại trafficSEO - Tổng đài ảo Gcalls,"Khi xây dựng website, các doanh nghiệp luôn muốn đẩy nhanh số lượng người truy cập. Đồng thời nâng cao thứ hạng của trang web trên trình duyệt tìm kiếm Google. Trên thực tế, thủ thuật tăng traffic website được áp dụng phổ biến để giải quyết nỗi lo này.",UNKNOWN_NOT_IN_SOURCE,0,2,Gcalls Plus Webphone,IMAGE_REQUIRED; body_images=3,NONE_DETECTED_IN_METADATA,IMPORT_THEN_REWRITE,BLOCKED_AWAITING_SCOPE_DECISION
BLOG-192,HR Parttime Copy,hr-parttime-copy,/blog/hr-parttime-copy/,LIVE_WORDPRESS_NOT_IN_SOURCE,Tuyển Dụng,HUB-08 Kiến thức vận hành doanh nghiệp,informational-general,VERIFY_REQUIRED,VERIFY_REQUIRED,VERIFY_REQUIRED,525,900-1200,THIN,HR Parttime Copy - Tổng đài ảo Gcalls,,UNKNOWN_NOT_IN_SOURCE,0,1,Gcalls Plus Webphone,HAS_FEATURED; body_images=0,NONE_DETECTED_IN_METADATA,IMPORT_THEN_REWRITE,BLOCKED_AWAITING_SCOPE_DECISION
BLOG-193,Какие Слоты Дают Играют Сегодня В Казин,%d0%ba%d0%b0%d0%ba%d0%b8%d0%b5-%d1%81%d0%bb%d0%be%d1%82%d1%8b-%d0%b4%d0%b0%d1%8e%d1%82-%d0%b8%d0%b3%d1%80%d0%b0%d1%8e%d1%82-%d1%81%d0%b5%d0%b3%d0%be%d0%b4%d0%bd%d1%8f-%d0%b2-%d0%ba%d0%b0%d0%b7%d0%b8,/blog/%d0%ba%d0%b0%d0%ba%d0%b8%d0%b5-%d1%81%d0%bb%d0%be%d1%82%d1%8b-%d0%b4%d0%b0%d1%8e%d1%82-%d0%b8%d0%b3%d1%80%d0%b0%d1%8e%d1%82-%d1%81%d0%b5%d0%b3%d0%be%d0%b4%d0%bd%d1%8f-%d0%b2-%d0%ba%d0%b0%d0%b7%d0%b8/,LIVE_WORDPRESS_NOT_IN_SOURCE,Kiến thức,HUB-08 Kiến thức vận hành doanh nghiệp,informational-general,VERIFY_REQUIRED,VERIFY_REQUIRED,VERIFY_REQUIRED,3017,2000-3000,STRONG,Какие Слоты Дают Играют Сегодня В Казин - Tổng đài ảo Gcalls,,UNKNOWN_NOT_IN_SOURCE,0,33,Gcalls Plus Webphone,IMAGE_REQUIRED; body_images=0,NONE_DETECTED_IN_METADATA,IMPORT_THEN_NORMALIZE,BLOCKED_AWAITING_SCOPE_DECISION
BLOG-194,Экспресс Дня 6 Февраля Ставки И Прогнозы На Футбол Кэф Дня: Some 8,%d1%8d%d0%ba%d1%81%d0%bf%d1%80%d0%b5%d1%81%d1%81-%d0%b4%d0%bd%d1%8f-6-%d1%84%d0%b5%d0%b2%d1%80%d0%b0%d0%bb%d1%8f-%d1%81%d1%82%d0%b0%d0%b2%d0%ba%d0%b8-%d0%b8-%d0%bf%d1%80%d0%be%d0%b3%d0%bd%d0%be%d0%b7,/blog/%d1%8d%d0%ba%d1%81%d0%bf%d1%80%d0%b5%d1%81%d1%81-%d0%b4%d0%bd%d1%8f-6-%d1%84%d0%b5%d0%b2%d1%80%d0%b0%d0%bb%d1%8f-%d1%81%d1%82%d0%b0%d0%b2%d0%ba%d0%b8-%d0%b8-%d0%bf%d1%80%d0%be%d0%b3%d0%bd%d0%be%d0%b7/,LIVE_WORDPRESS_NOT_IN_SOURCE,Kiến thức,HUB-08 Kiến thức vận hành doanh nghiệp,informational-general,VERIFY_REQUIRED,VERIFY_REQUIRED,VERIFY_REQUIRED,2970,2000-3000,STRONG,Экспресс Дня 6 Февраля Ставки И Прогнозы На Футбол Кэф Дня: Some 8 - Tổng đài ảo Gcalls,,UNKNOWN_NOT_IN_SOURCE,0,33,Gcalls Plus Webphone,IMAGE_REQUIRED; body_images=0,NONE_DETECTED_IN_METADATA,IMPORT_THEN_NORMALIZE,BLOCKED_AWAITING_SCOPE_DECISION
BLOG-195,Avrupanın 1 Numaralı Çevrimiçi Kumar Hedef,avrupanin-1-numarali-cevrimici-kumar-hedef-2,/blog/avrupanin-1-numarali-cevrimici-kumar-hedef-2/,LIVE_WORDPRESS_NOT_IN_SOURCE,Kiến thức,HUB-08 Kiến thức vận hành doanh nghiệp,informational-general,VERIFY_REQUIRED,VERIFY_REQUIRED,VERIFY_REQUIRED,3504,2000-3000,STRONG,Avrupanın 1 Numaralı Çevrimiçi Kumar Hedef - Tổng đài ảo Gcalls,,UNKNOWN_NOT_IN_SOURCE,0,33,Gcalls Plus Webphone,IMAGE_REQUIRED; body_images=0,NONE_DETECTED_IN_METADATA,IMPORT_THEN_NORMALIZE,BLOCKED_AWAITING_SCOPE_DECISION
BLOG-196,Ставки На Футбол Webmoney Категор,%d1%81%d1%82%d0%b0%d0%b2%d0%ba%d0%b8-%d0%bd%d0%b0-%d1%84%d1%83%d1%82%d0%b1%d0%be%d0%bb-webmoney-%d0%ba%d0%b0%d1%82%d0%b5%d0%b3%d0%be%d1%80,/blog/%d1%81%d1%82%d0%b0%d0%b2%d0%ba%d0%b8-%d0%bd%d0%b0-%d1%84%d1%83%d1%82%d0%b1%d0%be%d0%bb-webmoney-%d0%ba%d0%b0%d1%82%d0%b5%d0%b3%d0%be%d1%80/,LIVE_WORDPRESS_NOT_IN_SOURCE,mostbet-ru-serg,HUB-08 Kiến thức vận hành doanh nghiệp,informational-general,VERIFY_REQUIRED,VERIFY_REQUIRED,VERIFY_REQUIRED,3692,2000-3000,STRONG,Ставки На Футбол Webmoney Категор - Tổng đài ảo Gcalls,,UNKNOWN_NOT_IN_SOURCE,0,36,Gcalls Plus Webphone,IMAGE_REQUIRED; body_images=0,NONE_DETECTED_IN_METADATA,IMPORT_THEN_NORMALIZE,BLOCKED_AWAITING_SCOPE_DECISION
BLOG-197,Pin Up Casino Resmi Web Sitesi Giriş Ve Kayı Leading It Training As Well As Placement Company,pin-up-casino-resmi-web-sitesi-giris-ve-kayi-leading-it-training-as-well-as-placement-company,/blog/pin-up-casino-resmi-web-sitesi-giris-ve-kayi-leading-it-training-as-well-as-placement-company/,LIVE_WORDPRESS_NOT_IN_SOURCE,Kiến thức,HUB-08 Kiến thức vận hành doanh nghiệp,informational-general,VERIFY_REQUIRED,VERIFY_REQUIRED,VERIFY_REQUIRED,2912,2000-3000,STRONG,Pin Up Casino Resmi Web Sitesi Giriş Ve Kayı Leading It Training As Well As Placement Company - Tổng đài ảo Gcalls,,UNKNOWN_NOT_IN_SOURCE,0,31,Gcalls Plus Webphone,IMAGE_REQUIRED; body_images=0,NONE_DETECTED_IN_METADATA,IMPORT_THEN_NORMALIZE,BLOCKED_AWAITING_SCOPE_DECISION
BLOG-198,Ознакомительный Первый Пост Ставки Начинающие В Ставках Блоги,%d0%be%d0%b7%d0%bd%d0%b0%d0%ba%d0%be%d0%bc%d0%b8%d1%82%d0%b5%d0%bb%d1%8c%d0%bd%d1%8b%d0%b9-%d0%bf%d0%b5%d1%80%d0%b2%d1%8b%d0%b9-%d0%bf%d0%be%d1%81%d1%82-%d1%81%d1%82%d0%b0%d0%b2%d0%ba%d0%b8-%d0%bd,/blog/%d0%be%d0%b7%d0%bd%d0%b0%d0%ba%d0%be%d0%bc%d0%b8%d1%82%d0%b5%d0%bb%d1%8c%d0%bd%d1%8b%d0%b9-%d0%bf%d0%b5%d1%80%d0%b2%d1%8b%d0%b9-%d0%bf%d0%be%d1%81%d1%82-%d1%81%d1%82%d0%b0%d0%b2%d0%ba%d0%b8-%d0%bd/,LIVE_WORDPRESS_NOT_IN_SOURCE,Kiến thức,HUB-08 Kiến thức vận hành doanh nghiệp,informational-general,VERIFY_REQUIRED,VERIFY_REQUIRED,VERIFY_REQUIRED,3055,2000-3000,STRONG,Ознакомительный Первый Пост Ставки Начинающие В Ставках Блоги - Tổng đài ảo Gcalls,,UNKNOWN_NOT_IN_SOURCE,0,30,Gcalls Plus Webphone,IMAGE_REQUIRED; body_images=0,NONE_DETECTED_IN_METADATA,IMPORT_THEN_NORMALIZE,BLOCKED_AWAITING_SCOPE_DECISION
BLOG-199,Zakłady Bukmacherskie W Polsce 19+ Aktualnych Bonusó,zaklady-bukmacherskie-w-polsce-19-aktualnych-bonuso,/blog/zaklady-bukmacherskie-w-polsce-19-aktualnych-bonuso/,LIVE_WORDPRESS_NOT_IN_SOURCE,Kiến thức,HUB-08 Kiến thức vận hành doanh nghiệp,informational-general,VERIFY_REQUIRED,VERIFY_REQUIRED,VERIFY_REQUIRED,3433,2000-3000,STRONG,Zakłady Bukmacherskie W Polsce 19+ Aktualnych Bonusó - Tổng đài ảo Gcalls,,UNKNOWN_NOT_IN_SOURCE,0,32,Gcalls Plus Webphone,IMAGE_REQUIRED; body_images=0,NONE_DETECTED_IN_METADATA,IMPORT_THEN_NORMALIZE,BLOCKED_AWAITING_SCOPE_DECISION
BLOG-200,Ksw 91 Wyniki Walk Na Żywo Kto Wygrał T Libercu 17 02 2024,ksw-91-wyniki-walk-na-zywo-kto-wygral-t-libercu-17-02-2024,/blog/ksw-91-wyniki-walk-na-zywo-kto-wygral-t-libercu-17-02-2024/,LIVE_WORDPRESS_NOT_IN_SOURCE,Kiến thức,HUB-08 Kiến thức vận hành doanh nghiệp,informational-general,VERIFY_REQUIRED,VERIFY_REQUIRED,VERIFY_REQUIRED,2862,2000-3000,STRONG,Ksw 91 Wyniki Walk Na Żywo Kto Wygrał T Libercu 17 02 2024 - Tổng đài ảo Gcalls,,UNKNOWN_NOT_IN_SOURCE,0,33,Gcalls Plus Webphone,IMAGE_REQUIRED; body_images=0,NONE_DETECTED_IN_METADATA,IMPORT_THEN_NORMALIZE,BLOCKED_AWAITING_SCOPE_DECISION
BLOG-201,Przyjmuje Zakłady Sportowe Odpowiedzi Do Krzyżówk Karkoç Gebze Oto Klima Sistemler,przyjmuje-zaklady-sportowe-odpowiedzi-do-krzyzowk-karkoc-gebze-oto-klima-sistemler,/blog/przyjmuje-zaklady-sportowe-odpowiedzi-do-krzyzowk-karkoc-gebze-oto-klima-sistemler/,LIVE_WORDPRESS_NOT_IN_SOURCE,Kiến thức,HUB-08 Kiến thức vận hành doanh nghiệp,informational-general,VERIFY_REQUIRED,VERIFY_REQUIRED,VERIFY_REQUIRED,3563,2000-3000,STRONG,Przyjmuje Zakłady Sportowe Odpowiedzi Do Krzyżówk Karkoç Gebze Oto Klima Sistemler - Tổng đài ảo Gcalls,,UNKNOWN_NOT_IN_SOURCE,0,33,Gcalls Plus Webphone,IMAGE_REQUIRED; body_images=0,NONE_DETECTED_IN_METADATA,IMPORT_THEN_NORMALIZE,BLOCKED_AWAITING_SCOPE_DECISION
BLOG-202,"Zakłady Sportowe Totolotek Pl Szereg Zakładów On The Internet, Zakłady Onlin",zaklady-sportowe-totolotek-pl-szereg-zakladow-on-the-internet-zaklady-onlin,/blog/zaklady-sportowe-totolotek-pl-szereg-zakladow-on-the-internet-zaklady-onlin/,LIVE_WORDPRESS_NOT_IN_SOURCE,Kiến thức,HUB-08 Kiến thức vận hành doanh nghiệp,informational-general,VERIFY_REQUIRED,VERIFY_REQUIRED,VERIFY_REQUIRED,3617,2000-3000,STRONG,"Zakłady Sportowe Totolotek Pl Szereg Zakładów On The Internet, Zakłady Onlin - Tổng đài ảo Gcalls",,UNKNOWN_NOT_IN_SOURCE,0,31,Gcalls Plus Webphone,IMAGE_REQUIRED; body_images=0,NONE_DETECTED_IN_METADATA,IMPORT_THEN_NORMALIZE,BLOCKED_AWAITING_SCOPE_DECISION
BLOG-203,Ggbet Zakłady Sportowe I Esportowe Twoje Kasyno Onlin,ggbet-zaklady-sportowe-i-esportowe-twoje-kasyno-onlin,/blog/ggbet-zaklady-sportowe-i-esportowe-twoje-kasyno-onlin/,LIVE_WORDPRESS_NOT_IN_SOURCE,Kiến thức,HUB-08 Kiến thức vận hành doanh nghiệp,informational-general,VERIFY_REQUIRED,VERIFY_REQUIRED,VERIFY_REQUIRED,2823,2000-3000,STRONG,Ggbet Zakłady Sportowe I Esportowe Twoje Kasyno Onlin - Tổng đài ảo Gcalls,,UNKNOWN_NOT_IN_SOURCE,0,32,Gcalls Plus Webphone,IMAGE_REQUIRED; body_images=0,NONE_DETECTED_IN_METADATA,IMPORT_THEN_NORMALIZE,BLOCKED_AWAITING_SCOPE_DECISION
BLOG-204,“ksw: Ranking Kto Jest Mistrzem W Danej Kategorii Ksw,ksw-ranking-kto-jest-mistrzem-w-danej-kategorii-ksw,/blog/ksw-ranking-kto-jest-mistrzem-w-danej-kategorii-ksw/,LIVE_WORDPRESS_NOT_IN_SOURCE,Kiến thức,HUB-08 Kiến thức vận hành doanh nghiệp,informational-general,VERIFY_REQUIRED,VERIFY_REQUIRED,VERIFY_REQUIRED,2711,2000-3000,STRONG,"""ksw: Ranking Kto Jest Mistrzem W Danej Kategorii Ksw - Tổng đài ảo Gcalls",,UNKNOWN_NOT_IN_SOURCE,0,33,Gcalls Plus Webphone,IMAGE_REQUIRED; body_images=0,NONE_DETECTED_IN_METADATA,IMPORT_THEN_NORMALIZE,BLOCKED_AWAITING_SCOPE_DECISION
BLOG-205,Turnieje E-sportowe 2023 Wszystkie Zawody Watts Grac,turnieje-e-sportowe-2023-wszystkie-zawody-watts-grac,/blog/turnieje-e-sportowe-2023-wszystkie-zawody-watts-grac/,LIVE_WORDPRESS_NOT_IN_SOURCE,Kiến thức,HUB-08 Kiến thức vận hành doanh nghiệp,informational-general,VERIFY_REQUIRED,VERIFY_REQUIRED,VERIFY_REQUIRED,3460,2000-3000,STRONG,Turnieje E-sportowe 2023 Wszystkie Zawody Watts Grac - Tổng đài ảo Gcalls,,UNKNOWN_NOT_IN_SOURCE,0,33,Gcalls Plus Webphone,IMAGE_REQUIRED; body_images=0,NONE_DETECTED_IN_METADATA,IMPORT_THEN_NORMALIZE,BLOCKED_AWAITING_SCOPE_DECISION
BLOG-206,Bet-at-home Zakłady Sportowe Bet-at-home Polsk,bet-at-home-zaklady-sportowe-bet-at-home-polsk,/blog/bet-at-home-zaklady-sportowe-bet-at-home-polsk/,LIVE_WORDPRESS_NOT_IN_SOURCE,Kiến thức,HUB-08 Kiến thức vận hành doanh nghiệp,informational-general,VERIFY_REQUIRED,VERIFY_REQUIRED,VERIFY_REQUIRED,3246,2000-3000,STRONG,Bet-at-home Zakłady Sportowe Bet-at-home Polsk - Tổng đài ảo Gcalls,,UNKNOWN_NOT_IN_SOURCE,0,32,Gcalls Plus Webphone,IMAGE_REQUIRED; body_images=0,NONE_DETECTED_IN_METADATA,IMPORT_THEN_NORMALIZE,BLOCKED_AWAITING_SCOPE_DECISION
BLOG-207,"Marsylia Villarreal Kursy, Typy, Zakłady Na Le Seven 03 2024",marsylia-villarreal-kursy-typy-zaklady-na-le-seven-03-2024,/blog/marsylia-villarreal-kursy-typy-zaklady-na-le-seven-03-2024/,LIVE_WORDPRESS_NOT_IN_SOURCE,Kiến thức,HUB-08 Kiến thức vận hành doanh nghiệp,informational-general,VERIFY_REQUIRED,VERIFY_REQUIRED,VERIFY_REQUIRED,2923,2000-3000,STRONG,"Marsylia Villarreal Kursy, Typy, Zakłady Na Le Seven 03 2024 - Tổng đài ảo Gcalls",,UNKNOWN_NOT_IN_SOURCE,0,31,Gcalls Plus Webphone,IMAGE_REQUIRED; body_images=0,NONE_DETECTED_IN_METADATA,IMPORT_THEN_NORMALIZE,BLOCKED_AWAITING_SCOPE_DECISION
BLOG-208,Sts Cash Out Company To Jest I Actually Na Jakich Zasadach Działa,sts-cash-out-company-to-jest-i-actually-na-jakich-zasadach-dziala,/blog/sts-cash-out-company-to-jest-i-actually-na-jakich-zasadach-dziala/,LIVE_WORDPRESS_NOT_IN_SOURCE,Kiến thức,HUB-08 Kiến thức vận hành doanh nghiệp,informational-general,VERIFY_REQUIRED,VERIFY_REQUIRED,VERIFY_REQUIRED,3705,2000-3000,STRONG,Sts Cash Out Company To Jest I Actually Na Jakich Zasadach Działa - Tổng đài ảo Gcalls,,UNKNOWN_NOT_IN_SOURCE,0,31,Gcalls Plus Webphone,IMAGE_REQUIRED; body_images=0,NONE_DETECTED_IN_METADATA,IMPORT_THEN_NORMALIZE,BLOCKED_AWAITING_SCOPE_DECISION
BLOG-209,Ksw Obstawianie Gdzie Obstawiać Ksw 92 U Bukmachera,ksw-obstawianie-gdzie-obstawiac-ksw-92-u-bukmachera,/blog/ksw-obstawianie-gdzie-obstawiac-ksw-92-u-bukmachera/,LIVE_WORDPRESS_NOT_IN_SOURCE,Kiến thức,HUB-08 Kiến thức vận hành doanh nghiệp,informational-general,VERIFY_REQUIRED,VERIFY_REQUIRED,VERIFY_REQUIRED,3102,2000-3000,STRONG,Ksw Obstawianie Gdzie Obstawiać Ksw 92 U Bukmachera - Tổng đài ảo Gcalls,,UNKNOWN_NOT_IN_SOURCE,0,35,Gcalls Plus Webphone,IMAGE_REQUIRED; body_images=0,NONE_DETECTED_IN_METADATA,IMPORT_THEN_NORMALIZE,BLOCKED_AWAITING_SCOPE_DECISION
BLOG-210,"Gg Wager Zakłady Na Sports Activity I Esport, Kasyno Gr",gg-wager-zaklady-na-sports-activity-i-esport-kasyno-gr,/blog/gg-wager-zaklady-na-sports-activity-i-esport-kasyno-gr/,LIVE_WORDPRESS_NOT_IN_SOURCE,Kiến thức,HUB-08 Kiến thức vận hành doanh nghiệp,informational-general,VERIFY_REQUIRED,VERIFY_REQUIRED,VERIFY_REQUIRED,3422,2000-3000,STRONG,"Gg Wager Zakłady Na Sports Activity I Esport, Kasyno Gr - Tổng đài ảo Gcalls",,UNKNOWN_NOT_IN_SOURCE,0,33,Gcalls Plus Webphone,IMAGE_REQUIRED; body_images=0,NONE_DETECTED_IN_METADATA,IMPORT_THEN_NORMALIZE,BLOCKED_AWAITING_SCOPE_DECISION
BLOG-211,“ggbet Strona Oficjalna Zakłady Bukmacherskie Onlin,ggbet-strona-oficjalna-zaklady-bukmacherskie-onlin,/blog/ggbet-strona-oficjalna-zaklady-bukmacherskie-onlin/,LIVE_WORDPRESS_NOT_IN_SOURCE,Kiến thức,HUB-08 Kiến thức vận hành doanh nghiệp,informational-general,VERIFY_REQUIRED,VERIFY_REQUIRED,VERIFY_REQUIRED,3494,2000-3000,STRONG,"""ggbet Strona Oficjalna Zakłady Bukmacherskie Onlin - Tổng đài ảo Gcalls",,UNKNOWN_NOT_IN_SOURCE,0,35,Gcalls Plus Webphone,IMAGE_REQUIRED; body_images=0,NONE_DETECTED_IN_METADATA,IMPORT_THEN_NORMALIZE,BLOCKED_AWAITING_SCOPE_DECISION
