Source Row,Legacy Post ID,Legacy Title,Legacy Slug,Legacy URL,Legacy Status,Decision,Primary Post ID,New Title,Final Slug,Final URL,HUB,Topic Cluster,Primary Keyword,Secondary Keywords,Search Intent,Target Persona,Funnel Stage,Pillar/Supporting,Target Word Count,Direct Answer Question,Product CTA,Internal Link Targets,Featured Image Brief,In-Article Image Briefs,Claim Verification,Priority,Batch,Draft Status,Editorial Notes
1,314,3 cách để doanh nghiệp tồn tại và vươn lên thời Covid,3-cach-de-doanh-nghiep-ton-tai-va-vuon-len-thoi-covid,https://gcalls.co/3-cach-de-doanh-nghiep-ton-tai-va-vuon-len-thoi-covid/,PUBLISH,RETIRE_410,,,,410,,,,,,,,,,,,,,,N/A,P3,Batch 0,N/A,Non-editorial or off-ICP; no replacement article
2,410,Nâng tầm giá trị thương hiệu của doanh nghiệp bạn với Voice Brandname,nang-tam-gia-tri-thuong-hieu-cua-doanh-nghiep-ban-voi-voice-brandname,https://gcalls.co/nang-tam-gia-tri-thuong-hieu-cua-doanh-nghiep-ban-voi-voice-brandname/,PUBLISH,REBUILD_UPDATE_TOPIC,,Nâng tầm giá trị thương hiệu của doanh nghiệp bạn với Voice Brandname,nang-tam-gia-tri-thuong-hieu-cua-doanh-nghiep-ban-voi-voice-brandname,/nang-tam-gia-tri-thuong-hieu-cua-doanh-nghiep-ban-voi-voice-brandname/,HUB-11 Vận hành doanh nghiệp,Vận hành doanh nghiệp,nâng tầm giá trị thương,TO_BE_SET_AT_AUTHORING,transactional,Chủ doanh nghiệp / Quản lý,TOFU,SUPPORTING,"('NARROW', '900-1200')",Nâng tầm giá trị thương hiệu của doanh nghiệp bạn với Voice Brandname?,Gcalls Plus Webphone|/gcalls-plus-webphone/,2261 | 2665 | 2738,"EDITORIAL_ILLUSTRATION_REQUIRED — 1600x900, new asset, brand #673ab7",1-3 new assets; see editorial-image-map.csv,No blocked claim permitted; figures require Product evidence,P2,Batch 10,DRAFT_NOT_WRITTEN,Topic re-scoped to Gcalls ICP; article written 100% new
3,439,Góc nhìn của doanh nghiệp và khách hàng về tổng đài CSKH và bán hàng,goc-nhin-cua-doanh-nghiep-va-khach-hang-ve-tong-dai-cskh-va-ban-hang,https://gcalls.co/goc-nhin-cua-doanh-nghiep-va-khach-hang-ve-tong-dai-cskh-va-ban-hang/,PUBLISH,REBUILD_KEEP_URL,,Góc nhìn của doanh nghiệp và khách hàng về tổng đài CSKH và bán hàng,goc-nhin-cua-doanh-nghiep-va-khach-hang-ve-tong-dai-cskh-va-ban-hang,/goc-nhin-cua-doanh-nghiep-va-khach-hang-ve-tong-dai-cskh-va-ban-hang/,HUB-05 Customer Service và Customer Experience,Customer Service và Customer Experience,góc nhìn khách hàng tổng,TO_BE_SET_AT_AUTHORING,informational-general,Quản lý CSKH,TOFU,SUPPORTING,1200-2000,Góc nhìn của doanh nghiệp và khách hàng về tổng đài CSKH và bán hàng?,Gcalls CX|/gcalls-cx/ ; Tổng đài tích hợp Helpdesk|/tong-dai-tich-hop-helpdesk/,2400 | 2695 | 2752,"EDITORIAL_ILLUSTRATION_REQUIRED — 1600x900, new asset, brand #673ab7",1-3 new assets; see editorial-image-map.csv,No blocked claim permitted; figures require Product evidence,P1,Batch 7,DRAFT_NOT_WRITTEN,"Topic on-target; legacy root URL preserved, article written 100% new"
4,553,"Gcalls và bạn - đối tác giới thiệu khách hàng - Cùng hợp tác, cùng có lợi",gcalls-va-ban-doi-tac-gioi-thieu-khach-hang,https://gcalls.co/gcalls-va-ban-doi-tac-gioi-thieu-khach-hang/,PUBLISH,REBUILD_KEEP_URL,,"Gcalls và bạn - đối tác giới thiệu khách hàng - Cùng hợp tác, cùng có lợi",gcalls-va-ban-doi-tac-gioi-thieu-khach-hang,/gcalls-va-ban-doi-tac-gioi-thieu-khach-hang/,"HUB-03 CRM, Helpdesk và tích hợp","CRM, Helpdesk và tích hợp",gcalls đối tác giới thiệu,TO_BE_SET_AT_AUTHORING,informational-general,IT / Trưởng dự án tích hợp,MOFU,PILLAR,2000-3000,"Gcalls và bạn - đối tác giới thiệu khách hàng - Cùng hợp tác, cùng có lợi?",Tổng đài tích hợp CRM|/tong-dai-tich-hop-crm/ ; Tổng đài tích hợp Helpdesk|/tong-dai-tich-hop-helpdesk/,2864 | 2584 | 2621,"CUSTOM_DIAGRAM_REQUIRED — 1600x900, new asset, brand #673ab7",1-3 new assets; see editorial-image-map.csv,No blocked claim permitted; figures require Product evidence,P0,Batch 1,DRAFT_NOT_WRITTEN,"Topic on-target; legacy root URL preserved, article written 100% new"
5,566,Dịch Vụ Call Center là gì? Dịch vụ Tổng đài Call Center,5-linh-vuc-rat-can-dich-vu-call-center-trung-tam-cuoc-goi,https://gcalls.co/5-linh-vuc-rat-can-dich-vu-call-center-trung-tam-cuoc-goi/,PUBLISH,REBUILD_KEEP_URL,,Dịch Vụ Call Center là gì? Dịch vụ Tổng đài Call Center,5-linh-vuc-rat-can-dich-vu-call-center-trung-tam-cuoc-goi,/5-linh-vuc-rat-can-dich-vu-call-center-trung-tam-cuoc-goi/,HUB-01 Tổng đài và Call Center,Tổng đài và Call Center,dịch vụ call center dịch,TO_BE_SET_AT_AUTHORING,informational-definition,Trưởng phòng vận hành / Call Center Manager,TOFU,PILLAR,2000-3000,Dịch Vụ Call Center là gì? Dịch vụ Tổng đài Call Center?,Cloud Call Center|/lien-he/ ; Gcalls Plus Webphone|/gcalls-plus-webphone/,10727 | 13378 | 13409,"CUSTOM_DIAGRAM_REQUIRED — 1600x900, new asset, brand #673ab7",1-3 new assets; see editorial-image-map.csv,No blocked claim permitted; figures require Product evidence,P1,Batch 2,DRAFT_NOT_WRITTEN,"Topic on-target; legacy root URL preserved, article written 100% new"
6,588,"Tổng Đài Call Center Và Những Kiến Thức ""Cứu Sống"" Doanh Nghiệp",call-center-la-mot-trai-nghiem-thuong-hieu-trong-nganh-dich-vu-suc-khoe,https://gcalls.co/call-center-la-mot-trai-nghiem-thuong-hieu-trong-nganh-dich-vu-suc-khoe/,PUBLISH,REBUILD_KEEP_URL,,"Tổng Đài Call Center Và Những Kiến Thức ""Cứu Sống"" Doanh Nghiệp",call-center-la-mot-trai-nghiem-thuong-hieu-trong-nganh-dich-vu-suc-khoe,/call-center-la-mot-trai-nghiem-thuong-hieu-trong-nganh-dich-vu-suc-khoe/,HUB-01 Tổng đài và Call Center,Tổng đài và Call Center,tổng đài call center kiến,TO_BE_SET_AT_AUTHORING,informational-general,Trưởng phòng vận hành / Call Center Manager,TOFU,PILLAR,2000-3000,"Tổng Đài Call Center Và Những Kiến Thức ""Cứu Sống"" Doanh Nghiệp?",Cloud Call Center|/lien-he/ ; Gcalls Plus Webphone|/gcalls-plus-webphone/,10727 | 13378 | 13409,"CUSTOM_DIAGRAM_REQUIRED — 1600x900, new asset, brand #673ab7",1-3 new assets; see editorial-image-map.csv,No blocked claim permitted; figures require Product evidence,P1,Batch 2,DRAFT_NOT_WRITTEN,"Topic on-target; legacy root URL preserved, article written 100% new"
7,603,10 Thống kê về hệ thống VoIP chứng minh tầm quan trọng của công nghệ,10-thong-ke-ve-he-thong-voip-chung-minh-tam-quan-trong-cua-cong-nghe,https://gcalls.co/10-thong-ke-ve-he-thong-voip-chung-minh-tam-quan-trong-cua-cong-nghe/,PUBLISH,REBUILD_KEEP_URL,,10 Thống kê về hệ thống VoIP chứng minh tầm quan trọng của công nghệ,10-thong-ke-ve-he-thong-voip-chung-minh-tam-quan-trong-cua-cong-nghe,/10-thong-ke-ve-he-thong-voip-chung-minh-tam-quan-trong-cua-cong-nghe/,HUB-01 Tổng đài và Call Center,Tổng đài và Call Center,thống kê hệ thống voip,TO_BE_SET_AT_AUTHORING,informational-general,Trưởng phòng vận hành / Call Center Manager,TOFU,SUPPORTING,1200-2000,10 Thống kê về hệ thống VoIP chứng minh tầm quan trọng của công nghệ?,Cloud Call Center|/lien-he/ ; Gcalls Plus Webphone|/gcalls-plus-webphone/,10727 | 13378 | 13409,"CUSTOM_DIAGRAM_REQUIRED — 1600x900, new asset, brand #673ab7",1-3 new assets; see editorial-image-map.csv,No blocked claim permitted; figures require Product evidence,P1,Batch 2,DRAFT_NOT_WRITTEN,"Topic on-target; legacy root URL preserved, article written 100% new"
8,615,10 mẹo hay nhất để Telesales thành công,10-meo-hay-nhat-de-telesales-thanh-cong,https://gcalls.co/10-meo-hay-nhat-de-telesales-thanh-cong/,PUBLISH,REBUILD_KEEP_URL,,10 mẹo hay nhất để Telesales thành công,10-meo-hay-nhat-de-telesales-thanh-cong,/10-meo-hay-nhat-de-telesales-thanh-cong/,HUB-04 Telesales và Sales Operations,Telesales và Sales Operations,mẹo hay telesales thành công,TO_BE_SET_AT_AUTHORING,informational-howto,Telesales Leader / Sales Manager,TOFU,SUPPORTING,1200-2000,10 mẹo hay nhất để Telesales thành công?,Gcalls Plus Webphone|/gcalls-plus-webphone/ ; Tổng đài tích hợp CRM|/tong-dai-tich-hop-crm/,1617 | 2684 | 2761,"EDITORIAL_ILLUSTRATION_REQUIRED — 1600x900, new asset, brand #673ab7",1-3 new assets; see editorial-image-map.csv,No blocked claim permitted; figures require Product evidence,P1,Batch 8,DRAFT_NOT_WRITTEN,"Topic on-target; legacy root URL preserved, article written 100% new"
9,647,7 Lý Do Nên Chọn Tổng Đài Ảo Call Center Cho Doanh Nghiệp,4-ly-do-su-dung-tong-dai-ao-call-center-la-can-thiet-voi-mot-doanh-nghiep,https://gcalls.co/4-ly-do-su-dung-tong-dai-ao-call-center-la-can-thiet-voi-mot-doanh-nghiep/,PUBLISH,REBUILD_KEEP_URL,,7 Lý Do Nên Chọn Tổng Đài Ảo Call Center Cho Doanh Nghiệp,4-ly-do-su-dung-tong-dai-ao-call-center-la-can-thiet-voi-mot-doanh-nghiep,/4-ly-do-su-dung-tong-dai-ao-call-center-la-can-thiet-voi-mot-doanh-nghiep/,HUB-01 Tổng đài và Call Center,Tổng đài và Call Center,lý do chọn tổng đài,TO_BE_SET_AT_AUTHORING,informational-howto,Trưởng phòng vận hành / Call Center Manager,TOFU,PILLAR,2000-3000,7 Lý Do Nên Chọn Tổng Đài Ảo Call Center Cho Doanh Nghiệp?,Cloud Call Center|/lien-he/ ; Gcalls Plus Webphone|/gcalls-plus-webphone/,10727 | 13378 | 13409,"CUSTOM_DIAGRAM_REQUIRED — 1600x900, new asset, brand #673ab7",1-3 new assets; see editorial-image-map.csv,No blocked claim permitted; figures require Product evidence,P1,Batch 2,DRAFT_NOT_WRITTEN,"Topic on-target; legacy root URL preserved, article written 100% new"
10,654,5 Lợi ích của việc Sử dụng Báo cáo Tổng đài Call Center (Phần cuối),5-loi-ich-cua-viec-su-dung-bao-cao-tong-dai-call-center-phan-cuoi,https://gcalls.co/5-loi-ich-cua-viec-su-dung-bao-cao-tong-dai-call-center-phan-cuoi/,PUBLISH,REBUILD_KEEP_URL,,5 Lợi ích của việc Sử dụng Báo cáo Tổng đài Call Center (Phần cuối),5-loi-ich-cua-viec-su-dung-bao-cao-tong-dai-call-center-phan-cuoi,/5-loi-ich-cua-viec-su-dung-bao-cao-tong-dai-call-center-phan-cuoi/,HUB-01 Tổng đài và Call Center,Tổng đài và Call Center,lợi ích việc sử dụng,TO_BE_SET_AT_AUTHORING,informational-general,Trưởng phòng vận hành / Call Center Manager,TOFU,SUPPORTING,1200-2000,5 Lợi ích của việc Sử dụng Báo cáo Tổng đài Call Center (Phần cuối)?,Cloud Call Center|/lien-he/ ; Gcalls Plus Webphone|/gcalls-plus-webphone/,10727 | 13378 | 13409,"CUSTOM_DIAGRAM_REQUIRED — 1600x900, new asset, brand #673ab7",1-3 new assets; see editorial-image-map.csv,No blocked claim permitted; figures require Product evidence,P1,Batch 2,DRAFT_NOT_WRITTEN,"Topic on-target; legacy root URL preserved, article written 100% new"
11,669,5 Lợi ích của việc Sử dụng Báo cáo Tổng đài Call Center (Phần 1),5-loi-ich-cua-viec-su-dung-bao-cao-tong-dai-call-center-phan-1,https://gcalls.co/5-loi-ich-cua-viec-su-dung-bao-cao-tong-dai-call-center-phan-1/,PUBLISH,REBUILD_KEEP_URL,,5 Lợi ích của việc Sử dụng Báo cáo Tổng đài Call Center (Phần 1),5-loi-ich-cua-viec-su-dung-bao-cao-tong-dai-call-center-phan-1,/5-loi-ich-cua-viec-su-dung-bao-cao-tong-dai-call-center-phan-1/,HUB-01 Tổng đài và Call Center,Tổng đài và Call Center,lợi ích việc sử dụng,TO_BE_SET_AT_AUTHORING,informational-general,Trưởng phòng vận hành / Call Center Manager,TOFU,SUPPORTING,1200-2000,5 Lợi ích của việc Sử dụng Báo cáo Tổng đài Call Center (Phần 1)?,Cloud Call Center|/lien-he/ ; Gcalls Plus Webphone|/gcalls-plus-webphone/,10727 | 13378 | 13409,"CUSTOM_DIAGRAM_REQUIRED — 1600x900, new asset, brand #673ab7",1-3 new assets; see editorial-image-map.csv,No blocked claim permitted; figures require Product evidence,P1,Batch 2,DRAFT_NOT_WRITTEN,"Topic on-target; legacy root URL preserved, article written 100% new"
12,676,Làm thế nào để mở rộng một nhóm bán hàng toàn cầu?,lam-the-nao-de-mo-rong-mot-nhom-ban-hang-toan-cau,https://gcalls.co/lam-the-nao-de-mo-rong-mot-nhom-ban-hang-toan-cau/,PUBLISH,REBUILD_KEEP_URL,,Làm thế nào để mở rộng một nhóm bán hàng toàn cầu?,lam-the-nao-de-mo-rong-mot-nhom-ban-hang-toan-cau,/lam-the-nao-de-mo-rong-mot-nhom-ban-hang-toan-cau/,HUB-04 Telesales và Sales Operations,Telesales và Sales Operations,làm mở rộng nhóm bán,TO_BE_SET_AT_AUTHORING,informational-general,Telesales Leader / Sales Manager,TOFU,SUPPORTING,1200-2000,Làm thế nào để mở rộng một nhóm bán hàng toàn cầu?,Gcalls Plus Webphone|/gcalls-plus-webphone/ ; Tổng đài tích hợp CRM|/tong-dai-tich-hop-crm/,1617 | 2684 | 2761,"EDITORIAL_ILLUSTRATION_REQUIRED — 1600x900, new asset, brand #673ab7",1-3 new assets; see editorial-image-map.csv,No blocked claim permitted; figures require Product evidence,P1,Batch 8,DRAFT_NOT_WRITTEN,"Topic on-target; legacy root URL preserved, article written 100% new"
13,684,Goals (Mục đích) vs Objectives (Mục tiêu): phân biệt đơn giản,goals-muc-dich-vs-objectives-muc-tieu-phan-biet-don-gian,https://gcalls.co/goals-muc-dich-vs-objectives-muc-tieu-phan-biet-don-gian/,PUBLISH,REBUILD_UPDATE_TOPIC,,Goals (Mục đích) vs Objectives (Mục tiêu): phân biệt đơn giản,goals-muc-dich-vs-objectives-muc-tieu-phan-biet-don-gian,/goals-muc-dich-vs-objectives-muc-tieu-phan-biet-don-gian/,HUB-11 Vận hành doanh nghiệp,Vận hành doanh nghiệp,goals mục đích vs objectives,TO_BE_SET_AT_AUTHORING,informational-general,Chủ doanh nghiệp / Quản lý,TOFU,SUPPORTING,1200-2000,Goals (Mục đích) vs Objectives (Mục tiêu): phân biệt đơn giản?,Gcalls Plus Webphone|/gcalls-plus-webphone/,2261 | 2665 | 2738,"EDITORIAL_ILLUSTRATION_REQUIRED — 1600x900, new asset, brand #673ab7",1-3 new assets; see editorial-image-map.csv,No blocked claim permitted; figures require Product evidence,P2,Batch 10,DRAFT_NOT_WRITTEN,Topic re-scoped to Gcalls ICP; article written 100% new
14,694,"Tại sao không ""tùy ý"" đưa ý kiến trong content marketing",tai-sao-khong-tuy-y-dua-y-kien-trong-content-marketing,https://gcalls.co/tai-sao-khong-tuy-y-dua-y-kien-trong-content-marketing/,PUBLISH,REBUILD_UPDATE_TOPIC,,"Tại sao không ""tùy ý"" đưa ý kiến trong content marketing",tai-sao-khong-tuy-y-dua-y-kien-trong-content-marketing,/tai-sao-khong-tuy-y-dua-y-kien-trong-content-marketing/,HUB-11 Vận hành doanh nghiệp,Vận hành doanh nghiệp,tùy ý đưa ý kiến,TO_BE_SET_AT_AUTHORING,informational-general,Chủ doanh nghiệp / Quản lý,TOFU,SUPPORTING,1200-2000,"Tại sao không ""tùy ý"" đưa ý kiến trong content marketing?",Gcalls Plus Webphone|/gcalls-plus-webphone/,2261 | 2665 | 2738,"EDITORIAL_ILLUSTRATION_REQUIRED — 1600x900, new asset, brand #673ab7",1-3 new assets; see editorial-image-map.csv,No blocked claim permitted; figures require Product evidence,P2,Batch 10,DRAFT_NOT_WRITTEN,Topic re-scoped to Gcalls ICP; article written 100% new
15,826,Cách mạng Công nghiệp 4.0 và lợi ích đối với doanh nghiệp,cach-mang-cong-nghiep-4-0-va-loi-ich-doi-voi-doanh-nghiep,https://gcalls.co/cach-mang-cong-nghiep-4-0-va-loi-ich-doi-voi-doanh-nghiep/,PUBLISH,REBUILD_UPDATE_TOPIC,,Cách mạng Công nghiệp 4.0 và lợi ích đối với doanh nghiệp,cach-mang-cong-nghiep-4-0-va-loi-ich-doi-voi-doanh-nghiep,/cach-mang-cong-nghiep-4-0-va-loi-ich-doi-voi-doanh-nghiep/,HUB-11 Vận hành doanh nghiệp,Vận hành doanh nghiệp,mạng công lợi ích đối,TO_BE_SET_AT_AUTHORING,informational-howto,Chủ doanh nghiệp / Quản lý,TOFU,SUPPORTING,1200-2000,Cách mạng Công nghiệp 4.0 và lợi ích đối với doanh nghiệp?,Gcalls Plus Webphone|/gcalls-plus-webphone/,2261 | 2665 | 2738,"EDITORIAL_ILLUSTRATION_REQUIRED — 1600x900, new asset, brand #673ab7",1-3 new assets; see editorial-image-map.csv,No blocked claim permitted; figures require Product evidence,P2,Batch 10,DRAFT_NOT_WRITTEN,Topic re-scoped to Gcalls ICP; article written 100% new
16,861,11 chỉ số đánh giá quan trọng đối với bộ phận Chăm Sóc Khách Hàng,11-chi-so-danh-gia-quan-trong-doi-voi-bo-phan-cham-soc-khach-hang,https://gcalls.co/11-chi-so-danh-gia-quan-trong-doi-voi-bo-phan-cham-soc-khach-hang/,PUBLISH,REBUILD_KEEP_URL,,11 chỉ số đánh giá quan trọng đối với bộ phận Chăm Sóc Khách Hàng,11-chi-so-danh-gia-quan-trong-doi-voi-bo-phan-cham-soc-khach-hang,/11-chi-so-danh-gia-quan-trong-doi-voi-bo-phan-cham-soc-khach-hang/,HUB-05 Customer Service và Customer Experience,Customer Service và Customer Experience,chỉ số đánh giá quan,TO_BE_SET_AT_AUTHORING,commercial-investigation,Quản lý CSKH,TOFU,PILLAR,2000-3000,11 chỉ số đánh giá quan trọng đối với bộ phận Chăm Sóc Khách Hàng?,Gcalls CX|/gcalls-cx/ ; Tổng đài tích hợp Helpdesk|/tong-dai-tich-hop-helpdesk/,2400 | 2695 | 2752,"EDITORIAL_ILLUSTRATION_REQUIRED — 1600x900, new asset, brand #673ab7",1-3 new assets; see editorial-image-map.csv,No blocked claim permitted; figures require Product evidence,P1,Batch 7,DRAFT_NOT_WRITTEN,"Topic on-target; legacy root URL preserved, article written 100% new"
17,872,Công nghệ đang thay đổi cách mọi người làm việc từ xa như thế nào?,cong-nghe-dang-thay-doi-cach-moi-nguoi-lam-viec-tu-xa-nhu-the-nao,https://gcalls.co/cong-nghe-dang-thay-doi-cach-moi-nguoi-lam-viec-tu-xa-nhu-the-nao/,PUBLISH,REBUILD_KEEP_URL,,Công nghệ đang thay đổi cách mọi người làm việc từ xa như thế nào?,cong-nghe-dang-thay-doi-cach-moi-nguoi-lam-viec-tu-xa-nhu-the-nao,/cong-nghe-dang-thay-doi-cach-moi-nguoi-lam-viec-tu-xa-nhu-the-nao/,HUB-10 Cloud Call Center và làm việc từ xa,Cloud Call Center và làm việc từ xa,công nghệ đang thay đổi,TO_BE_SET_AT_AUTHORING,informational-howto,Quản lý đội remote,TOFU,PILLAR,2000-3000,Công nghệ đang thay đổi cách mọi người làm việc từ xa như thế nào?,Cloud Call Center|/lien-he/ ; Gcalls Plus Webphone|/gcalls-plus-webphone/,897,"CUSTOM_DIAGRAM_REQUIRED — 1600x900, new asset, brand #673ab7",1-3 new assets; see editorial-image-map.csv,No blocked claim permitted; figures require Product evidence,P1,Batch 9,DRAFT_NOT_WRITTEN,"Topic on-target; legacy root URL preserved, article written 100% new"
18,884,Tiếp thị qua điện thoại: 13 mẹo chinh phục khách hàng,tiep-thi-qua-dien-thoai-13-meo-chinh-phuc-khach-hang,https://gcalls.co/tiep-thi-qua-dien-thoai-13-meo-chinh-phuc-khach-hang/,PUBLISH,REBUILD_UPDATE_TOPIC,,Tiếp thị qua điện thoại: 13 mẹo chinh phục khách hàng,tiep-thi-qua-dien-thoai-13-meo-chinh-phuc-khach-hang,/tiep-thi-qua-dien-thoai-13-meo-chinh-phuc-khach-hang/,HUB-11 Vận hành doanh nghiệp,Vận hành doanh nghiệp,tiếp thị qua điện thoại,TO_BE_SET_AT_AUTHORING,informational-howto,Chủ doanh nghiệp / Quản lý,TOFU,SUPPORTING,1200-2000,Tiếp thị qua điện thoại: 13 mẹo chinh phục khách hàng?,Gcalls Plus Webphone|/gcalls-plus-webphone/,2261 | 2665 | 2738,"EDITORIAL_ILLUSTRATION_REQUIRED — 1600x900, new asset, brand #673ab7",1-3 new assets; see editorial-image-map.csv,No blocked claim permitted; figures require Product evidence,P2,Batch 10,DRAFT_NOT_WRITTEN,Topic re-scoped to Gcalls ICP; article written 100% new
19,897,10 công nghệ mà bạn phải có để có thể xây dựng Team làm việc từ xa hiệu quả,10-cong-nghe-phai-co-de-co-the-xay-dung-team-lam-viec-tu-xa-hieu-qua,https://gcalls.co/10-cong-nghe-phai-co-de-co-the-xay-dung-team-lam-viec-tu-xa-hieu-qua/,PUBLISH,REBUILD_KEEP_URL,,10 công nghệ mà bạn phải có để có thể xây dựng Team làm việc từ xa hiệu quả,10-cong-nghe-phai-co-de-co-the-xay-dung-team-lam-viec-tu-xa-hieu-qua,/10-cong-nghe-phai-co-de-co-the-xay-dung-team-lam-viec-tu-xa-hieu-qua/,HUB-10 Cloud Call Center và làm việc từ xa,Cloud Call Center và làm việc từ xa,công nghệ mà phải thể,TO_BE_SET_AT_AUTHORING,informational-general,Quản lý đội remote,TOFU,SUPPORTING,1200-2000,10 công nghệ mà bạn phải có để có thể xây dựng Team làm việc từ xa hiệu quả?,Cloud Call Center|/lien-he/ ; Gcalls Plus Webphone|/gcalls-plus-webphone/,872,"CUSTOM_DIAGRAM_REQUIRED — 1600x900, new asset, brand #673ab7",1-3 new assets; see editorial-image-map.csv,No blocked claim permitted; figures require Product evidence,P1,Batch 9,DRAFT_NOT_WRITTEN,"Topic on-target; legacy root URL preserved, article written 100% new"
20,1071,Cách tạo hồ sơ khách hàng lý tưởng cho nhóm khách hàng tiềm năng B2B,cach-tao-ho-so-khach-hang-ly-tuong-cho-nhom-khach-hang-tiem-nang-b2b,https://gcalls.co/cach-tao-ho-so-khach-hang-ly-tuong-cho-nhom-khach-hang-tiem-nang-b2b/,PUBLISH,REBUILD_KEEP_URL,,Cách tạo hồ sơ khách hàng lý tưởng cho nhóm khách hàng tiềm năng B2B,cach-tao-ho-so-khach-hang-ly-tuong-cho-nhom-khach-hang-tiem-nang-b2b,/cach-tao-ho-so-khach-hang-ly-tuong-cho-nhom-khach-hang-tiem-nang-b2b/,HUB-04 Telesales và Sales Operations,Telesales và Sales Operations,tạo hồ sơ khách hàng,TO_BE_SET_AT_AUTHORING,informational-howto,Telesales Leader / Sales Manager,TOFU,PILLAR,2000-3000,Cách tạo hồ sơ khách hàng lý tưởng cho nhóm khách hàng tiềm năng B2B?,Gcalls Plus Webphone|/gcalls-plus-webphone/ ; Tổng đài tích hợp CRM|/tong-dai-tich-hop-crm/,1617 | 2684 | 2761,"EDITORIAL_ILLUSTRATION_REQUIRED — 1600x900, new asset, brand #673ab7",1-3 new assets; see editorial-image-map.csv,No blocked claim permitted; figures require Product evidence,P1,Batch 8,DRAFT_NOT_WRITTEN,"Topic on-target; legacy root URL preserved, article written 100% new"
21,1082,TOP 10 phần mềm theo dõi bán hàng hàng đầu dành cho doanh nghiệp,top-10-phan-mem-theo-doi-ban-hang-hang-dau-danh-cho-doanh-nghiep,https://gcalls.co/top-10-phan-mem-theo-doi-ban-hang-hang-dau-danh-cho-doanh-nghiep/,PUBLISH,REBUILD_KEEP_URL,,TOP 10 phần mềm theo dõi bán hàng hàng đầu dành cho doanh nghiệp,top-10-phan-mem-theo-doi-ban-hang-hang-dau-danh-cho-doanh-nghiep,/top-10-phan-mem-theo-doi-ban-hang-hang-dau-danh-cho-doanh-nghiep/,HUB-04 Telesales và Sales Operations,Telesales và Sales Operations,mềm theo dõi bán hàng,TO_BE_SET_AT_AUTHORING,commercial-investigation,Telesales Leader / Sales Manager,TOFU,PILLAR,2000-3000,TOP 10 phần mềm theo dõi bán hàng hàng đầu dành cho doanh nghiệp?,Gcalls Plus Webphone|/gcalls-plus-webphone/ ; Tổng đài tích hợp CRM|/tong-dai-tich-hop-crm/,1617 | 2684 | 2761,"EDITORIAL_ILLUSTRATION_REQUIRED — 1600x900, new asset, brand #673ab7",1-3 new assets; see editorial-image-map.csv,No blocked claim permitted; figures require Product evidence,P1,Batch 8,DRAFT_NOT_WRITTEN,"Topic on-target; legacy root URL preserved, article written 100% new"
22,1102,5 chỉ số đo lường hiệu suất bán hàng quan trọng mà quản lý nên theo dõi,5-chi-so-do-luong-hieu-suat-ban-hang-quan-trong-nen-theo-doi,https://gcalls.co/5-chi-so-do-luong-hieu-suat-ban-hang-quan-trong-nen-theo-doi/,PUBLISH,REBUILD_KEEP_URL,,5 chỉ số đo lường hiệu suất bán hàng quan trọng mà quản lý nên theo dõi,5-chi-so-do-luong-hieu-suat-ban-hang-quan-trong-nen-theo-doi,/5-chi-so-do-luong-hieu-suat-ban-hang-quan-trong-nen-theo-doi/,HUB-04 Telesales và Sales Operations,Telesales và Sales Operations,chỉ số đo lường hiệu,TO_BE_SET_AT_AUTHORING,informational-general,Telesales Leader / Sales Manager,TOFU,PILLAR,2000-3000,5 chỉ số đo lường hiệu suất bán hàng quan trọng mà quản lý nên theo dõi?,Gcalls Plus Webphone|/gcalls-plus-webphone/ ; Tổng đài tích hợp CRM|/tong-dai-tich-hop-crm/,1617 | 2684 | 2761,"EDITORIAL_ILLUSTRATION_REQUIRED — 1600x900, new asset, brand #673ab7",1-3 new assets; see editorial-image-map.csv,No blocked claim permitted; figures require Product evidence,P1,Batch 8,DRAFT_NOT_WRITTEN,"Topic on-target; legacy root URL preserved, article written 100% new"
23,1113,9 mẹo Cold Calling dành cho nhân viên bán hàng (Phần 1),9-meo-cold-calling-danh-cho-nhan-vien-ban-hang-phan-1,https://gcalls.co/9-meo-cold-calling-danh-cho-nhan-vien-ban-hang-phan-1/,PUBLISH,REBUILD_KEEP_URL,,9 mẹo Cold Calling dành cho nhân viên bán hàng (Phần 1),9-meo-cold-calling-danh-cho-nhan-vien-ban-hang-phan-1,/9-meo-cold-calling-danh-cho-nhan-vien-ban-hang-phan-1/,HUB-04 Telesales và Sales Operations,Telesales và Sales Operations,mẹo cold calling dành nhân,TO_BE_SET_AT_AUTHORING,informational-howto,Telesales Leader / Sales Manager,TOFU,PILLAR,2000-3000,9 mẹo Cold Calling dành cho nhân viên bán hàng (Phần 1)?,Gcalls Plus Webphone|/gcalls-plus-webphone/ ; Tổng đài tích hợp CRM|/tong-dai-tich-hop-crm/,1617 | 2684 | 2761,"EDITORIAL_ILLUSTRATION_REQUIRED — 1600x900, new asset, brand #673ab7",1-3 new assets; see editorial-image-map.csv,No blocked claim permitted; figures require Product evidence,P1,Batch 8,DRAFT_NOT_WRITTEN,"Topic on-target; legacy root URL preserved, article written 100% new"
24,1134,9 mẹo Cold Calling dành cho nhân viên bán hàng (Phần cuối),9-meo-cold-calling-danh-cho-nhan-vien-ban-hang-phan-cuoi,https://gcalls.co/9-meo-cold-calling-danh-cho-nhan-vien-ban-hang-phan-cuoi/,PUBLISH,REBUILD_KEEP_URL,,9 mẹo Cold Calling dành cho nhân viên bán hàng (Phần cuối),9-meo-cold-calling-danh-cho-nhan-vien-ban-hang-phan-cuoi,/9-meo-cold-calling-danh-cho-nhan-vien-ban-hang-phan-cuoi/,HUB-04 Telesales và Sales Operations,Telesales và Sales Operations,mẹo cold calling dành nhân,TO_BE_SET_AT_AUTHORING,informational-howto,Telesales Leader / Sales Manager,TOFU,PILLAR,2000-3000,9 mẹo Cold Calling dành cho nhân viên bán hàng (Phần cuối)?,Gcalls Plus Webphone|/gcalls-plus-webphone/ ; Tổng đài tích hợp CRM|/tong-dai-tich-hop-crm/,1617 | 2684 | 2761,"EDITORIAL_ILLUSTRATION_REQUIRED — 1600x900, new asset, brand #673ab7",1-3 new assets; see editorial-image-map.csv,No blocked claim permitted; figures require Product evidence,P1,Batch 8,DRAFT_NOT_WRITTEN,"Topic on-target; legacy root URL preserved, article written 100% new"
25,1157,Phần Mềm Contact Center - Giải Pháp Tổng Đài Chuyên Nghiệp 2023,cac-phan-mem-call-center-phu-hop-voi-cac-tong-dai-doanh-nghiep-hien-nay,https://gcalls.co/cac-phan-mem-call-center-phu-hop-voi-cac-tong-dai-doanh-nghiep-hien-nay/,PUBLISH,REBUILD_KEEP_URL,,Phần Mềm Contact Center - Giải Pháp Tổng Đài Chuyên Nghiệp 2023,cac-phan-mem-call-center-phu-hop-voi-cac-tong-dai-doanh-nghiep-hien-nay,/cac-phan-mem-call-center-phu-hop-voi-cac-tong-dai-doanh-nghiep-hien-nay/,HUB-04 Telesales và Sales Operations,Telesales và Sales Operations,mềm contact center giải pháp,TO_BE_SET_AT_AUTHORING,informational-general,Telesales Leader / Sales Manager,TOFU,PILLAR,2000-3000,Phần Mềm Contact Center - Giải Pháp Tổng Đài Chuyên Nghiệp 2023?,Gcalls Plus Webphone|/gcalls-plus-webphone/ ; Tổng đài tích hợp CRM|/tong-dai-tich-hop-crm/,1617 | 2684 | 2761,"EDITORIAL_ILLUSTRATION_REQUIRED — 1600x900, new asset, brand #673ab7",1-3 new assets; see editorial-image-map.csv,No blocked claim permitted; figures require Product evidence,P1,Batch 8,DRAFT_NOT_WRITTEN,"Topic on-target; legacy root URL preserved, article written 100% new"
26,1187,Bán hàng Inbound hay Outbound - Đâu là phương pháp mà bạn nên quan tâm? (Phần 1),ban-hang-inbound-hay-ban-hang-outbound-phan-1,https://gcalls.co/ban-hang-inbound-hay-ban-hang-outbound-phan-1/,PUBLISH,REBUILD_KEEP_URL,,Bán hàng Inbound hay Outbound - Đâu là phương pháp mà bạn nên quan tâm? (Phần 1),ban-hang-inbound-hay-ban-hang-outbound-phan-1,/ban-hang-inbound-hay-ban-hang-outbound-phan-1/,HUB-04 Telesales và Sales Operations,Telesales và Sales Operations,bán hàng inbound hay outbound,TO_BE_SET_AT_AUTHORING,informational-general,Telesales Leader / Sales Manager,TOFU,PILLAR,2000-3000,Bán hàng Inbound hay Outbound - Đâu là phương pháp mà bạn nên quan tâm? (Phần 1)?,Gcalls Plus Webphone|/gcalls-plus-webphone/ ; Tổng đài tích hợp CRM|/tong-dai-tich-hop-crm/,1617 | 2684 | 2761,"EDITORIAL_ILLUSTRATION_REQUIRED — 1600x900, new asset, brand #673ab7",1-3 new assets; see editorial-image-map.csv,No blocked claim permitted; figures require Product evidence,P1,Batch 8,DRAFT_NOT_WRITTEN,"Topic on-target; legacy root URL preserved, article written 100% new"
27,1198,Bán hàng Inbound hay Outbound - Đâu là phương pháp mà bạn nên quan tâm? (Phần 2),ban-hang-inbound-hay-ban-hang-outbound-phan-2,https://gcalls.co/ban-hang-inbound-hay-ban-hang-outbound-phan-2/,PUBLISH,REBUILD_KEEP_URL,,Bán hàng Inbound hay Outbound - Đâu là phương pháp mà bạn nên quan tâm? (Phần 2),ban-hang-inbound-hay-ban-hang-outbound-phan-2,/ban-hang-inbound-hay-ban-hang-outbound-phan-2/,HUB-04 Telesales và Sales Operations,Telesales và Sales Operations,bán hàng inbound hay outbound,TO_BE_SET_AT_AUTHORING,informational-general,Telesales Leader / Sales Manager,TOFU,PILLAR,2000-3000,Bán hàng Inbound hay Outbound - Đâu là phương pháp mà bạn nên quan tâm? (Phần 2)?,Gcalls Plus Webphone|/gcalls-plus-webphone/ ; Tổng đài tích hợp CRM|/tong-dai-tich-hop-crm/,1617 | 2684 | 2761,"EDITORIAL_ILLUSTRATION_REQUIRED — 1600x900, new asset, brand #673ab7",1-3 new assets; see editorial-image-map.csv,No blocked claim permitted; figures require Product evidence,P1,Batch 8,DRAFT_NOT_WRITTEN,"Topic on-target; legacy root URL preserved, article written 100% new"
28,1219,Bán hàng Inbound hay Outbound - Đâu là phương pháp mà bạn nên quan tâm? (Phần 3),ban-hang-inbound-hay-outbound-dau-la-phuong-phap-ban-hang-ma-ban-nen-quan-tam-phan-3,https://gcalls.co/ban-hang-inbound-hay-outbound-dau-la-phuong-phap-ban-hang-ma-ban-nen-quan-tam-phan-3/,PUBLISH,REBUILD_KEEP_URL,,Bán hàng Inbound hay Outbound - Đâu là phương pháp mà bạn nên quan tâm? (Phần 3),ban-hang-inbound-hay-outbound-dau-la-phuong-phap-ban-hang-ma-ban-nen-quan-tam-phan-3,/ban-hang-inbound-hay-outbound-dau-la-phuong-phap-ban-hang-ma-ban-nen-quan-tam-phan-3/,HUB-04 Telesales và Sales Operations,Telesales và Sales Operations,bán hàng inbound hay outbound,TO_BE_SET_AT_AUTHORING,informational-general,Telesales Leader / Sales Manager,TOFU,SUPPORTING,1200-2000,Bán hàng Inbound hay Outbound - Đâu là phương pháp mà bạn nên quan tâm? (Phần 3)?,Gcalls Plus Webphone|/gcalls-plus-webphone/ ; Tổng đài tích hợp CRM|/tong-dai-tich-hop-crm/,1617 | 2684 | 2761,"EDITORIAL_ILLUSTRATION_REQUIRED — 1600x900, new asset, brand #673ab7",1-3 new assets; see editorial-image-map.csv,No blocked claim permitted; figures require Product evidence,P1,Batch 8,DRAFT_NOT_WRITTEN,"Topic on-target; legacy root URL preserved, article written 100% new"
29,1231,Tương lai của tổng đài doanh nghiệp: 10 xu hướng nổi bật nhất,tuong-lai-cua-tong-dai-doanh-nghiep-10-xu-huong-noi-bat-nhat,https://gcalls.co/tuong-lai-cua-tong-dai-doanh-nghiep-10-xu-huong-noi-bat-nhat/,PUBLISH,REBUILD_KEEP_URL,,Tương lai của tổng đài doanh nghiệp: 10 xu hướng nổi bật nhất,tuong-lai-cua-tong-dai-doanh-nghiep-10-xu-huong-noi-bat-nhat,/tuong-lai-cua-tong-dai-doanh-nghiep-10-xu-huong-noi-bat-nhat/,HUB-01 Tổng đài và Call Center,Tổng đài và Call Center,tương lai tổng đài xu,TO_BE_SET_AT_AUTHORING,informational-general,Trưởng phòng vận hành / Call Center Manager,TOFU,PILLAR,2000-3000,Tương lai của tổng đài doanh nghiệp: 10 xu hướng nổi bật nhất?,Cloud Call Center|/lien-he/ ; Gcalls Plus Webphone|/gcalls-plus-webphone/,10727 | 13378 | 13409,"CUSTOM_DIAGRAM_REQUIRED — 1600x900, new asset, brand #673ab7",1-3 new assets; see editorial-image-map.csv,No blocked claim permitted; figures require Product evidence,P1,Batch 2,DRAFT_NOT_WRITTEN,"Topic on-target; legacy root URL preserved, article written 100% new"
30,1296,Bí quyết telesales: Nên hay không sử dụng kịch bản cuộc gọi bán hàng?,bi-quyet-telesales-nen-hay-khong-nen-su-dung-kich-ban-cuoc-goi-ban-hang,https://gcalls.co/bi-quyet-telesales-nen-hay-khong-nen-su-dung-kich-ban-cuoc-goi-ban-hang/,PUBLISH,REBUILD_KEEP_URL,,Bí quyết telesales: Nên hay không sử dụng kịch bản cuộc gọi bán hàng?,bi-quyet-telesales-nen-hay-khong-nen-su-dung-kich-ban-cuoc-goi-ban-hang,/bi-quyet-telesales-nen-hay-khong-nen-su-dung-kich-ban-cuoc-goi-ban-hang/,HUB-04 Telesales và Sales Operations,Telesales và Sales Operations,bí quyết telesales hay sử,TO_BE_SET_AT_AUTHORING,informational-general,Telesales Leader / Sales Manager,TOFU,PILLAR,2000-3000,Bí quyết telesales: Nên hay không sử dụng kịch bản cuộc gọi bán hàng?,Gcalls Plus Webphone|/gcalls-plus-webphone/ ; Tổng đài tích hợp CRM|/tong-dai-tich-hop-crm/,1617 | 2684 | 2761,"EDITORIAL_ILLUSTRATION_REQUIRED — 1600x900, new asset, brand #673ab7",1-3 new assets; see editorial-image-map.csv,No blocked claim permitted; figures require Product evidence,P1,Batch 8,DRAFT_NOT_WRITTEN,"Topic on-target; legacy root URL preserved, article written 100% new"
31,1314,Telesales: Cách tập trung khi gọi điện bán hàng,telesales-cach-tap-trung-khi-goi-dien-ban-hang,https://gcalls.co/telesales-cach-tap-trung-khi-goi-dien-ban-hang/,PUBLISH,REBUILD_KEEP_URL,,Telesales: Cách tập trung khi gọi điện bán hàng,telesales-cach-tap-trung-khi-goi-dien-ban-hang,/telesales-cach-tap-trung-khi-goi-dien-ban-hang/,HUB-04 Telesales và Sales Operations,Telesales và Sales Operations,telesales tập trung gọi điện,TO_BE_SET_AT_AUTHORING,informational-howto,Telesales Leader / Sales Manager,TOFU,SUPPORTING,1200-2000,Telesales: Cách tập trung khi gọi điện bán hàng?,Gcalls Plus Webphone|/gcalls-plus-webphone/ ; Tổng đài tích hợp CRM|/tong-dai-tich-hop-crm/,1617 | 2684 | 2761,"EDITORIAL_ILLUSTRATION_REQUIRED — 1600x900, new asset, brand #673ab7",1-3 new assets; see editorial-image-map.csv,No blocked claim permitted; figures require Product evidence,P1,Batch 8,DRAFT_NOT_WRITTEN,"Topic on-target; legacy root URL preserved, article written 100% new"
32,1324,Thế nào là telesales thành công và cách đánh giá cuộc gọi bán hàng?,telesales-thanh-cong-va-cach-danh-gia-cuoc-goi-ban-hang,https://gcalls.co/telesales-thanh-cong-va-cach-danh-gia-cuoc-goi-ban-hang/,PUBLISH,REBUILD_KEEP_URL,,Thế nào là telesales thành công và cách đánh giá cuộc gọi bán hàng?,telesales-thanh-cong-va-cach-danh-gia-cuoc-goi-ban-hang,/telesales-thanh-cong-va-cach-danh-gia-cuoc-goi-ban-hang/,HUB-04 Telesales và Sales Operations,Telesales và Sales Operations,telesales thành công đánh giá,TO_BE_SET_AT_AUTHORING,informational-howto,Telesales Leader / Sales Manager,TOFU,SUPPORTING,1200-2000,Thế nào là telesales thành công và cách đánh giá cuộc gọi bán hàng?,Gcalls Plus Webphone|/gcalls-plus-webphone/ ; Tổng đài tích hợp CRM|/tong-dai-tich-hop-crm/,1617 | 2684 | 2761,"EDITORIAL_ILLUSTRATION_REQUIRED — 1600x900, new asset, brand #673ab7",1-3 new assets; see editorial-image-map.csv,No blocked claim permitted; figures require Product evidence,P1,Batch 8,DRAFT_NOT_WRITTEN,"Topic on-target; legacy root URL preserved, article written 100% new"
33,1351,6 cách nhắn tin cho khách hàng đạt hiệu quả trong quy trình bán hàng,6-cach-nhan-tin-cho-khach-hang-dat-hieu-qua-trong-quy-trinh-ban-hang,https://gcalls.co/6-cach-nhan-tin-cho-khach-hang-dat-hieu-qua-trong-quy-trinh-ban-hang/,PUBLISH,REBUILD_KEEP_URL,,6 cách nhắn tin cho khách hàng đạt hiệu quả trong quy trình bán hàng,6-cach-nhan-tin-cho-khach-hang-dat-hieu-qua-trong-quy-trinh-ban-hang,/6-cach-nhan-tin-cho-khach-hang-dat-hieu-qua-trong-quy-trinh-ban-hang/,HUB-04 Telesales và Sales Operations,Telesales và Sales Operations,nhắn tin khách hàng đạt,TO_BE_SET_AT_AUTHORING,informational-howto,Telesales Leader / Sales Manager,TOFU,PILLAR,2000-3000,6 cách nhắn tin cho khách hàng đạt hiệu quả trong quy trình bán hàng?,Gcalls Plus Webphone|/gcalls-plus-webphone/ ; Tổng đài tích hợp CRM|/tong-dai-tich-hop-crm/,1617 | 2684 | 2761,"EDITORIAL_ILLUSTRATION_REQUIRED — 1600x900, new asset, brand #673ab7",1-3 new assets; see editorial-image-map.csv,No blocked claim permitted; figures require Product evidence,P1,Batch 8,DRAFT_NOT_WRITTEN,"Topic on-target; legacy root URL preserved, article written 100% new"
34,1368,Phần mềm gọi tự động và lợi ích đối với chiến lược bán hàng,phan-mem-goi-tu-dong-va-loi-ich-doi-voi-chien-luoc-ban-hang,https://gcalls.co/phan-mem-goi-tu-dong-va-loi-ich-doi-voi-chien-luoc-ban-hang/,PUBLISH,REBUILD_KEEP_URL,,Phần mềm gọi tự động và lợi ích đối với chiến lược bán hàng,phan-mem-goi-tu-dong-va-loi-ich-doi-voi-chien-luoc-ban-hang,/phan-mem-goi-tu-dong-va-loi-ich-doi-voi-chien-luoc-ban-hang/,HUB-02 Gcalls Plus Webphone,Gcalls Plus Webphone,mềm gọi tự động lợi,TO_BE_SET_AT_AUTHORING,informational-general,Trưởng nhóm Sales,MOFU,PILLAR,2000-3000,Phần mềm gọi tự động và lợi ích đối với chiến lược bán hàng?,Gcalls Plus Webphone|/gcalls-plus-webphone/,,"PRODUCT_SCREENSHOT_REQUIRED — 1600x900, new asset, brand #673ab7",1-3 new assets; see editorial-image-map.csv,No blocked claim permitted; figures require Product evidence,P0,Batch 1,DRAFT_NOT_WRITTEN,"Topic on-target; legacy root URL preserved, article written 100% new"
35,1381,6 bước xây dựng kịch bản bán hàng đỉnh cao,6-buoc-xay-dung-kich-ban-ban-hang-dinh-cao,https://gcalls.co/6-buoc-xay-dung-kich-ban-ban-hang-dinh-cao/,PUBLISH,REBUILD_KEEP_URL,,6 bước xây dựng kịch bản bán hàng đỉnh cao,6-buoc-xay-dung-kich-ban-ban-hang-dinh-cao,/6-buoc-xay-dung-kich-ban-ban-hang-dinh-cao/,HUB-04 Telesales và Sales Operations,Telesales và Sales Operations,bước xây dựng kịch bản,TO_BE_SET_AT_AUTHORING,informational-howto,Telesales Leader / Sales Manager,TOFU,PILLAR,2000-3000,6 bước xây dựng kịch bản bán hàng đỉnh cao?,Gcalls Plus Webphone|/gcalls-plus-webphone/ ; Tổng đài tích hợp CRM|/tong-dai-tich-hop-crm/,1617 | 2684 | 2761,"EDITORIAL_ILLUSTRATION_REQUIRED — 1600x900, new asset, brand #673ab7",1-3 new assets; see editorial-image-map.csv,No blocked claim permitted; figures require Product evidence,P1,Batch 8,DRAFT_NOT_WRITTEN,"Topic on-target; legacy root URL preserved, article written 100% new"
36,1396,Cách gọi điện thoại cho khách hàng tiềm năng đã mở email,cach-goi-dien-thoai-cho-khach-hang-tiem-nang-da-mo-email,https://gcalls.co/cach-goi-dien-thoai-cho-khach-hang-tiem-nang-da-mo-email/,PUBLISH,REBUILD_KEEP_URL,,Cách gọi điện thoại cho khách hàng tiềm năng đã mở email,cach-goi-dien-thoai-cho-khach-hang-tiem-nang-da-mo-email,/cach-goi-dien-thoai-cho-khach-hang-tiem-nang-da-mo-email/,HUB-04 Telesales và Sales Operations,Telesales và Sales Operations,gọi điện thoại khách hàng,TO_BE_SET_AT_AUTHORING,informational-howto,Telesales Leader / Sales Manager,TOFU,PILLAR,2000-3000,Cách gọi điện thoại cho khách hàng tiềm năng đã mở email?,Gcalls Plus Webphone|/gcalls-plus-webphone/ ; Tổng đài tích hợp CRM|/tong-dai-tich-hop-crm/,1617 | 2684 | 2761,"EDITORIAL_ILLUSTRATION_REQUIRED — 1600x900, new asset, brand #673ab7",1-3 new assets; see editorial-image-map.csv,No blocked claim permitted; figures require Product evidence,P1,Batch 8,DRAFT_NOT_WRITTEN,"Topic on-target; legacy root URL preserved, article written 100% new"
37,1420,Cách giảm áp lực khi làm telesales,cach-giam-ap-luc-khi-lam-telesales,https://gcalls.co/cach-giam-ap-luc-khi-lam-telesales/,PUBLISH,REBUILD_KEEP_URL,,Cách giảm áp lực khi làm telesales,cach-giam-ap-luc-khi-lam-telesales,/cach-giam-ap-luc-khi-lam-telesales/,HUB-04 Telesales và Sales Operations,Telesales và Sales Operations,giảm áp lực làm telesales,TO_BE_SET_AT_AUTHORING,informational-howto,Telesales Leader / Sales Manager,TOFU,SUPPORTING,1200-2000,Cách giảm áp lực khi làm telesales?,Gcalls Plus Webphone|/gcalls-plus-webphone/ ; Tổng đài tích hợp CRM|/tong-dai-tich-hop-crm/,1617 | 2684 | 2761,"EDITORIAL_ILLUSTRATION_REQUIRED — 1600x900, new asset, brand #673ab7",1-3 new assets; see editorial-image-map.csv,No blocked claim permitted; figures require Product evidence,P1,Batch 8,DRAFT_NOT_WRITTEN,"Topic on-target; legacy root URL preserved, article written 100% new"
38,1427,Các chỉ số đánh giá phễu bán hàng hiệu quả,cac-chi-so-danh-gia-pheu-ban-hang-hieu-qua,https://gcalls.co/cac-chi-so-danh-gia-pheu-ban-hang-hieu-qua/,PUBLISH,REBUILD_KEEP_URL,,Các chỉ số đánh giá phễu bán hàng hiệu quả,cac-chi-so-danh-gia-pheu-ban-hang-hieu-qua,/cac-chi-so-danh-gia-pheu-ban-hang-hieu-qua/,HUB-04 Telesales và Sales Operations,Telesales và Sales Operations,chỉ số đánh giá phễu,TO_BE_SET_AT_AUTHORING,commercial-investigation,Telesales Leader / Sales Manager,TOFU,SUPPORTING,1200-2000,Các chỉ số đánh giá phễu bán hàng hiệu quả?,Gcalls Plus Webphone|/gcalls-plus-webphone/ ; Tổng đài tích hợp CRM|/tong-dai-tich-hop-crm/,1617 | 2684 | 2761,"EDITORIAL_ILLUSTRATION_REQUIRED — 1600x900, new asset, brand #673ab7",1-3 new assets; see editorial-image-map.csv,No blocked claim permitted; figures require Product evidence,P1,Batch 8,DRAFT_NOT_WRITTEN,"Topic on-target; legacy root URL preserved, article written 100% new"
39,1440,Tiếp thị qua điện thoại: Hướng dẫn nhanh Cold Calling chuyên nghiệp,tiep-thi-qua-dien-thoai-huong-dan-nhanh-cold-calling-chuyen-nghiep,https://gcalls.co/tiep-thi-qua-dien-thoai-huong-dan-nhanh-cold-calling-chuyen-nghiep/,PUBLISH,REBUILD_KEEP_URL,,Tiếp thị qua điện thoại: Hướng dẫn nhanh Cold Calling chuyên nghiệp,tiep-thi-qua-dien-thoai-huong-dan-nhanh-cold-calling-chuyen-nghiep,/tiep-thi-qua-dien-thoai-huong-dan-nhanh-cold-calling-chuyen-nghiep/,HUB-04 Telesales và Sales Operations,Telesales và Sales Operations,tiếp thị qua điện thoại,TO_BE_SET_AT_AUTHORING,informational-howto,Telesales Leader / Sales Manager,TOFU,SUPPORTING,1200-2000,Tiếp thị qua điện thoại: Hướng dẫn nhanh Cold Calling chuyên nghiệp?,Gcalls Plus Webphone|/gcalls-plus-webphone/ ; Tổng đài tích hợp CRM|/tong-dai-tich-hop-crm/,1617 | 2684 | 2761,"EDITORIAL_ILLUSTRATION_REQUIRED — 1600x900, new asset, brand #673ab7",1-3 new assets; see editorial-image-map.csv,No blocked claim permitted; figures require Product evidence,P1,Batch 8,DRAFT_NOT_WRITTEN,"Topic on-target; legacy root URL preserved, article written 100% new"
40,1454,Hướng dẫn nhân viên bán hàng SaaS xử lý từ chối giao dịch (Phần 1),huong-dan-nhan-vien-ban-hang-saas-xu-ly-tu-choi-giao-dich-phan-1,https://gcalls.co/?p=1454,DRAFT,REBUILD_UPDATE_TOPIC,,Hướng dẫn nhân viên bán hàng SaaS xử lý từ chối giao dịch (Phần 1),huong-dan-nhan-vien-ban-hang-saas-xu-ly-tu-choi-giao-dich-phan-1,/huong-dan-nhan-vien-ban-hang-saas-xu-ly-tu-choi-giao-dich-phan-1/,HUB-04 Telesales và Sales Operations,Telesales và Sales Operations,hướng dẫn nhân viên bán,TO_BE_SET_AT_AUTHORING,informational-howto,Telesales Leader / Sales Manager,TOFU,SUPPORTING,1200-2000,Hướng dẫn nhân viên bán hàng SaaS xử lý từ chối giao dịch (Phần 1)?,Gcalls Plus Webphone|/gcalls-plus-webphone/ ; Tổng đài tích hợp CRM|/tong-dai-tich-hop-crm/,1617 | 2684 | 2761,"EDITORIAL_ILLUSTRATION_REQUIRED — 1600x900, new asset, brand #673ab7",1-3 new assets; see editorial-image-map.csv,No blocked claim permitted; figures require Product evidence,P1,Batch 8,DRAFT_NOT_WRITTEN,Topic re-scoped to Gcalls ICP; article written 100% new
41,1496,Hướng dẫn nhân viên bán hàng SaaS xử lý từ chối giao dịch (Phần cuối),huong-dan-nhan-vien-ban-hang-saas-xu-ly-tu-choi-giao-dich-phan-cuoi,https://gcalls.co/?p=1496,DRAFT,REBUILD_UPDATE_TOPIC,,Hướng dẫn nhân viên bán hàng SaaS xử lý từ chối giao dịch (Phần cuối),huong-dan-nhan-vien-ban-hang-saas-xu-ly-tu-choi-giao-dich-phan-cuoi,/huong-dan-nhan-vien-ban-hang-saas-xu-ly-tu-choi-giao-dich-phan-cuoi/,HUB-04 Telesales và Sales Operations,Telesales và Sales Operations,hướng dẫn nhân viên bán,TO_BE_SET_AT_AUTHORING,informational-howto,Telesales Leader / Sales Manager,TOFU,SUPPORTING,1200-2000,Hướng dẫn nhân viên bán hàng SaaS xử lý từ chối giao dịch (Phần cuối)?,Gcalls Plus Webphone|/gcalls-plus-webphone/ ; Tổng đài tích hợp CRM|/tong-dai-tich-hop-crm/,1617 | 2684 | 2761,"EDITORIAL_ILLUSTRATION_REQUIRED — 1600x900, new asset, brand #673ab7",1-3 new assets; see editorial-image-map.csv,No blocked claim permitted; figures require Product evidence,P1,Batch 8,DRAFT_NOT_WRITTEN,Topic re-scoped to Gcalls ICP; article written 100% new
42,1529,Tiêu chí đánh giá hiệu quả bán hàng,tieu-chi-danh-gia-hieu-qua-ban-hang,https://gcalls.co/?p=1529,DRAFT,REBUILD_UPDATE_TOPIC,,Tiêu chí đánh giá hiệu quả bán hàng,tieu-chi-danh-gia-hieu-qua-ban-hang,/tieu-chi-danh-gia-hieu-qua-ban-hang/,HUB-04 Telesales và Sales Operations,Telesales và Sales Operations,tiêu chí đánh giá hiệu,TO_BE_SET_AT_AUTHORING,commercial-investigation,Telesales Leader / Sales Manager,TOFU,PILLAR,2000-3000,Tiêu chí đánh giá hiệu quả bán hàng?,Gcalls Plus Webphone|/gcalls-plus-webphone/ ; Tổng đài tích hợp CRM|/tong-dai-tich-hop-crm/,1617 | 2684 | 2761,"EDITORIAL_ILLUSTRATION_REQUIRED — 1600x900, new asset, brand #673ab7",1-3 new assets; see editorial-image-map.csv,No blocked claim permitted; figures require Product evidence,P1,Batch 8,DRAFT_NOT_WRITTEN,Topic re-scoped to Gcalls ICP; article written 100% new
43,1541,Các bước tổ chức một cuộc họp khách hàng chuyên nghiệp,cac-buoc-to-chuc-mot-cuoc-hop-khach-hang-chuyen-nghiep,https://gcalls.co/?p=1541,DRAFT,REBUILD_UPDATE_TOPIC,,Các bước tổ chức một cuộc họp khách hàng chuyên nghiệp,cac-buoc-to-chuc-mot-cuoc-hop-khach-hang-chuyen-nghiep,/cac-buoc-to-chuc-mot-cuoc-hop-khach-hang-chuyen-nghiep/,HUB-04 Telesales và Sales Operations,Telesales và Sales Operations,bước tổ chức cuộc họp,TO_BE_SET_AT_AUTHORING,informational-general,Telesales Leader / Sales Manager,TOFU,PILLAR,2000-3000,Các bước tổ chức một cuộc họp khách hàng chuyên nghiệp?,Gcalls Plus Webphone|/gcalls-plus-webphone/ ; Tổng đài tích hợp CRM|/tong-dai-tich-hop-crm/,1617 | 2684 | 2761,"EDITORIAL_ILLUSTRATION_REQUIRED — 1600x900, new asset, brand #673ab7",1-3 new assets; see editorial-image-map.csv,No blocked claim permitted; figures require Product evidence,P1,Batch 8,DRAFT_NOT_WRITTEN,Topic re-scoped to Gcalls ICP; article written 100% new
44,1560,Tiếp thị qua điện thoại: Kỹ năng xử lý từ chối giúp tăng cơ hội bán hàng,tiep-thi-qua-dien-thoai-ky-nang-xu-ly-tu-choi,https://gcalls.co/tiep-thi-qua-dien-thoai-ky-nang-xu-ly-tu-choi/,PUBLISH,REBUILD_KEEP_URL,,Tiếp thị qua điện thoại: Kỹ năng xử lý từ chối giúp tăng cơ hội bán hàng,tiep-thi-qua-dien-thoai-ky-nang-xu-ly-tu-choi,/tiep-thi-qua-dien-thoai-ky-nang-xu-ly-tu-choi/,HUB-04 Telesales và Sales Operations,Telesales và Sales Operations,tiếp thị qua điện thoại,TO_BE_SET_AT_AUTHORING,informational-general,Telesales Leader / Sales Manager,TOFU,SUPPORTING,1200-2000,Tiếp thị qua điện thoại: Kỹ năng xử lý từ chối giúp tăng cơ hội bán hàng?,Gcalls Plus Webphone|/gcalls-plus-webphone/ ; Tổng đài tích hợp CRM|/tong-dai-tich-hop-crm/,1617 | 2684 | 2761,"EDITORIAL_ILLUSTRATION_REQUIRED — 1600x900, new asset, brand #673ab7",1-3 new assets; see editorial-image-map.csv,No blocked claim permitted; figures require Product evidence,P1,Batch 8,DRAFT_NOT_WRITTEN,"Topic on-target; legacy root URL preserved, article written 100% new"
45,1591,Giọng nói: Yếu tố quyết định thành công trong tiếp thị qua điện thoại,giong-noi-yeu-to-quyet-dinh-thanh-cong-trong-tiep-thi-qua-dien-thoai,https://gcalls.co/giong-noi-yeu-to-quyet-dinh-thanh-cong-trong-tiep-thi-qua-dien-thoai/,PUBLISH,REBUILD_KEEP_URL,,Giọng nói: Yếu tố quyết định thành công trong tiếp thị qua điện thoại,giong-noi-yeu-to-quyet-dinh-thanh-cong-trong-tiep-thi-qua-dien-thoai,/giong-noi-yeu-to-quyet-dinh-thanh-cong-trong-tiep-thi-qua-dien-thoai/,HUB-04 Telesales và Sales Operations,Telesales và Sales Operations,giọng nói yếu tố quyết,TO_BE_SET_AT_AUTHORING,informational-general,Telesales Leader / Sales Manager,TOFU,SUPPORTING,1200-2000,Giọng nói: Yếu tố quyết định thành công trong tiếp thị qua điện thoại?,Gcalls Plus Webphone|/gcalls-plus-webphone/ ; Tổng đài tích hợp CRM|/tong-dai-tich-hop-crm/,1617 | 2684 | 2761,"EDITORIAL_ILLUSTRATION_REQUIRED — 1600x900, new asset, brand #673ab7",1-3 new assets; see editorial-image-map.csv,No blocked claim permitted; figures require Product evidence,P1,Batch 8,DRAFT_NOT_WRITTEN,"Topic on-target; legacy root URL preserved, article written 100% new"
46,1617,Ebook: Hướng dẫn các bước xử lý tình huống khách hàng phàn nàn,ebook-huong-dan-cac-buoc-xu-ly-tinh-huong-khach-hang-phan-nan,https://gcalls.co/?p=1617,DRAFT,REBUILD_UPDATE_TOPIC,,Ebook: Hướng dẫn các bước xử lý tình huống khách hàng phàn nàn,ebook-huong-dan-cac-buoc-xu-ly-tinh-huong-khach-hang-phan-nan,/ebook-huong-dan-cac-buoc-xu-ly-tinh-huong-khach-hang-phan-nan/,HUB-04 Telesales và Sales Operations,Telesales và Sales Operations,ebook hướng dẫn bước xử,TO_BE_SET_AT_AUTHORING,informational-howto,Telesales Leader / Sales Manager,TOFU,SUPPORTING,1200-2000,Ebook: Hướng dẫn các bước xử lý tình huống khách hàng phàn nàn?,Gcalls Plus Webphone|/gcalls-plus-webphone/ ; Tổng đài tích hợp CRM|/tong-dai-tich-hop-crm/,2684 | 2761 | 2920,"EDITORIAL_ILLUSTRATION_REQUIRED — 1600x900, new asset, brand #673ab7",1-3 new assets; see editorial-image-map.csv,No blocked claim permitted; figures require Product evidence,P1,Batch 8,DRAFT_NOT_WRITTEN,Topic re-scoped to Gcalls ICP; article written 100% new
47,1705,Cách viết bản tự đánh giá công việc của nhân viên đầy đủ và ấn tượng,cach-viet-ban-tu-danh-gia-cong-viec-cua-nhan-vien,https://gcalls.co/cach-viet-ban-tu-danh-gia-cong-viec-cua-nhan-vien/,PUBLISH,REBUILD_UPDATE_TOPIC,,Cách viết bản tự đánh giá công việc của nhân viên đầy đủ và ấn tượng,cach-viet-ban-tu-danh-gia-cong-viec-cua-nhan-vien,/cach-viet-ban-tu-danh-gia-cong-viec-cua-nhan-vien/,HUB-11 Vận hành doanh nghiệp,Vận hành doanh nghiệp,viết bản tự đánh giá,TO_BE_SET_AT_AUTHORING,informational-howto,Chủ doanh nghiệp / Quản lý,TOFU,PILLAR,2000-3000,Cách viết bản tự đánh giá công việc của nhân viên đầy đủ và ấn tượng?,Gcalls Plus Webphone|/gcalls-plus-webphone/,2261 | 2665 | 2738,"EDITORIAL_ILLUSTRATION_REQUIRED — 1600x900, new asset, brand #673ab7",1-3 new assets; see editorial-image-map.csv,No blocked claim permitted; figures require Product evidence,P2,Batch 10,DRAFT_NOT_WRITTEN,Topic re-scoped to Gcalls ICP; article written 100% new
48,1805,Bán hàng qua điện thoại: 3 câu hỏi bạn nên tự hỏi bản thân trước khi thực hiện cuộc gọi,ban-hang-qua-dien-thoai-3-cau-hoi-ban-nen-tu-hoi-truoc-khi-thuc-hien-cuoc-goi,https://gcalls.co/ban-hang-qua-dien-thoai-3-cau-hoi-ban-nen-tu-hoi-truoc-khi-thuc-hien-cuoc-goi/,PUBLISH,REBUILD_KEEP_URL,,Bán hàng qua điện thoại: 3 câu hỏi bạn nên tự hỏi bản thân trước khi thực hiện cuộc gọi,ban-hang-qua-dien-thoai-3-cau-hoi-ban-nen-tu-hoi-truoc-khi-thuc-hien-cuoc-goi,/ban-hang-qua-dien-thoai-3-cau-hoi-ban-nen-tu-hoi-truoc-khi-thuc-hien-cuoc-goi/,HUB-04 Telesales và Sales Operations,Telesales và Sales Operations,bán hàng qua điện thoại,TO_BE_SET_AT_AUTHORING,informational-general,Telesales Leader / Sales Manager,TOFU,SUPPORTING,1200-2000,Bán hàng qua điện thoại: 3 câu hỏi bạn nên tự hỏi bản thân trước khi thực hiện cuộc gọi?,Gcalls Plus Webphone|/gcalls-plus-webphone/ ; Tổng đài tích hợp CRM|/tong-dai-tich-hop-crm/,1617 | 2684 | 2761,"EDITORIAL_ILLUSTRATION_REQUIRED — 1600x900, new asset, brand #673ab7",1-3 new assets; see editorial-image-map.csv,No blocked claim permitted; figures require Product evidence,P1,Batch 8,DRAFT_NOT_WRITTEN,"Topic on-target; legacy root URL preserved, article written 100% new"
49,1817,Cách chiếm được lòng tin của khách hàng kín tiếng,cach-chiem-duoc-long-tin-cua-khach-hang-kin-tieng,https://gcalls.co/cach-chiem-duoc-long-tin-cua-khach-hang-kin-tieng/,PUBLISH,REBUILD_KEEP_URL,,Cách chiếm được lòng tin của khách hàng kín tiếng,cach-chiem-duoc-long-tin-cua-khach-hang-kin-tieng,/cach-chiem-duoc-long-tin-cua-khach-hang-kin-tieng/,HUB-04 Telesales và Sales Operations,Telesales và Sales Operations,chiếm được lòng tin khách,TO_BE_SET_AT_AUTHORING,informational-howto,Telesales Leader / Sales Manager,TOFU,SUPPORTING,1200-2000,Cách chiếm được lòng tin của khách hàng kín tiếng?,Gcalls Plus Webphone|/gcalls-plus-webphone/ ; Tổng đài tích hợp CRM|/tong-dai-tich-hop-crm/,1617 | 2684 | 2761,"EDITORIAL_ILLUSTRATION_REQUIRED — 1600x900, new asset, brand #673ab7",1-3 new assets; see editorial-image-map.csv,No blocked claim permitted; figures require Product evidence,P1,Batch 8,DRAFT_NOT_WRITTEN,"Topic on-target; legacy root URL preserved, article written 100% new"
50,1828,Cải thiện trải nghiệm khách hàng tại Call Center bằng biểu mẫu chấm điểm đánh giá cuộc gọi,cai-thien-trai-nghiem-khach-hang-bang-bieu-mau-cham-diem-danh-gia-cuoc-goi,https://gcalls.co/cai-thien-trai-nghiem-khach-hang-bang-bieu-mau-cham-diem-danh-gia-cuoc-goi/,PUBLISH,REBUILD_KEEP_URL,,Cải thiện trải nghiệm khách hàng tại Call Center bằng biểu mẫu chấm điểm đánh giá cuộc gọi,cai-thien-trai-nghiem-khach-hang-bang-bieu-mau-cham-diem-danh-gia-cuoc-goi,/cai-thien-trai-nghiem-khach-hang-bang-bieu-mau-cham-diem-danh-gia-cuoc-goi/,HUB-07 QA/QC và quản trị chất lượng,QA/QC và quản trị chất lượng,cải thiện trải nghiệm khách,TO_BE_SET_AT_AUTHORING,commercial-investigation,QA Lead / Trưởng nhóm chất lượng,MOFU,PILLAR,2000-3000,Cải thiện trải nghiệm khách hàng tại Call Center bằng biểu mẫu chấm điểm đánh giá cuộc gọi?,QA/QC Center|/qc-bot-ai/,2244 | 16324,"PRODUCT_SCREENSHOT_REQUIRED — 1600x900, new asset, brand #673ab7",1-3 new assets; see editorial-image-map.csv,No blocked claim permitted; figures require Product evidence,P0,Batch 1,DRAFT_NOT_WRITTEN,"Topic on-target; legacy root URL preserved, article written 100% new"
51,1967,Chiến lược mở rộng ra thị trường nước quốc tế,chien-luoc-mo-rong-ra-thi-truong-nuoc-ngoai-va-phuc-vu-khach-hang-quoc-te,https://gcalls.co/chien-luoc-mo-rong-ra-thi-truong-nuoc-ngoai-va-phuc-vu-khach-hang-quoc-te/,PUBLISH,REBUILD_KEEP_URL,,Chiến lược mở rộng ra thị trường nước quốc tế,chien-luoc-mo-rong-ra-thi-truong-nuoc-ngoai-va-phuc-vu-khach-hang-quoc-te,/chien-luoc-mo-rong-ra-thi-truong-nuoc-ngoai-va-phuc-vu-khach-hang-quoc-te/,HUB-09 Tổng đài quốc tế,Tổng đài quốc tế,chiến lược mở rộng ra,TO_BE_SET_AT_AUTHORING,informational-general,Sales quốc tế / Xuất khẩu,MOFU,PILLAR,2000-3000,Chiến lược mở rộng ra thị trường nước quốc tế?,Tổng đài quốc tế|/tong-dai-quoc-te/,,"CUSTOM_DIAGRAM_REQUIRED — 1600x900, new asset, brand #673ab7",1-3 new assets; see editorial-image-map.csv,No blocked claim permitted; figures require Product evidence,P0,Batch 1,DRAFT_NOT_WRITTEN,"Topic on-target; legacy root URL preserved, article written 100% new"
52,1968,Tổng đài quốc tế: Mở rộng thị trường dễ dàng với phần mềm Call Center kết nối số nước ngoài,tong-dai-quoc-te-mo-rong-thi-truong,https://gcalls.co/tong-dai-quoc-te-mo-rong-thi-truong/,PUBLISH,REBUILD_KEEP_URL,,Tổng đài quốc tế: Mở rộng thị trường dễ dàng với phần mềm Call Center kết nối số nước ngoài,tong-dai-quoc-te-mo-rong-thi-truong,/tong-dai-quoc-te-mo-rong-thi-truong/,HUB-01 Tổng đài và Call Center,Tổng đài và Call Center,tổng đài quốc tế mở,TO_BE_SET_AT_AUTHORING,informational-general,Trưởng phòng vận hành / Call Center Manager,TOFU,SUPPORTING,1200-2000,Tổng đài quốc tế: Mở rộng thị trường dễ dàng với phần mềm Call Center kết nối số nước ngoài?,Cloud Call Center|/lien-he/ ; Gcalls Plus Webphone|/gcalls-plus-webphone/,10727 | 13378 | 13409,"CUSTOM_DIAGRAM_REQUIRED — 1600x900, new asset, brand #673ab7",1-3 new assets; see editorial-image-map.csv,No blocked claim permitted; figures require Product evidence,P1,Batch 2,DRAFT_NOT_WRITTEN,"Topic on-target; legacy root URL preserved, article written 100% new"
53,2167,Mẫu bảng đánh giá nhân viên bán hàng mới nhất,mau-bang-danh-gia-nhan-vien-ban-hang-moi-nhat,https://gcalls.co/?p=2167,DRAFT,MERGE_INTO_PRIMARY,10753,,,/mau-bang-danh-gia-nhan-vien-ban-hang/,,,,,,,,,,,,,,,N/A,P3,Batch 0,N/A,Duplicate of 10753; single primary URL retained
54,2200,Lead qualification: Cách đánh giá khách hàng tiềm năng hiệu quả,,https://gcalls.co/?p=2200,DRAFT,MERGE_INTO_PRIMARY,17875,,,(primary is draft — slug TBD),,,,,,,,,,,,,,,N/A,P3,Batch 0,N/A,Duplicate of 17875; single primary URL retained
55,2244,Làm gì để mở rộng đội ngũ hỗ trợ khách hàng mà không hi sinh chất lượng dịch vụ?,lam-gi-de-mo-rong-doi-ngu-ho-tro-khach-hang-ma-khong-hi-sinh-chat-luong-dich-vu,https://gcalls.co/?p=2244,DRAFT,REBUILD_UPDATE_TOPIC,,Làm gì để mở rộng đội ngũ hỗ trợ khách hàng mà không hi sinh chất lượng dịch vụ?,lam-gi-de-mo-rong-doi-ngu-ho-tro-khach-hang-ma-khong-hi-sinh-chat-luong-dich-vu,/lam-gi-de-mo-rong-doi-ngu-ho-tro-khach-hang-ma-khong-hi-sinh-chat-luong-dich-vu/,HUB-07 QA/QC và quản trị chất lượng,QA/QC và quản trị chất lượng,làm mở rộng đội ngũ,TO_BE_SET_AT_AUTHORING,informational-general,QA Lead / Trưởng nhóm chất lượng,MOFU,PILLAR,2000-3000,Làm gì để mở rộng đội ngũ hỗ trợ khách hàng mà không hi sinh chất lượng dịch vụ?,QA/QC Center|/qc-bot-ai/,1828 | 16324,"PRODUCT_SCREENSHOT_REQUIRED — 1600x900, new asset, brand #673ab7",1-3 new assets; see editorial-image-map.csv,No blocked claim permitted; figures require Product evidence,P0,Batch 1,DRAFT_NOT_WRITTEN,Topic re-scoped to Gcalls ICP; article written 100% new
56,2261,Cách tính giá trị vòng đời khách hàng CLV của doanh nghiệp,cach-tinh-gia-tri-vong-doi-khach-hang-clv-cua-doanh-nghiep,https://gcalls.co/?p=2261,DRAFT,REBUILD_UPDATE_TOPIC,,Cách tính giá trị vòng đời khách hàng CLV của doanh nghiệp,cach-tinh-gia-tri-vong-doi-khach-hang-clv-cua-doanh-nghiep,/cach-tinh-gia-tri-vong-doi-khach-hang-clv-cua-doanh-nghiep/,HUB-11 Vận hành doanh nghiệp,Vận hành doanh nghiệp,tính giá trị vòng đời,TO_BE_SET_AT_AUTHORING,informational-howto,Chủ doanh nghiệp / Quản lý,TOFU,PILLAR,2000-3000,Cách tính giá trị vòng đời khách hàng CLV của doanh nghiệp?,Gcalls Plus Webphone|/gcalls-plus-webphone/,2665 | 2738 | 10728,"EDITORIAL_ILLUSTRATION_REQUIRED — 1600x900, new asset, brand #673ab7",1-3 new assets; see editorial-image-map.csv,No blocked claim permitted; figures require Product evidence,P2,Batch 10,DRAFT_NOT_WRITTEN,Topic re-scoped to Gcalls ICP; article written 100% new
57,2400,Hướng dẫn đo lường kết quả khảo sát sự hài lòng của khách hàng,huong-dan-do-luong-ket-qua-khao-sat-su-hai-long-cua-khach-hang,https://gcalls.co/?p=2400,DRAFT,REBUILD_UPDATE_TOPIC,,Hướng dẫn đo lường kết quả khảo sát sự hài lòng của khách hàng,huong-dan-do-luong-ket-qua-khao-sat-su-hai-long-cua-khach-hang,/huong-dan-do-luong-ket-qua-khao-sat-su-hai-long-cua-khach-hang/,HUB-05 Customer Service và Customer Experience,Customer Service và Customer Experience,hướng dẫn đo lường kết,TO_BE_SET_AT_AUTHORING,informational-howto,Quản lý CSKH,TOFU,PILLAR,2000-3000,Hướng dẫn đo lường kết quả khảo sát sự hài lòng của khách hàng?,Gcalls CX|/gcalls-cx/ ; Tổng đài tích hợp Helpdesk|/tong-dai-tich-hop-helpdesk/,2695 | 2752 | 10731,"EDITORIAL_ILLUSTRATION_REQUIRED — 1600x900, new asset, brand #673ab7",1-3 new assets; see editorial-image-map.csv,No blocked claim permitted; figures require Product evidence,P1,Batch 7,DRAFT_NOT_WRITTEN,Topic re-scoped to Gcalls ICP; article written 100% new
58,2425,Hướng dẫn tuyển dụng nhân sự cho bộ phận Hỗ trợ khách hàng,huong-dan-tuyen-dung-nhan-su-cho-bo-phan-ho-tro-khach-hang-cua-doanh-nghiep,https://gcalls.co/?p=2425,DRAFT,RETIRE_410,,,,410,,,,,,,,,,,,,,,N/A,P3,Batch 0,N/A,Non-editorial or off-ICP; no replacement article
59,2437,16 công cụ tạo phiếu yêu cầu hỗ trợ ticket cho bộ phận Dịch vụ khách hàng,cong-cu-tao-phieu-yeu-cau-ho-tro-ticket-cho-bo-phan-dich-vu-khach-hang,https://gcalls.co/cong-cu-tao-phieu-yeu-cau-ho-tro-ticket-cho-bo-phan-dich-vu-khach-hang/,PRIVATE,REBUILD_UPDATE_TOPIC,,16 công cụ tạo phiếu yêu cầu hỗ trợ ticket cho bộ phận Dịch vụ khách hàng,cong-cu-tao-phieu-yeu-cau-ho-tro-ticket-cho-bo-phan-dich-vu-khach-hang,/cong-cu-tao-phieu-yeu-cau-ho-tro-ticket-cho-bo-phan-dich-vu-khach-hang/,"HUB-03 CRM, Helpdesk và tích hợp","CRM, Helpdesk và tích hợp",công cụ tạo phiếu yêu,TO_BE_SET_AT_AUTHORING,informational-general,IT / Trưởng dự án tích hợp,MOFU,PILLAR,2000-3000,16 công cụ tạo phiếu yêu cầu hỗ trợ ticket cho bộ phận Dịch vụ khách hàng?,Tổng đài tích hợp CRM|/tong-dai-tich-hop-crm/ ; Tổng đài tích hợp Helpdesk|/tong-dai-tich-hop-helpdesk/,2864 | 2584 | 2621,"CUSTOM_DIAGRAM_REQUIRED — 1600x900, new asset, brand #673ab7",1-3 new assets; see editorial-image-map.csv,No blocked claim permitted; figures require Product evidence,P0,Batch 1,DRAFT_NOT_WRITTEN,Topic re-scoped to Gcalls ICP; article written 100% new
60,2449,Hướng dẫn tính toán và cải thiện chỉ số CAC cho doanh nghiệp năm 2022,,https://gcalls.co/?p=2449,DRAFT,REBUILD_UPDATE_TOPIC,,Hướng dẫn tính toán và cải thiện chỉ số CAC cho doanh nghiệp năm 2022,huong-dan-tinh-toan-va-cai-thien-chi-so-cac-cho-doanh-nghiep-nam-2022,/huong-dan-tinh-toan-va-cai-thien-chi-so-cac-cho-doanh-nghiep-nam-2022/,HUB-04 Telesales và Sales Operations,Telesales và Sales Operations,hướng dẫn tính toán cải,TO_BE_SET_AT_AUTHORING,informational-howto,Telesales Leader / Sales Manager,TOFU,PILLAR,2000-3000,Hướng dẫn tính toán và cải thiện chỉ số CAC cho doanh nghiệp năm 2022?,Gcalls Plus Webphone|/gcalls-plus-webphone/ ; Tổng đài tích hợp CRM|/tong-dai-tich-hop-crm/,1617 | 2684 | 2761,"EDITORIAL_ILLUSTRATION_REQUIRED — 1600x900, new asset, brand #673ab7",1-3 new assets; see editorial-image-map.csv,No blocked claim permitted; figures require Product evidence,P1,Batch 8,DRAFT_NOT_WRITTEN,Topic re-scoped to Gcalls ICP; article written 100% new
61,2462,Tại sao tỷ lệ giữ chân khách hàng lại quan trọng đối với doanh nghiệp?,tai-sao-ty-le-giu-chan-khach-hang-lai-quan-trong-doi-voi-doanh-nghiep,https://gcalls.co/?p=2462,DRAFT,MERGE_INTO_PRIMARY,17884,,,(primary is draft — slug TBD),,,,,,,,,,,,,,,N/A,P3,Batch 0,N/A,Duplicate of 17884; single primary URL retained
62,2472,Chỉ số CES là gì và khi nào nên sử dụng khảo sát CES?,,https://gcalls.co/?p=2472,DRAFT,REBUILD_UPDATE_TOPIC,,Chỉ số CES là gì và khi nào nên sử dụng khảo sát CES?,chi-so-ces-la-gi-va-khi-nao-nen-su-dung-khao-sat-ces,/chi-so-ces-la-gi-va-khi-nao-nen-su-dung-khao-sat-ces/,HUB-05 Customer Service và Customer Experience,Customer Service và Customer Experience,chỉ số ces sử dụng,TO_BE_SET_AT_AUTHORING,informational-definition,Quản lý CSKH,TOFU,PILLAR,2000-3000,Chỉ số CES là gì và khi nào nên sử dụng khảo sát CES?,Gcalls CX|/gcalls-cx/ ; Tổng đài tích hợp Helpdesk|/tong-dai-tich-hop-helpdesk/,2400 | 2695 | 2752,"EDITORIAL_ILLUSTRATION_REQUIRED — 1600x900, new asset, brand #673ab7",1-3 new assets; see editorial-image-map.csv,No blocked claim permitted; figures require Product evidence,P1,Batch 7,DRAFT_NOT_WRITTEN,Topic re-scoped to Gcalls ICP; article written 100% new
63,2486,Chỉ số NPS là gì và tại sao nó lại quan trọng đối với doanh nghiệp?,,https://gcalls.co/?p=2486,DRAFT,REBUILD_UPDATE_TOPIC,,Chỉ số NPS là gì và tại sao nó lại quan trọng đối với doanh nghiệp?,chi-so-nps-la-gi-va-tai-sao-no-lai-quan-trong-doi-voi-doanh-nghiep,/chi-so-nps-la-gi-va-tai-sao-no-lai-quan-trong-doi-voi-doanh-nghiep/,HUB-05 Customer Service và Customer Experience,Customer Service và Customer Experience,chỉ số nps nó lại,TO_BE_SET_AT_AUTHORING,informational-definition,Quản lý CSKH,TOFU,PILLAR,2000-3000,Chỉ số NPS là gì và tại sao nó lại quan trọng đối với doanh nghiệp?,Gcalls CX|/gcalls-cx/ ; Tổng đài tích hợp Helpdesk|/tong-dai-tich-hop-helpdesk/,2400 | 2695 | 2752,"EDITORIAL_ILLUSTRATION_REQUIRED — 1600x900, new asset, brand #673ab7",1-3 new assets; see editorial-image-map.csv,No blocked claim permitted; figures require Product evidence,P1,Batch 7,DRAFT_NOT_WRITTEN,Topic re-scoped to Gcalls ICP; article written 100% new
64,2495,19 ví dụ về khảo sát sự hài lòng của khách hàng và các khảo sát mẫu,19-vi-du-ve-khao-sat-su-hai-long-cua-khach-hang-va-cac-khao-sat-mau,https://gcalls.co/?p=2495,DRAFT,REBUILD_UPDATE_TOPIC,,19 ví dụ về khảo sát sự hài lòng của khách hàng và các khảo sát mẫu,19-vi-du-ve-khao-sat-su-hai-long-cua-khach-hang-va-cac-khao-sat-mau,/19-vi-du-ve-khao-sat-su-hai-long-cua-khach-hang-va-cac-khao-sat-mau/,HUB-04 Telesales và Sales Operations,Telesales và Sales Operations,ví dụ khảo sát sự,TO_BE_SET_AT_AUTHORING,informational-general,Telesales Leader / Sales Manager,TOFU,PILLAR,2000-3000,19 ví dụ về khảo sát sự hài lòng của khách hàng và các khảo sát mẫu?,Gcalls Plus Webphone|/gcalls-plus-webphone/ ; Tổng đài tích hợp CRM|/tong-dai-tich-hop-crm/,1617 | 2684 | 2761,"EDITORIAL_ILLUSTRATION_REQUIRED — 1600x900, new asset, brand #673ab7",1-3 new assets; see editorial-image-map.csv,No blocked claim permitted; figures require Product evidence,P1,Batch 8,DRAFT_NOT_WRITTEN,Topic re-scoped to Gcalls ICP; article written 100% new
65,2539,Chỉ số CSAT là gì và cách đo lường chỉ số này trong dịch vụ khách hàng?,chi-so-csat-la-gi-va-cach-do-luong-chi-so-nay-trong-dich-vu-khach-hang,https://gcalls.co/?p=2539,DRAFT,REBUILD_UPDATE_TOPIC,,Chỉ số CSAT là gì và cách đo lường chỉ số này trong dịch vụ khách hàng?,chi-so-csat-la-gi-va-cach-do-luong-chi-so-nay-trong-dich-vu-khach-hang,/chi-so-csat-la-gi-va-cach-do-luong-chi-so-nay-trong-dich-vu-khach-hang/,HUB-05 Customer Service và Customer Experience,Customer Service và Customer Experience,chỉ số csat đo lường,TO_BE_SET_AT_AUTHORING,informational-definition,Quản lý CSKH,TOFU,PILLAR,2000-3000,Chỉ số CSAT là gì và cách đo lường chỉ số này trong dịch vụ khách hàng?,Gcalls CX|/gcalls-cx/ ; Tổng đài tích hợp Helpdesk|/tong-dai-tich-hop-helpdesk/,2400 | 2695 | 2752,"EDITORIAL_ILLUSTRATION_REQUIRED — 1600x900, new asset, brand #673ab7",1-3 new assets; see editorial-image-map.csv,No blocked claim permitted; figures require Product evidence,P1,Batch 7,DRAFT_NOT_WRITTEN,Topic re-scoped to Gcalls ICP; article written 100% new
66,2584,Phần mềm Getfly: Tính năng và ứng dụng của phần mềm CRM “gốc Việt”,phan-mem-getfly-tinh-nang-ung-dung-va-uu-nhuoc-diem-cua-phan-mem-crm-goc-viet,https://gcalls.co/?p=2584,DRAFT,REBUILD_UPDATE_TOPIC,,Phần mềm Getfly: Tính năng và ứng dụng của phần mềm CRM “gốc Việt”,phan-mem-getfly-tinh-nang-ung-dung-va-uu-nhuoc-diem-cua-phan-mem-crm-goc-viet,/phan-mem-getfly-tinh-nang-ung-dung-va-uu-nhuoc-diem-cua-phan-mem-crm-goc-viet/,"HUB-03 CRM, Helpdesk và tích hợp","CRM, Helpdesk và tích hợp",mềm getfly tính năng ứng,TO_BE_SET_AT_AUTHORING,informational-general,IT / Trưởng dự án tích hợp,MOFU,PILLAR,2000-3000,Phần mềm Getfly: Tính năng và ứng dụng của phần mềm CRM “gốc Việt”?,Tổng đài tích hợp CRM|/tong-dai-tich-hop-crm/ ; Tổng đài tích hợp Helpdesk|/tong-dai-tich-hop-helpdesk/,2864 | 2621 | 2819,"CUSTOM_DIAGRAM_REQUIRED — 1600x900, new asset, brand #673ab7",1-3 new assets; see editorial-image-map.csv,No blocked claim permitted; figures require Product evidence,P0,Batch 1,DRAFT_NOT_WRITTEN,Topic re-scoped to Gcalls ICP; article written 100% new
67,2621,Ưu và nhược điểm của các giải pháp trong  phần mềm CRM HubSpot,uu-va-nhuoc-diem-cua-cac-giai-phap-trong-phan-mem-crm-hubspot,https://gcalls.co/?p=2621,DRAFT,REBUILD_UPDATE_TOPIC,,Ưu và nhược điểm của các giải pháp trong  phần mềm CRM HubSpot,uu-va-nhuoc-diem-cua-cac-giai-phap-trong-phan-mem-crm-hubspot,/uu-va-nhuoc-diem-cua-cac-giai-phap-trong-phan-mem-crm-hubspot/,"HUB-03 CRM, Helpdesk và tích hợp","CRM, Helpdesk và tích hợp",ưu nhược điểm giải pháp,TO_BE_SET_AT_AUTHORING,commercial-investigation,IT / Trưởng dự án tích hợp,MOFU,PILLAR,2000-3000,Ưu và nhược điểm của các giải pháp trong  phần mềm CRM HubSpot?,Tổng đài tích hợp CRM|/tong-dai-tich-hop-crm/ ; Tổng đài tích hợp Helpdesk|/tong-dai-tich-hop-helpdesk/,2864 | 2584 | 2819,"CUSTOM_DIAGRAM_REQUIRED — 1600x900, new asset, brand #673ab7",1-3 new assets; see editorial-image-map.csv,No blocked claim permitted; figures require Product evidence,P0,Batch 1,DRAFT_NOT_WRITTEN,Topic re-scoped to Gcalls ICP; article written 100% new
68,2641,Phần mềm Bitrix24 - Các tính năng nổi bật và lý do nên lựa chọn Bitrix24,phan-mem-bitrix24-cac-tinh-nang-noi-bat-va-ly-do-nen-lua-chon-bitrix24,https://gcalls.co/?p=2641,DRAFT,REBUILD_UPDATE_TOPIC,,Phần mềm Bitrix24 - Các tính năng nổi bật và lý do nên lựa chọn Bitrix24,phan-mem-bitrix24-cac-tinh-nang-noi-bat-va-ly-do-nen-lua-chon-bitrix24,/phan-mem-bitrix24-cac-tinh-nang-noi-bat-va-ly-do-nen-lua-chon-bitrix24/,HUB-04 Telesales và Sales Operations,Telesales và Sales Operations,mềm bitrix24 tính năng nổi,TO_BE_SET_AT_AUTHORING,informational-general,Telesales Leader / Sales Manager,TOFU,PILLAR,2000-3000,Phần mềm Bitrix24 - Các tính năng nổi bật và lý do nên lựa chọn Bitrix24?,Gcalls Plus Webphone|/gcalls-plus-webphone/ ; Tổng đài tích hợp CRM|/tong-dai-tich-hop-crm/,1617 | 2684 | 2761,"EDITORIAL_ILLUSTRATION_REQUIRED — 1600x900, new asset, brand #673ab7",1-3 new assets; see editorial-image-map.csv,No blocked claim permitted; figures require Product evidence,P1,Batch 8,DRAFT_NOT_WRITTEN,Topic re-scoped to Gcalls ICP; article written 100% new
69,2665,Chiến lược khách hàng trung tâm (Customer-Centric) cho doanh nghiệp,chien-luoc-khach-hang-trung-tam-customer-centric-cho-doanh-nghiep,https://gcalls.co/?p=2665,DRAFT,REBUILD_UPDATE_TOPIC,,Chiến lược khách hàng trung tâm (Customer-Centric) cho doanh nghiệp,chien-luoc-khach-hang-trung-tam-customer-centric-cho-doanh-nghiep,/chien-luoc-khach-hang-trung-tam-customer-centric-cho-doanh-nghiep/,HUB-11 Vận hành doanh nghiệp,Vận hành doanh nghiệp,chiến lược khách hàng trung,TO_BE_SET_AT_AUTHORING,informational-general,Chủ doanh nghiệp / Quản lý,TOFU,PILLAR,2000-3000,Chiến lược khách hàng trung tâm (Customer-Centric) cho doanh nghiệp?,Gcalls Plus Webphone|/gcalls-plus-webphone/,2261 | 2738 | 10728,"EDITORIAL_ILLUSTRATION_REQUIRED — 1600x900, new asset, brand #673ab7",1-3 new assets; see editorial-image-map.csv,No blocked claim permitted; figures require Product evidence,P2,Batch 10,DRAFT_NOT_WRITTEN,Topic re-scoped to Gcalls ICP; article written 100% new
70,2684,Đội ngũ bán hàng nên quay lại văn phòng hay làm việc từ xa sau đại dịch?,doi-ngu-ban-hang-nen-quay-lai-van-phong-hay-lam-viec-tu-xa-sau-dai-dich,https://gcalls.co/?p=2684,DRAFT,REBUILD_UPDATE_TOPIC,,Đội ngũ bán hàng nên quay lại văn phòng hay làm việc từ xa sau đại dịch?,doi-ngu-ban-hang-nen-quay-lai-van-phong-hay-lam-viec-tu-xa-sau-dai-dich,/doi-ngu-ban-hang-nen-quay-lai-van-phong-hay-lam-viec-tu-xa-sau-dai-dich/,HUB-04 Telesales và Sales Operations,Telesales và Sales Operations,đội ngũ bán hàng quay,TO_BE_SET_AT_AUTHORING,informational-general,Telesales Leader / Sales Manager,TOFU,SUPPORTING,1200-2000,Đội ngũ bán hàng nên quay lại văn phòng hay làm việc từ xa sau đại dịch?,Gcalls Plus Webphone|/gcalls-plus-webphone/ ; Tổng đài tích hợp CRM|/tong-dai-tich-hop-crm/,1617 | 2761 | 2920,"EDITORIAL_ILLUSTRATION_REQUIRED — 1600x900, new asset, brand #673ab7",1-3 new assets; see editorial-image-map.csv,No blocked claim permitted; figures require Product evidence,P1,Batch 8,DRAFT_NOT_WRITTEN,Topic re-scoped to Gcalls ICP; article written 100% new
71,2695,10 điều không nên nói trong một cuộc gọi chăm sóc khách hàng,10-dieu-khong-nen-noi-trong-mot-cuoc-goi-cham-soc-khach-hang,https://gcalls.co/?p=2695,DRAFT,REBUILD_UPDATE_TOPIC,,10 điều không nên nói trong một cuộc gọi chăm sóc khách hàng,10-dieu-khong-nen-noi-trong-mot-cuoc-goi-cham-soc-khach-hang,/10-dieu-khong-nen-noi-trong-mot-cuoc-goi-cham-soc-khach-hang/,HUB-05 Customer Service và Customer Experience,Customer Service và Customer Experience,điều nói cuộc gọi chăm,TO_BE_SET_AT_AUTHORING,informational-general,Quản lý CSKH,TOFU,SUPPORTING,1200-2000,10 điều không nên nói trong một cuộc gọi chăm sóc khách hàng?,Gcalls CX|/gcalls-cx/ ; Tổng đài tích hợp Helpdesk|/tong-dai-tich-hop-helpdesk/,2400 | 2752 | 10731,"EDITORIAL_ILLUSTRATION_REQUIRED — 1600x900, new asset, brand #673ab7",1-3 new assets; see editorial-image-map.csv,No blocked claim permitted; figures require Product evidence,P1,Batch 7,DRAFT_NOT_WRITTEN,Topic re-scoped to Gcalls ICP; article written 100% new
72,2704,Hướng dẫn tạo biểu mẫu chấm điểm đánh giá cuộc gọi tại Call Center,cai-thien-trai-nghiem-khach-hang-voi-bieu-mau-cham-diem-danh-gia-cuoc-goi,https://gcalls.co/?p=2704,DRAFT,MERGE_INTO_PRIMARY,1828,,,/cai-thien-trai-nghiem-khach-hang-bang-bieu-mau-cham-diem-danh-gia-cuoc-goi/,,,,,,,,,,,,,,,N/A,P3,Batch 0,N/A,Duplicate of 1828; single primary URL retained
73,2715,Hướng dẫn tuyển dụng nhân viên hỗ trợ cho bộ phận dịch vụ khách hàng,huong-dan-tuyen-dung-nhan-vien-ho-tro-cho-bo-phan-dich-vu-khach-hang,https://gcalls.co/?p=2715,DRAFT,RETIRE_410,,,,410,,,,,,,,,,,,,,,N/A,P3,Batch 0,N/A,Non-editorial or off-ICP; no replacement article
74,2738,Tại sao phàn nàn của khách hàng lại có ích cho doanh nghiệp của bạn?,tai-sao-phan-nan-cua-khach-hang-lai-co-ich-cho-doanh-nghiep-cua-ban,https://gcalls.co/?p=2738,DRAFT,REBUILD_UPDATE_TOPIC,,Tại sao phàn nàn của khách hàng lại có ích cho doanh nghiệp của bạn?,tai-sao-phan-nan-cua-khach-hang-lai-co-ich-cho-doanh-nghiep-cua-ban,/tai-sao-phan-nan-cua-khach-hang-lai-co-ich-cho-doanh-nghiep-cua-ban/,HUB-11 Vận hành doanh nghiệp,Vận hành doanh nghiệp,phàn nàn khách hàng lại,TO_BE_SET_AT_AUTHORING,informational-general,Chủ doanh nghiệp / Quản lý,TOFU,PILLAR,2000-3000,Tại sao phàn nàn của khách hàng lại có ích cho doanh nghiệp của bạn?,Gcalls Plus Webphone|/gcalls-plus-webphone/,2261 | 2665 | 10728,"EDITORIAL_ILLUSTRATION_REQUIRED — 1600x900, new asset, brand #673ab7",1-3 new assets; see editorial-image-map.csv,No blocked claim permitted; figures require Product evidence,P2,Batch 10,DRAFT_NOT_WRITTEN,Topic re-scoped to Gcalls ICP; article written 100% new
75,2752,Khách hàng tự phục vụ và ví dụ về các cổng thông tin tự phục vụ tốt nhất,khach-hang-tu-phuc-vu-va-vi-du-ve-cac-cong-thong-tin-tu-phuc-vu-tot-nhat,https://gcalls.co/?p=2752,DRAFT,REBUILD_UPDATE_TOPIC,,Khách hàng tự phục vụ và ví dụ về các cổng thông tin tự phục vụ tốt nhất,khach-hang-tu-phuc-vu-va-vi-du-ve-cac-cong-thong-tin-tu-phuc-vu-tot-nhat,/khach-hang-tu-phuc-vu-va-vi-du-ve-cac-cong-thong-tin-tu-phuc-vu-tot-nhat/,HUB-05 Customer Service và Customer Experience,Customer Service và Customer Experience,khách hàng tự phục vụ,TO_BE_SET_AT_AUTHORING,commercial-investigation,Quản lý CSKH,TOFU,PILLAR,2000-3000,Khách hàng tự phục vụ và ví dụ về các cổng thông tin tự phục vụ tốt nhất?,Gcalls CX|/gcalls-cx/ ; Tổng đài tích hợp Helpdesk|/tong-dai-tich-hop-helpdesk/,2400 | 2695 | 10731,"EDITORIAL_ILLUSTRATION_REQUIRED — 1600x900, new asset, brand #673ab7",1-3 new assets; see editorial-image-map.csv,No blocked claim permitted; figures require Product evidence,P1,Batch 7,DRAFT_NOT_WRITTEN,Topic re-scoped to Gcalls ICP; article written 100% new
76,2761,Làm thế nào để kết nối 2 bộ phận bán hàng và dịch vụ khách hàng?,lam-the-nao-de-ket-noi-2-bo-phan-ban-hang-va-dich-vu-khach-hang,https://gcalls.co/?p=2761,DRAFT,REBUILD_UPDATE_TOPIC,,Làm thế nào để kết nối 2 bộ phận bán hàng và dịch vụ khách hàng?,lam-the-nao-de-ket-noi-2-bo-phan-ban-hang-va-dich-vu-khach-hang,/lam-the-nao-de-ket-noi-2-bo-phan-ban-hang-va-dich-vu-khach-hang/,HUB-04 Telesales và Sales Operations,Telesales và Sales Operations,làm kết nối bộ phận,TO_BE_SET_AT_AUTHORING,informational-general,Telesales Leader / Sales Manager,TOFU,PILLAR,2000-3000,Làm thế nào để kết nối 2 bộ phận bán hàng và dịch vụ khách hàng?,Gcalls Plus Webphone|/gcalls-plus-webphone/ ; Tổng đài tích hợp CRM|/tong-dai-tich-hop-crm/,1617 | 2684 | 2920,"EDITORIAL_ILLUSTRATION_REQUIRED — 1600x900, new asset, brand #673ab7",1-3 new assets; see editorial-image-map.csv,No blocked claim permitted; figures require Product evidence,P1,Batch 8,DRAFT_NOT_WRITTEN,Topic re-scoped to Gcalls ICP; article written 100% new
77,2768,Call Center: Điểm khác biệt giữa On-Premises và Cloud Call Center (Phần 1),call-center-diem-khac-biet-giua-on-premises-va-cloud-call-center-phan-1,https://gcalls.co/call-center-diem-khac-biet-giua-on-premises-va-cloud-call-center-phan-1/,PUBLISH,REBUILD_KEEP_URL,,Call Center: Điểm khác biệt giữa On-Premises và Cloud Call Center (Phần 1),call-center-diem-khac-biet-giua-on-premises-va-cloud-call-center-phan-1,/call-center-diem-khac-biet-giua-on-premises-va-cloud-call-center-phan-1/,HUB-01 Tổng đài và Call Center,Tổng đài và Call Center,call center điểm khác biệt,TO_BE_SET_AT_AUTHORING,informational-general,Trưởng phòng vận hành / Call Center Manager,TOFU,PILLAR,2000-3000,Call Center: Điểm khác biệt giữa On-Premises và Cloud Call Center (Phần 1)?,Cloud Call Center|/lien-he/ ; Gcalls Plus Webphone|/gcalls-plus-webphone/,10727 | 13378 | 13409,"CUSTOM_DIAGRAM_REQUIRED — 1600x900, new asset, brand #673ab7",1-3 new assets; see editorial-image-map.csv,No blocked claim permitted; figures require Product evidence,P1,Batch 2,DRAFT_NOT_WRITTEN,"Topic on-target; legacy root URL preserved, article written 100% new"
78,2784,18 lợi ích mà giải pháp tích hợp điện thoại máy tính đem đến cho Call Center,loi-ich-ma-giai-phap-tich-hop-dien-thoai-may-tinh-dem-den-cho-call-center,https://gcalls.co/loi-ich-ma-giai-phap-tich-hop-dien-thoai-may-tinh-dem-den-cho-call-center/,PUBLISH,REBUILD_KEEP_URL,,18 lợi ích mà giải pháp tích hợp điện thoại máy tính đem đến cho Call Center,loi-ich-ma-giai-phap-tich-hop-dien-thoai-may-tinh-dem-den-cho-call-center,/loi-ich-ma-giai-phap-tich-hop-dien-thoai-may-tinh-dem-den-cho-call-center/,HUB-01 Tổng đài và Call Center,Tổng đài và Call Center,lợi ích mà giải pháp,TO_BE_SET_AT_AUTHORING,informational-general,Trưởng phòng vận hành / Call Center Manager,TOFU,PILLAR,2000-3000,18 lợi ích mà giải pháp tích hợp điện thoại máy tính đem đến cho Call Center?,Cloud Call Center|/lien-he/ ; Gcalls Plus Webphone|/gcalls-plus-webphone/,10727 | 13378 | 13409,"CUSTOM_DIAGRAM_REQUIRED — 1600x900, new asset, brand #673ab7",1-3 new assets; see editorial-image-map.csv,No blocked claim permitted; figures require Product evidence,P1,Batch 2,DRAFT_NOT_WRITTEN,"Topic on-target; legacy root URL preserved, article written 100% new"
79,2811,Call Center: Điểm khác biệt giữa On-Premises và Cloud Call Center (Phần cuối),call-center-diem-khac-biet-giua-on-premises-va-cloud-call-center-phan-cuoi,https://gcalls.co/call-center-diem-khac-biet-giua-on-premises-va-cloud-call-center-phan-cuoi/,PUBLISH,REBUILD_KEEP_URL,,Call Center: Điểm khác biệt giữa On-Premises và Cloud Call Center (Phần cuối),call-center-diem-khac-biet-giua-on-premises-va-cloud-call-center-phan-cuoi,/call-center-diem-khac-biet-giua-on-premises-va-cloud-call-center-phan-cuoi/,HUB-01 Tổng đài và Call Center,Tổng đài và Call Center,call center điểm khác biệt,TO_BE_SET_AT_AUTHORING,informational-general,Trưởng phòng vận hành / Call Center Manager,TOFU,PILLAR,2000-3000,Call Center: Điểm khác biệt giữa On-Premises và Cloud Call Center (Phần cuối)?,Cloud Call Center|/lien-he/ ; Gcalls Plus Webphone|/gcalls-plus-webphone/,10727 | 13378 | 13409,"CUSTOM_DIAGRAM_REQUIRED — 1600x900, new asset, brand #673ab7",1-3 new assets; see editorial-image-map.csv,No blocked claim permitted; figures require Product evidence,P1,Batch 2,DRAFT_NOT_WRITTEN,"Topic on-target; legacy root URL preserved, article written 100% new"
80,2819,"Ưu, nhược điểm của phần mềm quản lý quan hệ khách hàng Zoho CRM",uu-nhuoc-diem-cua-phan-mem-quan-ly-quan-he-khach-hang-zoho-crm,https://gcalls.co/?p=2819,DRAFT,REBUILD_UPDATE_TOPIC,,"Ưu, nhược điểm của phần mềm quản lý quan hệ khách hàng Zoho CRM",uu-nhuoc-diem-cua-phan-mem-quan-ly-quan-he-khach-hang-zoho-crm,/uu-nhuoc-diem-cua-phan-mem-quan-ly-quan-he-khach-hang-zoho-crm/,"HUB-03 CRM, Helpdesk và tích hợp","CRM, Helpdesk và tích hợp",ưu nhược điểm mềm quản,TO_BE_SET_AT_AUTHORING,commercial-investigation,IT / Trưởng dự án tích hợp,MOFU,PILLAR,2000-3000,"Ưu, nhược điểm của phần mềm quản lý quan hệ khách hàng Zoho CRM?",Tổng đài tích hợp CRM|/tong-dai-tich-hop-crm/ ; Tổng đài tích hợp Helpdesk|/tong-dai-tich-hop-helpdesk/,2864 | 2584 | 2621,"CUSTOM_DIAGRAM_REQUIRED — 1600x900, new asset, brand #673ab7",1-3 new assets; see editorial-image-map.csv,No blocked claim permitted; figures require Product evidence,P0,Batch 1,DRAFT_NOT_WRITTEN,Topic re-scoped to Gcalls ICP; article written 100% new
81,2835,Liệu Salesforce có phải là phần mềm CRM tốt nhất trên thị trường?,lieu-salesforce-co-phai-la-phan-mem-crm-tot-nhat-tren-thi-truong,https://gcalls.co/?p=2835,DRAFT,REBUILD_UPDATE_TOPIC,,Liệu Salesforce có phải là phần mềm CRM tốt nhất trên thị trường?,lieu-salesforce-co-phai-la-phan-mem-crm-tot-nhat-tren-thi-truong,/lieu-salesforce-co-phai-la-phan-mem-crm-tot-nhat-tren-thi-truong/,"HUB-03 CRM, Helpdesk và tích hợp","CRM, Helpdesk và tích hợp",liệu salesforce phải mềm crm,TO_BE_SET_AT_AUTHORING,commercial-investigation,IT / Trưởng dự án tích hợp,MOFU,PILLAR,2000-3000,Liệu Salesforce có phải là phần mềm CRM tốt nhất trên thị trường?,Tổng đài tích hợp CRM|/tong-dai-tich-hop-crm/ ; Tổng đài tích hợp Helpdesk|/tong-dai-tich-hop-helpdesk/,2864 | 2584 | 2621,"CUSTOM_DIAGRAM_REQUIRED — 1600x900, new asset, brand #673ab7",1-3 new assets; see editorial-image-map.csv,No blocked claim permitted; figures require Product evidence,P0,Batch 1,DRAFT_NOT_WRITTEN,Topic re-scoped to Gcalls ICP; article written 100% new
82,2850,Ưu và nhược điểm của Zendesk: Đâu là phần mềm help desk tốt nhất?,uu-va-nhuoc-diem-cua-zendesk-dau-la-phan-mem-help-desk-tot-nhat,https://gcalls.co/?p=2850,DRAFT,REBUILD_UPDATE_TOPIC,,Ưu và nhược điểm của Zendesk: Đâu là phần mềm help desk tốt nhất?,uu-va-nhuoc-diem-cua-zendesk-dau-la-phan-mem-help-desk-tot-nhat,/uu-va-nhuoc-diem-cua-zendesk-dau-la-phan-mem-help-desk-tot-nhat/,"HUB-03 CRM, Helpdesk và tích hợp","CRM, Helpdesk và tích hợp",ưu nhược điểm zendesk đâu,TO_BE_SET_AT_AUTHORING,commercial-investigation,IT / Trưởng dự án tích hợp,MOFU,PILLAR,2000-3000,Ưu và nhược điểm của Zendesk: Đâu là phần mềm help desk tốt nhất?,Tổng đài tích hợp CRM|/tong-dai-tich-hop-crm/ ; Tổng đài tích hợp Helpdesk|/tong-dai-tich-hop-helpdesk/,2864 | 2584 | 2621,"CUSTOM_DIAGRAM_REQUIRED — 1600x900, new asset, brand #673ab7",1-3 new assets; see editorial-image-map.csv,No blocked claim permitted; figures require Product evidence,P0,Batch 1,DRAFT_NOT_WRITTEN,Topic re-scoped to Gcalls ICP; article written 100% new
83,2864,Phần mềm Pancake POS: Tính năng và những ưu nhược điểm cần biết,phan-mem-pancake-pos-tinh-nang-va-nhung-uu-nhuoc-diem-can-biet,https://gcalls.co/?p=2864,DRAFT,REBUILD_UPDATE_TOPIC,,Phần mềm Pancake POS: Tính năng và những ưu nhược điểm cần biết,phan-mem-pancake-pos-tinh-nang-va-nhung-uu-nhuoc-diem-can-biet,/phan-mem-pancake-pos-tinh-nang-va-nhung-uu-nhuoc-diem-can-biet/,"HUB-03 CRM, Helpdesk và tích hợp","CRM, Helpdesk và tích hợp",mềm pancake pos tính năng,TO_BE_SET_AT_AUTHORING,commercial-investigation,IT / Trưởng dự án tích hợp,MOFU,PILLAR,2000-3000,Phần mềm Pancake POS: Tính năng và những ưu nhược điểm cần biết?,Tổng đài tích hợp CRM|/tong-dai-tich-hop-crm/ ; Tổng đài tích hợp Helpdesk|/tong-dai-tich-hop-helpdesk/,2584 | 2621 | 2819,"CUSTOM_DIAGRAM_REQUIRED — 1600x900, new asset, brand #673ab7",1-3 new assets; see editorial-image-map.csv,No blocked claim permitted; figures require Product evidence,P0,Batch 1,DRAFT_NOT_WRITTEN,Topic re-scoped to Gcalls ICP; article written 100% new
84,2883,Sapo POS là gì? Phần mềm Sapo POS có tốt không?,,https://gcalls.co/?p=2883,DRAFT,REBUILD_UPDATE_TOPIC,,Sapo POS là gì? Phần mềm Sapo POS có tốt không?,sapo-pos-la-gi-phan-mem-sapo-pos-co-tot-khong,/sapo-pos-la-gi-phan-mem-sapo-pos-co-tot-khong/,"HUB-03 CRM, Helpdesk và tích hợp","CRM, Helpdesk và tích hợp",sapo pos mềm sapo pos,TO_BE_SET_AT_AUTHORING,informational-definition,IT / Trưởng dự án tích hợp,MOFU,PILLAR,2000-3000,Sapo POS là gì? Phần mềm Sapo POS có tốt không?,Tổng đài tích hợp CRM|/tong-dai-tich-hop-crm/ ; Tổng đài tích hợp Helpdesk|/tong-dai-tich-hop-helpdesk/,2864 | 2584 | 2621,"CUSTOM_DIAGRAM_REQUIRED — 1600x900, new asset, brand #673ab7",1-3 new assets; see editorial-image-map.csv,No blocked claim permitted; figures require Product evidence,P0,Batch 1,DRAFT_NOT_WRITTEN,Topic re-scoped to Gcalls ICP; article written 100% new
85,2904,"Tại sao nói: “Phản hồi của khách hàng của bạn vẫn còn quan trọng đối với doanh nghiệp?""",phan-hoi-cua-khach-hang-cua-ban-van-con-quan-trong-doi-voi-doanh-nghiep,https://gcalls.co/?p=2904,DRAFT,MERGE_INTO_PRIMARY,17894,,,(primary is draft — slug TBD),,,,,,,,,,,,,,,N/A,P3,Batch 0,N/A,Duplicate of 17894; single primary URL retained
86,2920,36 mẹo telesales để bán hàng thành công năm 2021 (PHẦN 1),36-meo-telesales-de-ban-hang-thanh-cong-nam-2021-phan-1,https://gcalls.co/?p=2920,DRAFT,REBUILD_UPDATE_TOPIC,,36 mẹo telesales để bán hàng thành công năm 2021 (PHẦN 1),36-meo-telesales-de-ban-hang-thanh-cong-nam-2021-phan-1,/36-meo-telesales-de-ban-hang-thanh-cong-nam-2021-phan-1/,HUB-04 Telesales và Sales Operations,Telesales và Sales Operations,mẹo telesales bán hàng thành,TO_BE_SET_AT_AUTHORING,informational-howto,Telesales Leader / Sales Manager,TOFU,PILLAR,2000-3000,36 mẹo telesales để bán hàng thành công năm 2021 (PHẦN 1)?,Gcalls Plus Webphone|/gcalls-plus-webphone/ ; Tổng đài tích hợp CRM|/tong-dai-tich-hop-crm/,1617 | 2684 | 2761,"EDITORIAL_ILLUSTRATION_REQUIRED — 1600x900, new asset, brand #673ab7",1-3 new assets; see editorial-image-map.csv,No blocked claim permitted; figures require Product evidence,P1,Batch 8,DRAFT_NOT_WRITTEN,Topic re-scoped to Gcalls ICP; article written 100% new
87,2930,36 Mẹo telesales để bán hàng thành công năm 2021 (PHẦN CUỐI),,https://gcalls.co/?p=2930,DRAFT,REBUILD_UPDATE_TOPIC,,36 Mẹo telesales để bán hàng thành công năm 2021 (PHẦN CUỐI),36-meo-telesales-de-ban-hang-thanh-cong-nam-2021-phan-cuoi,/36-meo-telesales-de-ban-hang-thanh-cong-nam-2021-phan-cuoi/,HUB-04 Telesales và Sales Operations,Telesales và Sales Operations,mẹo telesales bán hàng thành,TO_BE_SET_AT_AUTHORING,informational-howto,Telesales Leader / Sales Manager,TOFU,PILLAR,2000-3000,36 Mẹo telesales để bán hàng thành công năm 2021 (PHẦN CUỐI)?,Gcalls Plus Webphone|/gcalls-plus-webphone/ ; Tổng đài tích hợp CRM|/tong-dai-tich-hop-crm/,1617 | 2684 | 2761,"EDITORIAL_ILLUSTRATION_REQUIRED — 1600x900, new asset, brand #673ab7",1-3 new assets; see editorial-image-map.csv,No blocked claim permitted; figures require Product evidence,P1,Batch 8,DRAFT_NOT_WRITTEN,Topic re-scoped to Gcalls ICP; article written 100% new
88,2958,Bán hàng qua điện thoại: Làm gì nếu khách hàng nói không có thời gian?,ban-hang-qua-dien-thoai-lam-gi-neu-khach-hang-noi-toi-khong-co-thoi-gian,https://gcalls.co/ban-hang-qua-dien-thoai-lam-gi-neu-khach-hang-noi-toi-khong-co-thoi-gian/,PUBLISH,REBUILD_KEEP_URL,,Bán hàng qua điện thoại: Làm gì nếu khách hàng nói không có thời gian?,ban-hang-qua-dien-thoai-lam-gi-neu-khach-hang-noi-toi-khong-co-thoi-gian,/ban-hang-qua-dien-thoai-lam-gi-neu-khach-hang-noi-toi-khong-co-thoi-gian/,HUB-04 Telesales và Sales Operations,Telesales và Sales Operations,bán hàng qua điện thoại,TO_BE_SET_AT_AUTHORING,informational-general,Telesales Leader / Sales Manager,TOFU,PILLAR,2000-3000,Bán hàng qua điện thoại: Làm gì nếu khách hàng nói không có thời gian?,Gcalls Plus Webphone|/gcalls-plus-webphone/ ; Tổng đài tích hợp CRM|/tong-dai-tich-hop-crm/,1617 | 2684 | 2761,"EDITORIAL_ILLUSTRATION_REQUIRED — 1600x900, new asset, brand #673ab7",1-3 new assets; see editorial-image-map.csv,No blocked claim permitted; figures require Product evidence,P1,Batch 8,DRAFT_NOT_WRITTEN,"Topic on-target; legacy root URL preserved, article written 100% new"
89,9980,Tai nghe EPOS Sennheiser 30 USB CTRL,tai-nghe-epos-sennheiser-30-usb-ctrl,https://gcalls.co/tai-nghe-epos-sennheiser-30-usb-ctrl/,PUBLISH,RETIRE_410,,,,410,,,,,,,,,,,,,,,N/A,P3,Batch 0,N/A,Non-editorial or off-ICP; no replacement article
90,9991,Tai nghe EPOS Sennheiser SC 60 USB CTRL,tai-nghe-epos-sennheiser-sc-60-usb-ctrl,https://gcalls.co/tai-nghe-epos-sennheiser-sc-60-usb-ctrl/,PUBLISH,RETIRE_410,,,,410,,,,,,,,,,,,,,,N/A,P3,Batch 0,N/A,Non-editorial or off-ICP; no replacement article
91,9992,Tai nghe Jabra Biz 1100QD Mono,tai-nghe-jabra-biz-1100qd-mono,https://gcalls.co/tai-nghe-jabra-biz-1100qd-mono/,PUBLISH,RETIRE_410,,,,410,,,,,,,,,,,,,,,N/A,P3,Batch 0,N/A,Non-editorial or off-ICP; no replacement article
92,9993,Tai Nghe Jabra Biz 1100 QD Duo,tai-nghe-jabra-biz-1100-qd-duo,https://gcalls.co/tai-nghe-jabra-biz-1100-qd-duo/,PUBLISH,RETIRE_410,,,,410,,,,,,,,,,,,,,,N/A,P3,Batch 0,N/A,Non-editorial or off-ICP; no replacement article
93,9994,Tai nghe Jabra Biz 1100 USB Mono,tai-nghe-jabra-biz-1100-usb-mono,https://gcalls.co/tai-nghe-jabra-biz-1100-usb-mono/,PUBLISH,RETIRE_410,,,,410,,,,,,,,,,,,,,,N/A,P3,Batch 0,N/A,Non-editorial or off-ICP; no replacement article
94,9995,Tai nghe Jabra Biz 1100 USB Duo,tai-nghe-jabra-biz-1100-usb-duo,https://gcalls.co/tai-nghe-jabra-biz-1100-usb-duo/,PUBLISH,RETIRE_410,,,,410,,,,,,,,,,,,,,,N/A,P3,Batch 0,N/A,Non-editorial or off-ICP; no replacement article
95,9996,Tai nghe Logitech H340,tai-nghe-logitech-h340,https://gcalls.co/tai-nghe-logitech-h340/,PUBLISH,RETIRE_410,,,,410,,,,,,,,,,,,,,,N/A,P3,Batch 0,N/A,Non-editorial or off-ICP; no replacement article
96,10727,9 quy tắc giao tiếp qua điện thoại với khách hàng mà tổng đài viên cần biết,9-quy-tac-giao-tiep-qua-dien-thoai-voi-khach-hang,https://gcalls.co/?p=10727,DRAFT,REBUILD_UPDATE_TOPIC,,9 quy tắc giao tiếp qua điện thoại với khách hàng mà tổng đài viên cần biết,9-quy-tac-giao-tiep-qua-dien-thoai-voi-khach-hang,/9-quy-tac-giao-tiep-qua-dien-thoai-voi-khach-hang/,HUB-01 Tổng đài và Call Center,Tổng đài và Call Center,quy tắc giao tiếp qua,TO_BE_SET_AT_AUTHORING,informational-general,Trưởng phòng vận hành / Call Center Manager,TOFU,PILLAR,2000-3000,9 quy tắc giao tiếp qua điện thoại với khách hàng mà tổng đài viên cần biết?,Cloud Call Center|/lien-he/ ; Gcalls Plus Webphone|/gcalls-plus-webphone/,13378 | 13409 | 13426,"CUSTOM_DIAGRAM_REQUIRED — 1600x900, new asset, brand #673ab7",1-3 new assets; see editorial-image-map.csv,No blocked claim permitted; figures require Product evidence,P1,Batch 2,DRAFT_NOT_WRITTEN,Topic re-scoped to Gcalls ICP; article written 100% new
97,10728,Dịch vụ khách hàng chủ động: Chiến lược và giá trị đối với doanh nghiệp,,https://gcalls.co/?p=10728,DRAFT,REBUILD_UPDATE_TOPIC,,Dịch vụ khách hàng chủ động: Chiến lược và giá trị đối với doanh nghiệp,dich-vu-khach-hang-chu-dong-chien-luoc-va-gia-tri-doi-voi-doanh-nghiep,/dich-vu-khach-hang-chu-dong-chien-luoc-va-gia-tri-doi-voi-doanh-nghiep/,HUB-11 Vận hành doanh nghiệp,Vận hành doanh nghiệp,dịch vụ khách hàng chủ,TO_BE_SET_AT_AUTHORING,transactional,Chủ doanh nghiệp / Quản lý,TOFU,PILLAR,2000-3000,Dịch vụ khách hàng chủ động: Chiến lược và giá trị đối với doanh nghiệp?,Gcalls Plus Webphone|/gcalls-plus-webphone/,2261 | 2665 | 2738,"EDITORIAL_ILLUSTRATION_REQUIRED — 1600x900, new asset, brand #673ab7",1-3 new assets; see editorial-image-map.csv,No blocked claim permitted; figures require Product evidence,P2,Batch 10,DRAFT_NOT_WRITTEN,Topic re-scoped to Gcalls ICP; article written 100% new
98,10729,Làm gì để tạo cuộc khảo sát về mức độ hài lòng của khách hàng hiệu quả?,lam-the-nao-de-tao-ra-mot-cuoc-khao-sat-ve-muc-do-hai-long-cua-khach-hang-sao-cho-hieu-qua-nhat,https://gcalls.co/?p=10729,DRAFT,REBUILD_UPDATE_TOPIC,,Làm gì để tạo cuộc khảo sát về mức độ hài lòng của khách hàng hiệu quả?,lam-the-nao-de-tao-ra-mot-cuoc-khao-sat-ve-muc-do-hai-long-cua-khach-hang-sao-cho-hieu-qua-nhat,/lam-the-nao-de-tao-ra-mot-cuoc-khao-sat-ve-muc-do-hai-long-cua-khach-hang-sao-cho-hieu-qua-nhat/,HUB-05 Customer Service và Customer Experience,Customer Service và Customer Experience,làm tạo cuộc khảo sát,TO_BE_SET_AT_AUTHORING,informational-general,Quản lý CSKH,TOFU,PILLAR,2000-3000,Làm gì để tạo cuộc khảo sát về mức độ hài lòng của khách hàng hiệu quả?,Gcalls CX|/gcalls-cx/ ; Tổng đài tích hợp Helpdesk|/tong-dai-tich-hop-helpdesk/,2400 | 2695 | 2752,"EDITORIAL_ILLUSTRATION_REQUIRED — 1600x900, new asset, brand #673ab7",1-3 new assets; see editorial-image-map.csv,No blocked claim permitted; figures require Product evidence,P1,Batch 7,DRAFT_NOT_WRITTEN,Topic re-scoped to Gcalls ICP; article written 100% new
99,10730,Hướng dẫn các bước xử lý tình huống khách hàng phàn nàn,huong-dan-cac-buoc-xu-ly-tinh-huong-khach-hang-phan-nan,https://gcalls.co/?p=10730,DRAFT,REBUILD_UPDATE_TOPIC,,Hướng dẫn các bước xử lý tình huống khách hàng phàn nàn,huong-dan-cac-buoc-xu-ly-tinh-huong-khach-hang-phan-nan,/huong-dan-cac-buoc-xu-ly-tinh-huong-khach-hang-phan-nan/,HUB-04 Telesales và Sales Operations,Telesales và Sales Operations,hướng dẫn bước xử lý,TO_BE_SET_AT_AUTHORING,informational-howto,Telesales Leader / Sales Manager,TOFU,PILLAR,2000-3000,Hướng dẫn các bước xử lý tình huống khách hàng phàn nàn?,Gcalls Plus Webphone|/gcalls-plus-webphone/ ; Tổng đài tích hợp CRM|/tong-dai-tich-hop-crm/,1617 | 2684 | 2761,"EDITORIAL_ILLUSTRATION_REQUIRED — 1600x900, new asset, brand #673ab7",1-3 new assets; see editorial-image-map.csv,No blocked claim permitted; figures require Product evidence,P1,Batch 8,DRAFT_NOT_WRITTEN,Topic re-scoped to Gcalls ICP; article written 100% new
100,10731,Khách hàng tự phục vụ và các ví dụ về loại hình trang web self-service,,https://gcalls.co/?p=10731,DRAFT,REBUILD_UPDATE_TOPIC,,Khách hàng tự phục vụ và các ví dụ về loại hình trang web self-service,khach-hang-tu-phuc-vu-va-cac-vi-du-ve-loai-hinh-trang-web-self-service,/khach-hang-tu-phuc-vu-va-cac-vi-du-ve-loai-hinh-trang-web-self-service/,HUB-05 Customer Service và Customer Experience,Customer Service và Customer Experience,khách hàng tự phục vụ,TO_BE_SET_AT_AUTHORING,informational-general,Quản lý CSKH,TOFU,PILLAR,2000-3000,Khách hàng tự phục vụ và các ví dụ về loại hình trang web self-service?,Gcalls CX|/gcalls-cx/ ; Tổng đài tích hợp Helpdesk|/tong-dai-tich-hop-helpdesk/,2400 | 2695 | 2752,"EDITORIAL_ILLUSTRATION_REQUIRED — 1600x900, new asset, brand #673ab7",1-3 new assets; see editorial-image-map.csv,No blocked claim permitted; figures require Product evidence,P1,Batch 7,DRAFT_NOT_WRITTEN,Topic re-scoped to Gcalls ICP; article written 100% new
101,10732,Ebook: Bí quyết telesales hiệu quả,ebook-bi-quyet-telesales-hieu-qua,https://gcalls.co/?p=10732,DRAFT,MANUAL_DECISION,,,,PENDING_DECISION,,,,,,,,,,,,,,,N/A,P3,Batch 0,N/A,Non-Vietnamese body; needs human call on retire vs re-scope
102,10733,Cuộc gọi tiếp thị qua điện thoại là gì và cách thực hiện cuộc gọi hiệu quả?,cuoc-goi-tiep-thi-qua-dien-thoai-la-gi,https://gcalls.co/cuoc-goi-tiep-thi-qua-dien-thoai-la-gi/,PUBLISH,REBUILD_KEEP_URL,,Cuộc gọi tiếp thị qua điện thoại là gì và cách thực hiện cuộc gọi hiệu quả?,cuoc-goi-tiep-thi-qua-dien-thoai-la-gi,/cuoc-goi-tiep-thi-qua-dien-thoai-la-gi/,HUB-04 Telesales và Sales Operations,Telesales và Sales Operations,cuộc gọi tiếp thị qua,TO_BE_SET_AT_AUTHORING,informational-definition,Telesales Leader / Sales Manager,TOFU,SUPPORTING,1200-2000,Cuộc gọi tiếp thị qua điện thoại là gì và cách thực hiện cuộc gọi hiệu quả?,Gcalls Plus Webphone|/gcalls-plus-webphone/ ; Tổng đài tích hợp CRM|/tong-dai-tich-hop-crm/,1617 | 2684 | 2761,"EDITORIAL_ILLUSTRATION_REQUIRED — 1600x900, new asset, brand #673ab7",1-3 new assets; see editorial-image-map.csv,No blocked claim permitted; figures require Product evidence,P1,Batch 8,DRAFT_NOT_WRITTEN,"Topic on-target; legacy root URL preserved, article written 100% new"
103,10734,Cách tiếp thị qua điện thoại hiệu quả xử lý 3 lời từ chối cuộc gọi chào hàng,cach-tiep-thi-qua-dien-thoai-hieu-qua-xu-ly-3-loi-tu-choi-cuoc-goi-chao-hang,https://gcalls.co/cach-tiep-thi-qua-dien-thoai-hieu-qua-xu-ly-3-loi-tu-choi-cuoc-goi-chao-hang/,PUBLISH,REBUILD_KEEP_URL,,Cách tiếp thị qua điện thoại hiệu quả xử lý 3 lời từ chối cuộc gọi chào hàng,cach-tiep-thi-qua-dien-thoai-hieu-qua-xu-ly-3-loi-tu-choi-cuoc-goi-chao-hang,/cach-tiep-thi-qua-dien-thoai-hieu-qua-xu-ly-3-loi-tu-choi-cuoc-goi-chao-hang/,HUB-04 Telesales và Sales Operations,Telesales và Sales Operations,tiếp thị qua điện thoại,TO_BE_SET_AT_AUTHORING,informational-howto,Telesales Leader / Sales Manager,TOFU,SUPPORTING,1200-2000,Cách tiếp thị qua điện thoại hiệu quả xử lý 3 lời từ chối cuộc gọi chào hàng?,Gcalls Plus Webphone|/gcalls-plus-webphone/ ; Tổng đài tích hợp CRM|/tong-dai-tich-hop-crm/,1617 | 2684 | 2761,"EDITORIAL_ILLUSTRATION_REQUIRED — 1600x900, new asset, brand #673ab7",1-3 new assets; see editorial-image-map.csv,No blocked claim permitted; figures require Product evidence,P1,Batch 8,DRAFT_NOT_WRITTEN,"Topic on-target; legacy root URL preserved, article written 100% new"
104,10740,Bộ câu hỏi phỏng vấn chuyên viên Telemarketing và Telesales,bo-cau-hoi-phong-van-chuyen-vien-telemarketing-va-telesales,https://gcalls.co/bo-cau-hoi-phong-van-chuyen-vien-telemarketing-va-telesales/,PUBLISH,REBUILD_KEEP_URL,,Bộ câu hỏi phỏng vấn chuyên viên Telemarketing và Telesales,bo-cau-hoi-phong-van-chuyen-vien-telemarketing-va-telesales,/bo-cau-hoi-phong-van-chuyen-vien-telemarketing-va-telesales/,HUB-04 Telesales và Sales Operations,Telesales và Sales Operations,bộ câu hỏi phỏng vấn,TO_BE_SET_AT_AUTHORING,informational-general,Telesales Leader / Sales Manager,TOFU,SUPPORTING,1200-2000,Bộ câu hỏi phỏng vấn chuyên viên Telemarketing và Telesales?,Gcalls Plus Webphone|/gcalls-plus-webphone/ ; Tổng đài tích hợp CRM|/tong-dai-tich-hop-crm/,1617 | 2684 | 2761,"EDITORIAL_ILLUSTRATION_REQUIRED — 1600x900, new asset, brand #673ab7",1-3 new assets; see editorial-image-map.csv,No blocked claim permitted; figures require Product evidence,P1,Batch 8,DRAFT_NOT_WRITTEN,"Topic on-target; legacy root URL preserved, article written 100% new"
105,10741,8 lời khuyên dành cho nhà quản lý Call Center,8-loi-khuyen-danh-cho-nha-quan-ly-call-center,https://gcalls.co/8-loi-khuyen-danh-cho-nha-quan-ly-call-center/,PUBLISH,REBUILD_KEEP_URL,,8 lời khuyên dành cho nhà quản lý Call Center,8-loi-khuyen-danh-cho-nha-quan-ly-call-center,/8-loi-khuyen-danh-cho-nha-quan-ly-call-center/,HUB-01 Tổng đài và Call Center,Tổng đài và Call Center,lời khuyên dành nhà quản,TO_BE_SET_AT_AUTHORING,informational-general,Trưởng phòng vận hành / Call Center Manager,TOFU,SUPPORTING,1200-2000,8 lời khuyên dành cho nhà quản lý Call Center?,Cloud Call Center|/lien-he/ ; Gcalls Plus Webphone|/gcalls-plus-webphone/,10727 | 13378 | 13409,"CUSTOM_DIAGRAM_REQUIRED — 1600x900, new asset, brand #673ab7",1-3 new assets; see editorial-image-map.csv,No blocked claim permitted; figures require Product evidence,P1,Batch 2,DRAFT_NOT_WRITTEN,"Topic on-target; legacy root URL preserved, article written 100% new"
106,10742,Quyết toán thuế TNCN - Doanh nghiệp và người lao động cần biết,quyet-toan-thue-tncn-doanh-nghiep-va-nguoi-lao-dong-can-biet,https://gcalls.co/quyet-toan-thue-tncn-doanh-nghiep-va-nguoi-lao-dong-can-biet/,PUBLISH,REBUILD_UPDATE_TOPIC,,Quyết toán thuế TNCN - Doanh nghiệp và người lao động cần biết,quyet-toan-thue-tncn-doanh-nghiep-va-nguoi-lao-dong-can-biet,/quyet-toan-thue-tncn-doanh-nghiep-va-nguoi-lao-dong-can-biet/,HUB-11 Vận hành doanh nghiệp,Vận hành doanh nghiệp,quyết toán thuế tncn người,TO_BE_SET_AT_AUTHORING,informational-general,Chủ doanh nghiệp / Quản lý,TOFU,SUPPORTING,1200-2000,Quyết toán thuế TNCN - Doanh nghiệp và người lao động cần biết?,Gcalls Plus Webphone|/gcalls-plus-webphone/,2261 | 2665 | 2738,"EDITORIAL_ILLUSTRATION_REQUIRED — 1600x900, new asset, brand #673ab7",1-3 new assets; see editorial-image-map.csv,No blocked claim permitted; figures require Product evidence,P2,Batch 10,DRAFT_NOT_WRITTEN,Topic re-scoped to Gcalls ICP; article written 100% new
107,10743,Hướng dẫn nhân viên tư vấn bán hàng cách xử lý khách hàng nóng tính,huong-dan-nhan-vien-tu-van-ban-hang-cach-xu-ly-khach-hang-nong-tinh,https://gcalls.co/?p=10743,DRAFT,REBUILD_UPDATE_TOPIC,,Hướng dẫn nhân viên tư vấn bán hàng cách xử lý khách hàng nóng tính,huong-dan-nhan-vien-tu-van-ban-hang-cach-xu-ly-khach-hang-nong-tinh,/huong-dan-nhan-vien-tu-van-ban-hang-cach-xu-ly-khach-hang-nong-tinh/,HUB-04 Telesales và Sales Operations,Telesales và Sales Operations,hướng dẫn nhân viên tư,TO_BE_SET_AT_AUTHORING,informational-howto,Telesales Leader / Sales Manager,TOFU,PILLAR,2000-3000,Hướng dẫn nhân viên tư vấn bán hàng cách xử lý khách hàng nóng tính?,Gcalls Plus Webphone|/gcalls-plus-webphone/ ; Tổng đài tích hợp CRM|/tong-dai-tich-hop-crm/,1617 | 2684 | 2761,"EDITORIAL_ILLUSTRATION_REQUIRED — 1600x900, new asset, brand #673ab7",1-3 new assets; see editorial-image-map.csv,No blocked claim permitted; figures require Product evidence,P1,Batch 8,DRAFT_NOT_WRITTEN,Topic re-scoped to Gcalls ICP; article written 100% new
108,10745,Xây dựng chiến lược email follow-up giúp bán hàng hiệu quả (Phần 1),xay-dung-chien-luoc-email-follow-up-giup-ban-hang-hieu-qua-phan-1,https://gcalls.co/xay-dung-chien-luoc-email-follow-up-giup-ban-hang-hieu-qua-phan-1/,PUBLISH,REBUILD_KEEP_URL,,Xây dựng chiến lược email follow-up giúp bán hàng hiệu quả (Phần 1),xay-dung-chien-luoc-email-follow-up-giup-ban-hang-hieu-qua-phan-1,/xay-dung-chien-luoc-email-follow-up-giup-ban-hang-hieu-qua-phan-1/,HUB-04 Telesales và Sales Operations,Telesales và Sales Operations,xây dựng chiến lược email,TO_BE_SET_AT_AUTHORING,informational-general,Telesales Leader / Sales Manager,TOFU,SUPPORTING,1200-2000,Xây dựng chiến lược email follow-up giúp bán hàng hiệu quả (Phần 1)?,Gcalls Plus Webphone|/gcalls-plus-webphone/ ; Tổng đài tích hợp CRM|/tong-dai-tich-hop-crm/,1617 | 2684 | 2761,"EDITORIAL_ILLUSTRATION_REQUIRED — 1600x900, new asset, brand #673ab7",1-3 new assets; see editorial-image-map.csv,No blocked claim permitted; figures require Product evidence,P1,Batch 8,DRAFT_NOT_WRITTEN,"Topic on-target; legacy root URL preserved, article written 100% new"
109,10746,Xây dựng chiến lược email follow-up giúp bán hàng hiệu quả (Phần cuối),xay-dung-chien-luoc-email-follow-up-phan-cuoi,https://gcalls.co/xay-dung-chien-luoc-email-follow-up-phan-cuoi/,PUBLISH,REBUILD_KEEP_URL,,Xây dựng chiến lược email follow-up giúp bán hàng hiệu quả (Phần cuối),xay-dung-chien-luoc-email-follow-up-phan-cuoi,/xay-dung-chien-luoc-email-follow-up-phan-cuoi/,HUB-04 Telesales và Sales Operations,Telesales và Sales Operations,xây dựng chiến lược email,TO_BE_SET_AT_AUTHORING,informational-general,Telesales Leader / Sales Manager,TOFU,SUPPORTING,1200-2000,Xây dựng chiến lược email follow-up giúp bán hàng hiệu quả (Phần cuối)?,Gcalls Plus Webphone|/gcalls-plus-webphone/ ; Tổng đài tích hợp CRM|/tong-dai-tich-hop-crm/,1617 | 2684 | 2761,"EDITORIAL_ILLUSTRATION_REQUIRED — 1600x900, new asset, brand #673ab7",1-3 new assets; see editorial-image-map.csv,No blocked claim permitted; figures require Product evidence,P1,Batch 8,DRAFT_NOT_WRITTEN,"Topic on-target; legacy root URL preserved, article written 100% new"
110,10747,7 bước lập kế hoạch telesales hiệu quả,7-buoc-lap-ke-hoach-telesales-hieu-qua,https://gcalls.co/7-buoc-lap-ke-hoach-telesales-hieu-qua/,PUBLISH,REBUILD_KEEP_URL,,7 bước lập kế hoạch telesales hiệu quả,7-buoc-lap-ke-hoach-telesales-hieu-qua,/7-buoc-lap-ke-hoach-telesales-hieu-qua/,HUB-04 Telesales và Sales Operations,Telesales và Sales Operations,bước lập kế hoạch telesales,TO_BE_SET_AT_AUTHORING,informational-howto,Telesales Leader / Sales Manager,TOFU,PILLAR,2000-3000,7 bước lập kế hoạch telesales hiệu quả?,Gcalls Plus Webphone|/gcalls-plus-webphone/ ; Tổng đài tích hợp CRM|/tong-dai-tich-hop-crm/,1617 | 2684 | 2761,"EDITORIAL_ILLUSTRATION_REQUIRED — 1600x900, new asset, brand #673ab7",1-3 new assets; see editorial-image-map.csv,No blocked claim permitted; figures require Product evidence,P1,Batch 8,DRAFT_NOT_WRITTEN,"Topic on-target; legacy root URL preserved, article written 100% new"
111,10748,5 điều về trải nghiệm khách hàng mà mọi nhân viên bán hàng nên biết,5-dieu-ve-trai-nghiem-khach-hang-moi-nhan-vien-ban-hang-nen-biet,https://gcalls.co/5-dieu-ve-trai-nghiem-khach-hang-moi-nhan-vien-ban-hang-nen-biet/,PUBLISH,REBUILD_KEEP_URL,,5 điều về trải nghiệm khách hàng mà mọi nhân viên bán hàng nên biết,5-dieu-ve-trai-nghiem-khach-hang-moi-nhan-vien-ban-hang-nen-biet,/5-dieu-ve-trai-nghiem-khach-hang-moi-nhan-vien-ban-hang-nen-biet/,HUB-04 Telesales và Sales Operations,Telesales và Sales Operations,điều trải nghiệm khách hàng,TO_BE_SET_AT_AUTHORING,informational-general,Telesales Leader / Sales Manager,TOFU,SUPPORTING,1200-2000,5 điều về trải nghiệm khách hàng mà mọi nhân viên bán hàng nên biết?,Gcalls Plus Webphone|/gcalls-plus-webphone/ ; Tổng đài tích hợp CRM|/tong-dai-tich-hop-crm/,1617 | 2684 | 2761,"EDITORIAL_ILLUSTRATION_REQUIRED — 1600x900, new asset, brand #673ab7",1-3 new assets; see editorial-image-map.csv,No blocked claim permitted; figures require Product evidence,P1,Batch 8,DRAFT_NOT_WRITTEN,"Topic on-target; legacy root URL preserved, article written 100% new"
112,10749,EBOOK: MẪU KỊCH BẢN CHĂM SÓC KHÁCH HÀNG QUA ĐIỆN THOẠI,ebook-mau-kich-ban-cham-soc-khach-hang-qua-dien-thoai,https://gcalls.co/?p=10749,DRAFT,REBUILD_UPDATE_TOPIC,,EBOOK: MẪU KỊCH BẢN CHĂM SÓC KHÁCH HÀNG QUA ĐIỆN THOẠI,ebook-mau-kich-ban-cham-soc-khach-hang-qua-dien-thoai,/ebook-mau-kich-ban-cham-soc-khach-hang-qua-dien-thoai/,HUB-05 Customer Service và Customer Experience,Customer Service và Customer Experience,ebook mẫu kịch bản chăm,TO_BE_SET_AT_AUTHORING,informational-general,Quản lý CSKH,TOFU,SUPPORTING,1200-2000,EBOOK: MẪU KỊCH BẢN CHĂM SÓC KHÁCH HÀNG QUA ĐIỆN THOẠI?,Gcalls CX|/gcalls-cx/ ; Tổng đài tích hợp Helpdesk|/tong-dai-tich-hop-helpdesk/,2400 | 2695 | 2752,"EDITORIAL_ILLUSTRATION_REQUIRED — 1600x900, new asset, brand #673ab7",1-3 new assets; see editorial-image-map.csv,No blocked claim permitted; figures require Product evidence,P1,Batch 7,DRAFT_NOT_WRITTEN,Topic re-scoped to Gcalls ICP; article written 100% new
113,10750,Cách bán hàng hiệu quả bằng giọng nói,cach-ban-hang-hieu-qua-bang-giong-noi,https://gcalls.co/cach-ban-hang-hieu-qua-bang-giong-noi/,PUBLISH,REBUILD_KEEP_URL,,Cách bán hàng hiệu quả bằng giọng nói,cach-ban-hang-hieu-qua-bang-giong-noi,/cach-ban-hang-hieu-qua-bang-giong-noi/,HUB-04 Telesales và Sales Operations,Telesales và Sales Operations,bán hàng hiệu quả giọng,TO_BE_SET_AT_AUTHORING,informational-howto,Telesales Leader / Sales Manager,TOFU,SUPPORTING,1200-2000,Cách bán hàng hiệu quả bằng giọng nói?,Gcalls Plus Webphone|/gcalls-plus-webphone/ ; Tổng đài tích hợp CRM|/tong-dai-tich-hop-crm/,1617 | 2684 | 2761,"EDITORIAL_ILLUSTRATION_REQUIRED — 1600x900, new asset, brand #673ab7",1-3 new assets; see editorial-image-map.csv,No blocked claim permitted; figures require Product evidence,P1,Batch 8,DRAFT_NOT_WRITTEN,"Topic on-target; legacy root URL preserved, article written 100% new"
114,10751,5 bước để thiết kế một kịch bản bán hàng thành công,5-buoc-de-thiet-ke-mot-kich-ban-ban-hang-thanh-cong,https://gcalls.co/5-buoc-de-thiet-ke-mot-kich-ban-ban-hang-thanh-cong/,PUBLISH,REBUILD_KEEP_URL,,5 bước để thiết kế một kịch bản bán hàng thành công,5-buoc-de-thiet-ke-mot-kich-ban-ban-hang-thanh-cong,/5-buoc-de-thiet-ke-mot-kich-ban-ban-hang-thanh-cong/,HUB-04 Telesales và Sales Operations,Telesales và Sales Operations,bước thiết kế kịch bản,TO_BE_SET_AT_AUTHORING,informational-howto,Telesales Leader / Sales Manager,TOFU,SUPPORTING,1200-2000,5 bước để thiết kế một kịch bản bán hàng thành công?,Gcalls Plus Webphone|/gcalls-plus-webphone/ ; Tổng đài tích hợp CRM|/tong-dai-tich-hop-crm/,1617 | 2684 | 2761,"EDITORIAL_ILLUSTRATION_REQUIRED — 1600x900, new asset, brand #673ab7",1-3 new assets; see editorial-image-map.csv,No blocked claim permitted; figures require Product evidence,P1,Batch 8,DRAFT_NOT_WRITTEN,"Topic on-target; legacy root URL preserved, article written 100% new"
115,10752,Đừng báo giá giải pháp trước khi truyền tải được giá trị đến khách hàng,dung-bao-gia-giai-phap-truoc-khi-truyen-tai-duoc-gia-tri-den-khach-hang,https://gcalls.co/dung-bao-gia-giai-phap-truoc-khi-truyen-tai-duoc-gia-tri-den-khach-hang/,PUBLISH,REBUILD_KEEP_URL,,Đừng báo giá giải pháp trước khi truyền tải được giá trị đến khách hàng,dung-bao-gia-giai-phap-truoc-khi-truyen-tai-duoc-gia-tri-den-khach-hang,/dung-bao-gia-giai-phap-truoc-khi-truyen-tai-duoc-gia-tri-den-khach-hang/,HUB-04 Telesales và Sales Operations,Telesales và Sales Operations,đừng báo giá giải pháp,TO_BE_SET_AT_AUTHORING,transactional,Telesales Leader / Sales Manager,TOFU,SUPPORTING,1200-2000,Đừng báo giá giải pháp trước khi truyền tải được giá trị đến khách hàng?,Gcalls Plus Webphone|/gcalls-plus-webphone/ ; Tổng đài tích hợp CRM|/tong-dai-tich-hop-crm/,1617 | 2684 | 2761,"EDITORIAL_ILLUSTRATION_REQUIRED — 1600x900, new asset, brand #673ab7",1-3 new assets; see editorial-image-map.csv,No blocked claim permitted; figures require Product evidence,P1,Batch 8,DRAFT_NOT_WRITTEN,"Topic on-target; legacy root URL preserved, article written 100% new"
116,10753,Mẫu bảng đánh giá nhân viên bán hàng mới nhất,mau-bang-danh-gia-nhan-vien-ban-hang,https://gcalls.co/mau-bang-danh-gia-nhan-vien-ban-hang/,PUBLISH,REBUILD_KEEP_URL,,Mẫu bảng đánh giá nhân viên bán hàng mới nhất,mau-bang-danh-gia-nhan-vien-ban-hang,/mau-bang-danh-gia-nhan-vien-ban-hang/,HUB-04 Telesales và Sales Operations,Telesales và Sales Operations,mẫu bảng đánh giá nhân,TO_BE_SET_AT_AUTHORING,commercial-investigation,Telesales Leader / Sales Manager,TOFU,PILLAR,2000-3000,Mẫu bảng đánh giá nhân viên bán hàng mới nhất?,Gcalls Plus Webphone|/gcalls-plus-webphone/ ; Tổng đài tích hợp CRM|/tong-dai-tich-hop-crm/,1617 | 2684 | 2761,"EDITORIAL_ILLUSTRATION_REQUIRED — 1600x900, new asset, brand #673ab7",1-3 new assets; see editorial-image-map.csv,No blocked claim permitted; figures require Product evidence,P1,Batch 8,DRAFT_NOT_WRITTEN,"Topic on-target; legacy root URL preserved, article written 100% new"
117,10754,Cuộc họp đánh giá bán hàng hàng năm: 8 bước để thực hiện hiệu quả,8-buoc-quan-trong-de-thuc-hien-cuoc-hop-danh-gia-ban-hang-hang-nam,https://gcalls.co/8-buoc-quan-trong-de-thuc-hien-cuoc-hop-danh-gia-ban-hang-hang-nam/,PUBLISH,REBUILD_KEEP_URL,,Cuộc họp đánh giá bán hàng hàng năm: 8 bước để thực hiện hiệu quả,8-buoc-quan-trong-de-thuc-hien-cuoc-hop-danh-gia-ban-hang-hang-nam,/8-buoc-quan-trong-de-thuc-hien-cuoc-hop-danh-gia-ban-hang-hang-nam/,HUB-04 Telesales và Sales Operations,Telesales và Sales Operations,cuộc họp đánh giá bán,TO_BE_SET_AT_AUTHORING,informational-howto,Telesales Leader / Sales Manager,TOFU,PILLAR,2000-3000,Cuộc họp đánh giá bán hàng hàng năm: 8 bước để thực hiện hiệu quả?,Gcalls Plus Webphone|/gcalls-plus-webphone/ ; Tổng đài tích hợp CRM|/tong-dai-tich-hop-crm/,1617 | 2684 | 2761,"EDITORIAL_ILLUSTRATION_REQUIRED — 1600x900, new asset, brand #673ab7",1-3 new assets; see editorial-image-map.csv,No blocked claim permitted; figures require Product evidence,P1,Batch 8,DRAFT_NOT_WRITTEN,"Topic on-target; legacy root URL preserved, article written 100% new"
118,10756,Sales: Telesales và Telemarketing,telesales-va-telemarketing,https://gcalls.co/telesales-va-telemarketing/,PUBLISH,REBUILD_KEEP_URL,,Sales: Telesales và Telemarketing,telesales-va-telemarketing,/telesales-va-telemarketing/,HUB-04 Telesales và Sales Operations,Telesales và Sales Operations,sales telesales telemarketing,TO_BE_SET_AT_AUTHORING,informational-general,Telesales Leader / Sales Manager,TOFU,SUPPORTING,1200-2000,Sales: Telesales và Telemarketing?,Gcalls Plus Webphone|/gcalls-plus-webphone/ ; Tổng đài tích hợp CRM|/tong-dai-tich-hop-crm/,1617 | 2684 | 2761,"EDITORIAL_ILLUSTRATION_REQUIRED — 1600x900, new asset, brand #673ab7",1-3 new assets; see editorial-image-map.csv,No blocked claim permitted; figures require Product evidence,P1,Batch 8,DRAFT_NOT_WRITTEN,"Topic on-target; legacy root URL preserved, article written 100% new"
119,10798,Tuyển dụng Customer Success Engineer (IT Full Time),tuyen-dung-customer-success-engineer-it-full-time,https://gcalls.co/tuyen-dung-customer-success-engineer-it-full-time/,PUBLISH,RETIRE_410,,,,410,,,,,,,,,,,,,,,N/A,P3,Batch 0,N/A,Non-editorial or off-ICP; no replacement article
120,10801,Tuyển dụng Customer Success Engineer (IT Internship),tuyen-dung-customer-success-engineer-internship,https://gcalls.co/tuyen-dung-customer-success-engineer-internship/,PUBLISH,RETIRE_410,,,,410,,,,,,,,,,,,,,,N/A,P3,Batch 0,N/A,Non-editorial or off-ICP; no replacement article
121,10957,Tuyển dụng Chuyên Viên Tư Vấn Doanh Nghiệp FullTime,chuyen-vien-tu-van-doanh-nghiep,https://gcalls.co/chuyen-vien-tu-van-doanh-nghiep/,PUBLISH,RETIRE_410,,,,410,,,,,,,,,,,,,,,N/A,P3,Batch 0,N/A,Non-editorial or off-ICP; no replacement article
122,10962,Tuyển dụng Thực Tập Sinh Tư Vấn Doanh Nghiệp,thuc-tap-sinh-tu-van-doanh-nghiep,https://gcalls.co/thuc-tap-sinh-tu-van-doanh-nghiep/,PUBLISH,RETIRE_410,,,,410,,,,,,,,,,,,,,,N/A,P3,Batch 0,N/A,Non-editorial or off-ICP; no replacement article
123,11915,Chạy Quảng Cáo Trên Shopee Từ A Đến Z,chay-quang-cao-tren-shopee-tu-a-den-z,https://gcalls.co/chay-quang-cao-tren-shopee-tu-a-den-z/,PUBLISH,RETIRE_410,,,,410,,,,,,,,,,,,,,,N/A,P3,Batch 0,N/A,Non-editorial or off-ICP; no replacement article
124,12281,SMS Marketing Là Gì? Vì Sao Bạn Nên Dùng SMS Marketing?,sms-marketing-la-gi-vi-sao-ban-nen-dung-sms-marketing,https://gcalls.co/sms-marketing-la-gi-vi-sao-ban-nen-dung-sms-marketing/,PUBLISH,REBUILD_UPDATE_TOPIC,,SMS Marketing Là Gì? Vì Sao Bạn Nên Dùng SMS Marketing?,sms-marketing-la-gi-vi-sao-ban-nen-dung-sms-marketing,/sms-marketing-la-gi-vi-sao-ban-nen-dung-sms-marketing/,HUB-11 Vận hành doanh nghiệp,Vận hành doanh nghiệp,sms marketing vì dùng sms,TO_BE_SET_AT_AUTHORING,informational-definition,Chủ doanh nghiệp / Quản lý,TOFU,SUPPORTING,1200-2000,SMS Marketing Là Gì? Vì Sao Bạn Nên Dùng SMS Marketing?,Gcalls Plus Webphone|/gcalls-plus-webphone/,2261 | 2665 | 2738,"EDITORIAL_ILLUSTRATION_REQUIRED — 1600x900, new asset, brand #673ab7",1-3 new assets; see editorial-image-map.csv,No blocked claim permitted; figures require Product evidence,P2,Batch 10,DRAFT_NOT_WRITTEN,Topic re-scoped to Gcalls ICP; article written 100% new
125,12293,Phần Mềm SMS Marketing Và Những Điều Cần Biết,phan-mem-sms-marketing-va-nhung-dieu-can-biet,https://gcalls.co/phan-mem-sms-marketing-va-nhung-dieu-can-biet/,PUBLISH,REBUILD_UPDATE_TOPIC,,Phần Mềm SMS Marketing Và Những Điều Cần Biết,phan-mem-sms-marketing-va-nhung-dieu-can-biet,/phan-mem-sms-marketing-va-nhung-dieu-can-biet/,HUB-11 Vận hành doanh nghiệp,Vận hành doanh nghiệp,mềm sms marketing điều cần,TO_BE_SET_AT_AUTHORING,informational-general,Chủ doanh nghiệp / Quản lý,TOFU,SUPPORTING,"('NARROW', '900-1200')",Phần Mềm SMS Marketing Và Những Điều Cần Biết?,Gcalls Plus Webphone|/gcalls-plus-webphone/,2261 | 2665 | 2738,"EDITORIAL_ILLUSTRATION_REQUIRED — 1600x900, new asset, brand #673ab7",1-3 new assets; see editorial-image-map.csv,No blocked claim permitted; figures require Product evidence,P2,Batch 10,DRAFT_NOT_WRITTEN,Topic re-scoped to Gcalls ICP; article written 100% new
126,12309,Dịch Vụ Tin Nhắn SMS Brandname Là Gì?,dich-vu-tin-nhan-sms-brandname-la-gi,https://gcalls.co/dich-vu-tin-nhan-sms-brandname-la-gi/,PUBLISH,REBUILD_UPDATE_TOPIC,,Dịch Vụ Tin Nhắn SMS Brandname Là Gì?,dich-vu-tin-nhan-sms-brandname-la-gi,/dich-vu-tin-nhan-sms-brandname-la-gi/,HUB-11 Vận hành doanh nghiệp,Vận hành doanh nghiệp,dịch vụ tin nhắn sms,TO_BE_SET_AT_AUTHORING,informational-definition,Chủ doanh nghiệp / Quản lý,TOFU,SUPPORTING,1200-2000,Dịch Vụ Tin Nhắn SMS Brandname Là Gì?,Gcalls Plus Webphone|/gcalls-plus-webphone/,2261 | 2665 | 2738,"EDITORIAL_ILLUSTRATION_REQUIRED — 1600x900, new asset, brand #673ab7",1-3 new assets; see editorial-image-map.csv,No blocked claim permitted; figures require Product evidence,P2,Batch 10,DRAFT_NOT_WRITTEN,Topic re-scoped to Gcalls ICP; article written 100% new
127,12326,"Sms Brandname Là Gì, Gồm Mấy Loại Và Có Lợi Ích Gì Cho Doanh Nghiệp?",sms-brandname-la-gi-gom-may-loai-va-co-loi-ich-gi-cho-doanh-nghiep,https://gcalls.co/sms-brandname-la-gi-gom-may-loai-va-co-loi-ich-gi-cho-doanh-nghiep/,PUBLISH,REBUILD_UPDATE_TOPIC,,"Sms Brandname Là Gì, Gồm Mấy Loại Và Có Lợi Ích Gì Cho Doanh Nghiệp?",sms-brandname-la-gi-gom-may-loai-va-co-loi-ich-gi-cho-doanh-nghiep,/sms-brandname-la-gi-gom-may-loai-va-co-loi-ich-gi-cho-doanh-nghiep/,HUB-11 Vận hành doanh nghiệp,Vận hành doanh nghiệp,sms brandname gồm mấy loại,TO_BE_SET_AT_AUTHORING,informational-definition,Chủ doanh nghiệp / Quản lý,TOFU,SUPPORTING,"('NARROW', '900-1200')","Sms Brandname Là Gì, Gồm Mấy Loại Và Có Lợi Ích Gì Cho Doanh Nghiệp?",Gcalls Plus Webphone|/gcalls-plus-webphone/,2261 | 2665 | 2738,"EDITORIAL_ILLUSTRATION_REQUIRED — 1600x900, new asset, brand #673ab7",1-3 new assets; see editorial-image-map.csv,No blocked claim permitted; figures require Product evidence,P2,Batch 10,DRAFT_NOT_WRITTEN,Topic re-scoped to Gcalls ICP; article written 100% new
128,12590,Phần Mềm SMS Brandname Nào Tốt Nhất?,phan-mem-sms-brandname-nao-tot-nhat,https://gcalls.co/phan-mem-sms-brandname-nao-tot-nhat/,PUBLISH,REBUILD_UPDATE_TOPIC,,Phần Mềm SMS Brandname Nào Tốt Nhất?,phan-mem-sms-brandname-nao-tot-nhat,/phan-mem-sms-brandname-nao-tot-nhat/,HUB-11 Vận hành doanh nghiệp,Vận hành doanh nghiệp,mềm sms brandname tốt,TO_BE_SET_AT_AUTHORING,commercial-investigation,Chủ doanh nghiệp / Quản lý,TOFU,SUPPORTING,1200-2000,Phần Mềm SMS Brandname Nào Tốt Nhất?,Gcalls Plus Webphone|/gcalls-plus-webphone/,2261 | 2665 | 2738,"EDITORIAL_ILLUSTRATION_REQUIRED — 1600x900, new asset, brand #673ab7",1-3 new assets; see editorial-image-map.csv,No blocked claim permitted; figures require Product evidence,P2,Batch 10,DRAFT_NOT_WRITTEN,Topic re-scoped to Gcalls ICP; article written 100% new
129,12599,SMS Marketing Giá Rẻ - Báo Giá Nhanh - Hiệu Quả Hàng Đầu,sms-marketing-gia-re-bao-gia-nhanh-hieu-qua-hang-dau,https://gcalls.co/sms-marketing-gia-re-bao-gia-nhanh-hieu-qua-hang-dau/,PUBLISH,REBUILD_UPDATE_TOPIC,,SMS Marketing Giá Rẻ - Báo Giá Nhanh - Hiệu Quả Hàng Đầu,sms-marketing-gia-re-bao-gia-nhanh-hieu-qua-hang-dau,/sms-marketing-gia-re-bao-gia-nhanh-hieu-qua-hang-dau/,HUB-11 Vận hành doanh nghiệp,Vận hành doanh nghiệp,sms marketing giá rẻ báo,TO_BE_SET_AT_AUTHORING,transactional,Chủ doanh nghiệp / Quản lý,TOFU,SUPPORTING,"('NARROW', '900-1200')",SMS Marketing Giá Rẻ - Báo Giá Nhanh - Hiệu Quả Hàng Đầu?,Gcalls Plus Webphone|/gcalls-plus-webphone/,2261 | 2665 | 2738,"EDITORIAL_ILLUSTRATION_REQUIRED — 1600x900, new asset, brand #673ab7",1-3 new assets; see editorial-image-map.csv,No blocked claim permitted; figures require Product evidence,P2,Batch 10,DRAFT_NOT_WRITTEN,Topic re-scoped to Gcalls ICP; article written 100% new
130,12625,"SMS Brandname Giá Rẻ, Uy Tín Tại Gcalls",sms-brandname-gia-re-uy-tin-tai-gcalls,https://gcalls.co/sms-brandname-gia-re-uy-tin-tai-gcalls/,PUBLISH,REBUILD_UPDATE_TOPIC,,"SMS Brandname Giá Rẻ, Uy Tín Tại Gcalls",sms-brandname-gia-re-uy-tin-tai-gcalls,/sms-brandname-gia-re-uy-tin-tai-gcalls/,HUB-11 Vận hành doanh nghiệp,Vận hành doanh nghiệp,sms brandname giá rẻ uy,TO_BE_SET_AT_AUTHORING,transactional,Chủ doanh nghiệp / Quản lý,TOFU,SUPPORTING,"('NARROW', '900-1200')","SMS Brandname Giá Rẻ, Uy Tín Tại Gcalls?",Gcalls Plus Webphone|/gcalls-plus-webphone/,2261 | 2665 | 2738,"EDITORIAL_ILLUSTRATION_REQUIRED — 1600x900, new asset, brand #673ab7",1-3 new assets; see editorial-image-map.csv,No blocked claim permitted; figures require Product evidence,P2,Batch 10,DRAFT_NOT_WRITTEN,Topic re-scoped to Gcalls ICP; article written 100% new
131,12686,Học Ngay 5 Kinh Nghiệm Bán Hàng Trên Shopee Cực Hiệu Quả 2022,hoc-ngay-5-kinh-nghiem-ban-hang-tren-shopee,https://gcalls.co/hoc-ngay-5-kinh-nghiem-ban-hang-tren-shopee/,PUBLISH,REBUILD_KEEP_URL,,Học Ngay 5 Kinh Nghiệm Bán Hàng Trên Shopee Cực Hiệu Quả 2022,hoc-ngay-5-kinh-nghiem-ban-hang-tren-shopee,/hoc-ngay-5-kinh-nghiem-ban-hang-tren-shopee/,HUB-04 Telesales và Sales Operations,Telesales và Sales Operations,học ngay kinh nghiệm bán,TO_BE_SET_AT_AUTHORING,informational-general,Telesales Leader / Sales Manager,TOFU,SUPPORTING,1200-2000,Học Ngay 5 Kinh Nghiệm Bán Hàng Trên Shopee Cực Hiệu Quả 2022?,Gcalls Plus Webphone|/gcalls-plus-webphone/ ; Tổng đài tích hợp CRM|/tong-dai-tich-hop-crm/,1617 | 2684 | 2761,"EDITORIAL_ILLUSTRATION_REQUIRED — 1600x900, new asset, brand #673ab7",1-3 new assets; see editorial-image-map.csv,No blocked claim permitted; figures require Product evidence,P3,Batch 8,DRAFT_NOT_WRITTEN,"Topic on-target; legacy root URL preserved, article written 100% new"
132,12751,"Kinh Nghiệm Kinh Doanh Shopee, Bán Hàng Online Hiệu Quả",kinh-nghiem-kinh-doanh-shopee-ban-hang-online,https://gcalls.co/kinh-nghiem-kinh-doanh-shopee-ban-hang-online/,PUBLISH,REBUILD_KEEP_URL,,"Kinh Nghiệm Kinh Doanh Shopee, Bán Hàng Online Hiệu Quả",kinh-nghiem-kinh-doanh-shopee-ban-hang-online,/kinh-nghiem-kinh-doanh-shopee-ban-hang-online/,HUB-04 Telesales và Sales Operations,Telesales và Sales Operations,kinh nghiệm kinh shopee bán,TO_BE_SET_AT_AUTHORING,informational-general,Telesales Leader / Sales Manager,TOFU,SUPPORTING,1200-2000,"Kinh Nghiệm Kinh Doanh Shopee, Bán Hàng Online Hiệu Quả?",Gcalls Plus Webphone|/gcalls-plus-webphone/ ; Tổng đài tích hợp CRM|/tong-dai-tich-hop-crm/,1617 | 2684 | 2761,"EDITORIAL_ILLUSTRATION_REQUIRED — 1600x900, new asset, brand #673ab7",1-3 new assets; see editorial-image-map.csv,No blocked claim permitted; figures require Product evidence,P3,Batch 8,DRAFT_NOT_WRITTEN,"Topic on-target; legacy root URL preserved, article written 100% new"
133,12770,Shopee Template Và Cách Thiết Kế Chi Tiết Trên Canva,shopee-template-va-cach-thiet-ke-chi-tiet-tren-canva,https://gcalls.co/shopee-template-va-cach-thiet-ke-chi-tiet-tren-canva/,PUBLISH,REBUILD_KEEP_URL,,Shopee Template Và Cách Thiết Kế Chi Tiết Trên Canva,shopee-template-va-cach-thiet-ke-chi-tiet-tren-canva,/shopee-template-va-cach-thiet-ke-chi-tiet-tren-canva/,"HUB-08 Voicebot, AI và tự động hóa","Voicebot, AI và tự động hóa",shopee template thiết kế chi,TO_BE_SET_AT_AUTHORING,informational-howto,Giám đốc vận hành / Chuyển đổi số,TOFU,SUPPORTING,1200-2000,Shopee Template Và Cách Thiết Kế Chi Tiết Trên Canva?,Giải pháp tích hợp Voicebot AI|/voicebot-ai/ ; QA/QC Center|/qc-bot-ai/,14292 | 16271,"CUSTOM_DIAGRAM_REQUIRED — 1600x900, new asset, brand #673ab7",1-3 new assets; see editorial-image-map.csv,No blocked claim permitted; figures require Product evidence,P3,Batch 5,DRAFT_NOT_WRITTEN,"Topic on-target; legacy root URL preserved, article written 100% new"
134,12797,Khóa Học Bán Hàng Trên Shopee Nào Hiệu Quả Nhất,khoa-hoc-ban-hang-tren-shopee-nao-hieu-qua-nhat,https://gcalls.co/khoa-hoc-ban-hang-tren-shopee-nao-hieu-qua-nhat/,PUBLISH,REBUILD_KEEP_URL,,Khóa Học Bán Hàng Trên Shopee Nào Hiệu Quả Nhất,khoa-hoc-ban-hang-tren-shopee-nao-hieu-qua-nhat,/khoa-hoc-ban-hang-tren-shopee-nao-hieu-qua-nhat/,HUB-04 Telesales và Sales Operations,Telesales và Sales Operations,khóa học bán hàng trên,TO_BE_SET_AT_AUTHORING,informational-general,Telesales Leader / Sales Manager,TOFU,SUPPORTING,1200-2000,Khóa Học Bán Hàng Trên Shopee Nào Hiệu Quả Nhất?,Gcalls Plus Webphone|/gcalls-plus-webphone/ ; Tổng đài tích hợp CRM|/tong-dai-tich-hop-crm/,1617 | 2684 | 2761,"EDITORIAL_ILLUSTRATION_REQUIRED — 1600x900, new asset, brand #673ab7",1-3 new assets; see editorial-image-map.csv,No blocked claim permitted; figures require Product evidence,P3,Batch 8,DRAFT_NOT_WRITTEN,"Topic on-target; legacy root URL preserved, article written 100% new"
135,12953,Tối Ưu Quảng Cáo Shopee Hiệu Quả Nhất,toi-uu-quang-cao-shopee-hieu-qua-nhat,https://gcalls.co/?p=12953,DRAFT,RETIRE_410,,,,410,,,,,,,,,,,,,,,N/A,P3,Batch 0,N/A,Non-editorial or off-ICP; no replacement article
136,12991,Kinh Nghiệm Bán Hàng Trên Lazada Cho Người Mới Bắt Đầu,,https://gcalls.co/?p=12991,DRAFT,REBUILD_UPDATE_TOPIC,,Kinh Nghiệm Bán Hàng Trên Lazada Cho Người Mới Bắt Đầu,kinh-nghiem-ban-hang-tren-lazada-cho-nguoi-moi-bat-dau,/kinh-nghiem-ban-hang-tren-lazada-cho-nguoi-moi-bat-dau/,HUB-04 Telesales và Sales Operations,Telesales và Sales Operations,kinh nghiệm bán hàng trên,TO_BE_SET_AT_AUTHORING,informational-general,Telesales Leader / Sales Manager,TOFU,SUPPORTING,1200-2000,Kinh Nghiệm Bán Hàng Trên Lazada Cho Người Mới Bắt Đầu?,Gcalls Plus Webphone|/gcalls-plus-webphone/ ; Tổng đài tích hợp CRM|/tong-dai-tich-hop-crm/,1617 | 2684 | 2761,"EDITORIAL_ILLUSTRATION_REQUIRED — 1600x900, new asset, brand #673ab7",1-3 new assets; see editorial-image-map.csv,No blocked claim permitted; figures require Product evidence,P3,Batch 8,DRAFT_NOT_WRITTEN,Topic re-scoped to Gcalls ICP; article written 100% new
137,13012,Kinh Nghiệm Kinh Doanh Lazada Dành Cho Người Mới Bắt Đầu,kinh-nghiem-kinh-doanh-lazada-danh-cho-nguoi-moi-bat-dau,https://gcalls.co/kinh-nghiem-kinh-doanh-lazada-danh-cho-nguoi-moi-bat-dau/,PRIVATE,REBUILD_UPDATE_TOPIC,,Kinh Nghiệm Kinh Doanh Lazada Dành Cho Người Mới Bắt Đầu,kinh-nghiem-kinh-doanh-lazada-danh-cho-nguoi-moi-bat-dau,/kinh-nghiem-kinh-doanh-lazada-danh-cho-nguoi-moi-bat-dau/,HUB-04 Telesales và Sales Operations,Telesales và Sales Operations,kinh nghiệm kinh lazada dành,TO_BE_SET_AT_AUTHORING,informational-general,Telesales Leader / Sales Manager,TOFU,SUPPORTING,1200-2000,Kinh Nghiệm Kinh Doanh Lazada Dành Cho Người Mới Bắt Đầu?,Gcalls Plus Webphone|/gcalls-plus-webphone/ ; Tổng đài tích hợp CRM|/tong-dai-tich-hop-crm/,1617 | 2684 | 2761,"EDITORIAL_ILLUSTRATION_REQUIRED — 1600x900, new asset, brand #673ab7",1-3 new assets; see editorial-image-map.csv,No blocked claim permitted; figures require Product evidence,P3,Batch 8,DRAFT_NOT_WRITTEN,Topic re-scoped to Gcalls ICP; article written 100% new
138,13020,Khóa Học Kinh Doanh Shopee Hiệu Quả Trong Top 3,khoa-hoc-kinh-doanh-shopee-hieu-qua-trong-top-3,https://gcalls.co/khoa-hoc-kinh-doanh-shopee-hieu-qua-trong-top-3/,PUBLISH,REBUILD_KEEP_URL,,Khóa Học Kinh Doanh Shopee Hiệu Quả Trong Top 3,khoa-hoc-kinh-doanh-shopee-hieu-qua-trong-top-3,/khoa-hoc-kinh-doanh-shopee-hieu-qua-trong-top-3/,HUB-04 Telesales và Sales Operations,Telesales và Sales Operations,khóa học kinh shopee hiệu,TO_BE_SET_AT_AUTHORING,commercial-investigation,Telesales Leader / Sales Manager,TOFU,SUPPORTING,1200-2000,Khóa Học Kinh Doanh Shopee Hiệu Quả Trong Top 3?,Gcalls Plus Webphone|/gcalls-plus-webphone/ ; Tổng đài tích hợp CRM|/tong-dai-tich-hop-crm/,1617 | 2684 | 2761,"EDITORIAL_ILLUSTRATION_REQUIRED — 1600x900, new asset, brand #673ab7",1-3 new assets; see editorial-image-map.csv,No blocked claim permitted; figures require Product evidence,P3,Batch 8,DRAFT_NOT_WRITTEN,"Topic on-target; legacy root URL preserved, article written 100% new"
139,13047,Cách Tối Ưu Sản Phẩm Trên Shopee Hiệu Quả Nhất,cach-toi-uu-san-pham-tren-shopee-hieu-qua-nhat,https://gcalls.co/cach-toi-uu-san-pham-tren-shopee-hieu-qua-nhat/,PUBLISH,REBUILD_KEEP_URL,,Cách Tối Ưu Sản Phẩm Trên Shopee Hiệu Quả Nhất,cach-toi-uu-san-pham-tren-shopee-hieu-qua-nhat,/cach-toi-uu-san-pham-tren-shopee-hieu-qua-nhat/,HUB-04 Telesales và Sales Operations,Telesales và Sales Operations,tối ưu sản phẩm trên,TO_BE_SET_AT_AUTHORING,informational-howto,Telesales Leader / Sales Manager,TOFU,SUPPORTING,"('NARROW', '900-1200')",Cách Tối Ưu Sản Phẩm Trên Shopee Hiệu Quả Nhất?,Gcalls Plus Webphone|/gcalls-plus-webphone/ ; Tổng đài tích hợp CRM|/tong-dai-tich-hop-crm/,1617 | 2684 | 2761,"EDITORIAL_ILLUSTRATION_REQUIRED — 1600x900, new asset, brand #673ab7",1-3 new assets; see editorial-image-map.csv,No blocked claim permitted; figures require Product evidence,P3,Batch 8,DRAFT_NOT_WRITTEN,"Topic on-target; legacy root URL preserved, article written 100% new"
140,13067,Cách Thiết Kế Gian Hàng Trên Lazada 2022,cach-thiet-ke-gian-hang-tren-lazada,https://gcalls.co/cach-thiet-ke-gian-hang-tren-lazada/,PUBLISH,RETIRE_410,,,,410,,,,,,,,,,,,,,,N/A,P3,Batch 0,N/A,Non-editorial or off-ICP; no replacement article
141,13094,Tối Ưu Quảng Cáo Lazada Hiệu Quả Và Chuyên Nghiệp,,https://gcalls.co/?p=13094,DRAFT,REBUILD_UPDATE_TOPIC,,Tối Ưu Quảng Cáo Lazada Hiệu Quả Và Chuyên Nghiệp,toi-uu-quang-cao-lazada-hieu-qua-va-chuyen-nghiep,/toi-uu-quang-cao-lazada-hieu-qua-va-chuyen-nghiep/,HUB-04 Telesales và Sales Operations,Telesales và Sales Operations,tối ưu quảng cáo lazada,TO_BE_SET_AT_AUTHORING,informational-general,Telesales Leader / Sales Manager,TOFU,SUPPORTING,"('NARROW', '900-1200')",Tối Ưu Quảng Cáo Lazada Hiệu Quả Và Chuyên Nghiệp?,Gcalls Plus Webphone|/gcalls-plus-webphone/ ; Tổng đài tích hợp CRM|/tong-dai-tich-hop-crm/,1617 | 2684 | 2761,"EDITORIAL_ILLUSTRATION_REQUIRED — 1600x900, new asset, brand #673ab7",1-3 new assets; see editorial-image-map.csv,No blocked claim permitted; figures require Product evidence,P3,Batch 8,DRAFT_NOT_WRITTEN,Topic re-scoped to Gcalls ICP; article written 100% new
142,13167,Cách Tối Ưu Sản Phẩm Trên Lazada,,https://gcalls.co/?p=13167,DRAFT,REBUILD_UPDATE_TOPIC,,Cách Tối Ưu Sản Phẩm Trên Lazada,cach-toi-uu-san-pham-tren-lazada,/cach-toi-uu-san-pham-tren-lazada/,HUB-04 Telesales và Sales Operations,Telesales và Sales Operations,tối ưu sản phẩm trên,TO_BE_SET_AT_AUTHORING,informational-howto,Telesales Leader / Sales Manager,TOFU,SUPPORTING,1200-2000,Cách Tối Ưu Sản Phẩm Trên Lazada?,Gcalls Plus Webphone|/gcalls-plus-webphone/ ; Tổng đài tích hợp CRM|/tong-dai-tich-hop-crm/,1617 | 2684 | 2761,"EDITORIAL_ILLUSTRATION_REQUIRED — 1600x900, new asset, brand #673ab7",1-3 new assets; see editorial-image-map.csv,No blocked claim permitted; figures require Product evidence,P3,Batch 8,DRAFT_NOT_WRITTEN,Topic re-scoped to Gcalls ICP; article written 100% new
143,13208,Dịch Vụ Call Center Là Gì? Công Ty Cung Cấp Uy Tín Nhất,dich-vu-call-center-la-gi-cong-ty-cung-cap-uy-tin-nhat,https://gcalls.co/dich-vu-call-center-la-gi-cong-ty-cung-cap-uy-tin-nhat/,PUBLISH,REBUILD_KEEP_URL,,Dịch Vụ Call Center Là Gì? Công Ty Cung Cấp Uy Tín Nhất,dich-vu-call-center-la-gi-cong-ty-cung-cap-uy-tin-nhat,/dich-vu-call-center-la-gi-cong-ty-cung-cap-uy-tin-nhat/,HUB-01 Tổng đài và Call Center,Tổng đài và Call Center,dịch vụ call center công,TO_BE_SET_AT_AUTHORING,informational-definition,Trưởng phòng vận hành / Call Center Manager,TOFU,SUPPORTING,1200-2000,Dịch Vụ Call Center Là Gì? Công Ty Cung Cấp Uy Tín Nhất?,Cloud Call Center|/lien-he/ ; Gcalls Plus Webphone|/gcalls-plus-webphone/,10727 | 13378 | 13409,"CUSTOM_DIAGRAM_REQUIRED — 1600x900, new asset, brand #673ab7",1-3 new assets; see editorial-image-map.csv,No blocked claim permitted; figures require Product evidence,P1,Batch 2,DRAFT_NOT_WRITTEN,"Topic on-target; legacy root URL preserved, article written 100% new"
144,13242,Tổng Đài Ảo Miễn Phí Là Gì? Top 5+ Tổng Đài Ảo Miễn Phí CRM,tong-dai-ao-mien-phi-la-gi-top-5-tong-dai-ao-mien-phi-crm,https://gcalls.co/tong-dai-ao-mien-phi-la-gi-top-5-tong-dai-ao-mien-phi-crm/,PUBLISH,REBUILD_KEEP_URL,,Tổng Đài Ảo Miễn Phí Là Gì? Top 5+ Tổng Đài Ảo Miễn Phí CRM,tong-dai-ao-mien-phi-la-gi-top-5-tong-dai-ao-mien-phi-crm,/tong-dai-ao-mien-phi-la-gi-top-5-tong-dai-ao-mien-phi-crm/,HUB-01 Tổng đài và Call Center,Tổng đài và Call Center,tổng đài ảo miễn phí,TO_BE_SET_AT_AUTHORING,informational-definition,Trưởng phòng vận hành / Call Center Manager,TOFU,SUPPORTING,1200-2000,Tổng Đài Ảo Miễn Phí Là Gì? Top 5+ Tổng Đài Ảo Miễn Phí CRM?,Cloud Call Center|/lien-he/ ; Gcalls Plus Webphone|/gcalls-plus-webphone/,10727 | 13378 | 13409,"CUSTOM_DIAGRAM_REQUIRED — 1600x900, new asset, brand #673ab7",1-3 new assets; see editorial-image-map.csv,No blocked claim permitted; figures require Product evidence,P1,Batch 2,DRAFT_NOT_WRITTEN,"Topic on-target; legacy root URL preserved, article written 100% new"
145,13286,Tổng Đài Ảo Là Gì? Lợi Ích Hàng Đầu Dành Cho Doanh Nghiệp,tong-dai-ao-la-gi-loi-ich-hang-dau-danh-cho-doanh-nghiep,https://gcalls.co/tong-dai-ao-la-gi-loi-ich-hang-dau-danh-cho-doanh-nghiep/,PUBLISH,REBUILD_KEEP_URL,,Tổng Đài Ảo Là Gì? Lợi Ích Hàng Đầu Dành Cho Doanh Nghiệp,tong-dai-ao-la-gi-loi-ich-hang-dau-danh-cho-doanh-nghiep,/tong-dai-ao-la-gi-loi-ich-hang-dau-danh-cho-doanh-nghiep/,HUB-01 Tổng đài và Call Center,Tổng đài và Call Center,tổng đài ảo lợi ích,TO_BE_SET_AT_AUTHORING,informational-definition,Trưởng phòng vận hành / Call Center Manager,TOFU,SUPPORTING,1200-2000,Tổng Đài Ảo Là Gì? Lợi Ích Hàng Đầu Dành Cho Doanh Nghiệp?,Cloud Call Center|/lien-he/ ; Gcalls Plus Webphone|/gcalls-plus-webphone/,10727 | 13378 | 13409,"CUSTOM_DIAGRAM_REQUIRED — 1600x900, new asset, brand #673ab7",1-3 new assets; see editorial-image-map.csv,No blocked claim permitted; figures require Product evidence,P1,Batch 2,DRAFT_NOT_WRITTEN,"Topic on-target; legacy root URL preserved, article written 100% new"
146,13378,Giải Pháp Tổng Đài Chăm Sóc Khách Hàng: Bỏ Vốn 1 Một Lời 10,giai-phap-tong-dai-cham-soc-khach-hang-bo-mot-loi-muoi,https://gcalls.co/?p=13378,DRAFT,REBUILD_UPDATE_TOPIC,,Giải Pháp Tổng Đài Chăm Sóc Khách Hàng: Bỏ Vốn 1 Một Lời 10,giai-phap-tong-dai-cham-soc-khach-hang-bo-mot-loi-muoi,/giai-phap-tong-dai-cham-soc-khach-hang-bo-mot-loi-muoi/,HUB-01 Tổng đài và Call Center,Tổng đài và Call Center,giải pháp tổng đài chăm,TO_BE_SET_AT_AUTHORING,informational-general,Trưởng phòng vận hành / Call Center Manager,TOFU,SUPPORTING,1200-2000,Giải Pháp Tổng Đài Chăm Sóc Khách Hàng: Bỏ Vốn 1 Một Lời 10?,Cloud Call Center|/lien-he/ ; Gcalls Plus Webphone|/gcalls-plus-webphone/,10727 | 13409 | 13426,"CUSTOM_DIAGRAM_REQUIRED — 1600x900, new asset, brand #673ab7",1-3 new assets; see editorial-image-map.csv,No blocked claim permitted; figures require Product evidence,P1,Batch 2,DRAFT_NOT_WRITTEN,Topic re-scoped to Gcalls ICP; article written 100% new
147,13388,Tổng Đài Nội Bộ Ảo Khác Tổng Đài Ảo Điểm Nào?,tong-dai-noi-bo-ao-khac-tong-dai-ao-diem-nao,https://gcalls.co/tong-dai-noi-bo-ao-khac-tong-dai-ao-diem-nao/,PUBLISH,REBUILD_KEEP_URL,,Tổng Đài Nội Bộ Ảo Khác Tổng Đài Ảo Điểm Nào?,tong-dai-noi-bo-ao-khac-tong-dai-ao-diem-nao,/tong-dai-noi-bo-ao-khac-tong-dai-ao-diem-nao/,HUB-01 Tổng đài và Call Center,Tổng đài và Call Center,tổng đài nội bộ ảo,TO_BE_SET_AT_AUTHORING,informational-general,Trưởng phòng vận hành / Call Center Manager,TOFU,SUPPORTING,1200-2000,Tổng Đài Nội Bộ Ảo Khác Tổng Đài Ảo Điểm Nào?,Cloud Call Center|/lien-he/ ; Gcalls Plus Webphone|/gcalls-plus-webphone/,10727 | 13378 | 13409,"CUSTOM_DIAGRAM_REQUIRED — 1600x900, new asset, brand #673ab7",1-3 new assets; see editorial-image-map.csv,No blocked claim permitted; figures require Product evidence,P1,Batch 2,DRAFT_NOT_WRITTEN,"Topic on-target; legacy root URL preserved, article written 100% new"
148,13409,Giải Pháp Tổng Đài Hỗ Trợ - Ưu Nhược Điểm,,https://gcalls.co/?p=13409,DRAFT,REBUILD_UPDATE_TOPIC,,Giải Pháp Tổng Đài Hỗ Trợ - Ưu Nhược Điểm,giai-phap-tong-dai-ho-tro-uu-nhuoc-diem,/giai-phap-tong-dai-ho-tro-uu-nhuoc-diem/,HUB-01 Tổng đài và Call Center,Tổng đài và Call Center,giải pháp tổng đài hỗ,TO_BE_SET_AT_AUTHORING,commercial-investigation,Trưởng phòng vận hành / Call Center Manager,TOFU,SUPPORTING,1200-2000,Giải Pháp Tổng Đài Hỗ Trợ - Ưu Nhược Điểm?,Cloud Call Center|/lien-he/ ; Gcalls Plus Webphone|/gcalls-plus-webphone/,10727 | 13378 | 13426,"CUSTOM_DIAGRAM_REQUIRED — 1600x900, new asset, brand #673ab7",1-3 new assets; see editorial-image-map.csv,No blocked claim permitted; figures require Product evidence,P1,Batch 2,DRAFT_NOT_WRITTEN,Topic re-scoped to Gcalls ICP; article written 100% new
149,13426,Lắp Đặt Tổng Đài Ảo Có Lợi Ích Gì?,,https://gcalls.co/?p=13426,DRAFT,REBUILD_UPDATE_TOPIC,,Lắp Đặt Tổng Đài Ảo Có Lợi Ích Gì?,lap-dat-tong-dai-ao-co-loi-ich-gi,/lap-dat-tong-dai-ao-co-loi-ich-gi/,HUB-01 Tổng đài và Call Center,Tổng đài và Call Center,lắp đặt tổng đài ảo,TO_BE_SET_AT_AUTHORING,informational-general,Trưởng phòng vận hành / Call Center Manager,TOFU,SUPPORTING,1200-2000,Lắp Đặt Tổng Đài Ảo Có Lợi Ích Gì?,Cloud Call Center|/lien-he/ ; Gcalls Plus Webphone|/gcalls-plus-webphone/,10727 | 13378 | 13409,"CUSTOM_DIAGRAM_REQUIRED — 1600x900, new asset, brand #673ab7",1-3 new assets; see editorial-image-map.csv,No blocked claim permitted; figures require Product evidence,P1,Batch 2,DRAFT_NOT_WRITTEN,Topic re-scoped to Gcalls ICP; article written 100% new
150,13427,Giải Pháp Tổng Đài Ảo Không Dây Có Gì Tốt?,giai-phap-tong-dai-ao-khong-day-co-gi-tot,https://gcalls.co/giai-phap-tong-dai-ao-khong-day-co-gi-tot/,PUBLISH,REBUILD_KEEP_URL,,Giải Pháp Tổng Đài Ảo Không Dây Có Gì Tốt?,giai-phap-tong-dai-ao-khong-day-co-gi-tot,/giai-phap-tong-dai-ao-khong-day-co-gi-tot/,HUB-01 Tổng đài và Call Center,Tổng đài và Call Center,giải pháp tổng đài ảo,TO_BE_SET_AT_AUTHORING,informational-general,Trưởng phòng vận hành / Call Center Manager,TOFU,SUPPORTING,1200-2000,Giải Pháp Tổng Đài Ảo Không Dây Có Gì Tốt?,Cloud Call Center|/lien-he/ ; Gcalls Plus Webphone|/gcalls-plus-webphone/,10727 | 13378 | 13409,"CUSTOM_DIAGRAM_REQUIRED — 1600x900, new asset, brand #673ab7",1-3 new assets; see editorial-image-map.csv,No blocked claim permitted; figures require Product evidence,P1,Batch 2,DRAFT_NOT_WRITTEN,"Topic on-target; legacy root URL preserved, article written 100% new"
151,13456,Tuyển dụng UI/UX Intern,tuyen-dung-product-designer-ui-ux-intern,https://gcalls.co/tuyen-dung-product-designer-ui-ux-intern/,PUBLISH,RETIRE_410,,,,410,,,,,,,,,,,,,,,N/A,P3,Batch 0,N/A,Non-editorial or off-ICP; no replacement article
152,13469,Tuyển dụng Customer Success Specialist Intern,tuyen-dung-customer-success-specialist-intern,https://gcalls.co/tuyen-dung-customer-success-specialist-intern/,PUBLISH,RETIRE_410,,,,410,,,,,,,,,,,,,,,N/A,P3,Batch 0,N/A,Non-editorial or off-ICP; no replacement article
153,13483,Tổng Đài Công Nghệ Là Gì? Có Nên Đầu Tư Vào Tổng Đài Ảo?,tong-dai-cong-nghe-la-gi-co-nen-dau-tu-vao-tong-dai-ao,https://gcalls.co/tong-dai-cong-nghe-la-gi-co-nen-dau-tu-vao-tong-dai-ao/,PUBLISH,REBUILD_KEEP_URL,,Tổng Đài Công Nghệ Là Gì? Có Nên Đầu Tư Vào Tổng Đài Ảo?,tong-dai-cong-nghe-la-gi-co-nen-dau-tu-vao-tong-dai-ao,/tong-dai-cong-nghe-la-gi-co-nen-dau-tu-vao-tong-dai-ao/,HUB-01 Tổng đài và Call Center,Tổng đài và Call Center,tổng đài công nghệ đầu,TO_BE_SET_AT_AUTHORING,informational-definition,Trưởng phòng vận hành / Call Center Manager,TOFU,SUPPORTING,1200-2000,Tổng Đài Công Nghệ Là Gì? Có Nên Đầu Tư Vào Tổng Đài Ảo?,Cloud Call Center|/lien-he/ ; Gcalls Plus Webphone|/gcalls-plus-webphone/,10727 | 13378 | 13409,"CUSTOM_DIAGRAM_REQUIRED — 1600x900, new asset, brand #673ab7",1-3 new assets; see editorial-image-map.csv,No blocked claim permitted; figures require Product evidence,P1,Batch 2,DRAFT_NOT_WRITTEN,"Topic on-target; legacy root URL preserved, article written 100% new"
154,13535,HR Intern,hr-intern,https://gcalls.co/hr-intern/,PUBLISH,RETIRE_410,,,,410,,,,,,,,,,,,,,,N/A,P3,Batch 0,N/A,Non-editorial or off-ICP; no replacement article
155,13899,Top 4 Kỹ Năng Chăm Sóc Khách Hàng Qua Điện Thoại,,https://gcalls.co/?p=13899,DRAFT,REBUILD_UPDATE_TOPIC,,Top 4 Kỹ Năng Chăm Sóc Khách Hàng Qua Điện Thoại,top-4-ky-nang-cham-soc-khach-hang-qua-dien-thoai,/top-4-ky-nang-cham-soc-khach-hang-qua-dien-thoai/,HUB-05 Customer Service và Customer Experience,Customer Service và Customer Experience,kỹ năng chăm sóc khách,TO_BE_SET_AT_AUTHORING,informational-howto,Quản lý CSKH,TOFU,SUPPORTING,1200-2000,Top 4 Kỹ Năng Chăm Sóc Khách Hàng Qua Điện Thoại?,Gcalls CX|/gcalls-cx/ ; Tổng đài tích hợp Helpdesk|/tong-dai-tich-hop-helpdesk/,2400 | 2695 | 2752,"EDITORIAL_ILLUSTRATION_REQUIRED — 1600x900, new asset, brand #673ab7",1-3 new assets; see editorial-image-map.csv,No blocked claim permitted; figures require Product evidence,P1,Batch 7,DRAFT_NOT_WRITTEN,Topic re-scoped to Gcalls ICP; article written 100% new
156,14292,Marketing Automation Là Gì? Những Thông Tin Cần Biết,marketing-automation-la-gi-nhung-thong-tin-can-biet,https://gcalls.co/marketing-automation-la-gi-nhung-thong-tin-can-biet/,PUBLISH,REBUILD_KEEP_URL,,Marketing Automation Là Gì? Những Thông Tin Cần Biết,marketing-automation-la-gi-nhung-thong-tin-can-biet,/marketing-automation-la-gi-nhung-thong-tin-can-biet/,"HUB-08 Voicebot, AI và tự động hóa","Voicebot, AI và tự động hóa",marketing automation thông tin cần,TO_BE_SET_AT_AUTHORING,informational-definition,Giám đốc vận hành / Chuyển đổi số,TOFU,PILLAR,2000-3000,Marketing Automation Là Gì? Những Thông Tin Cần Biết?,Giải pháp tích hợp Voicebot AI|/voicebot-ai/ ; QA/QC Center|/qc-bot-ai/,12770 | 16271,"CUSTOM_DIAGRAM_REQUIRED — 1600x900, new asset, brand #673ab7",1-3 new assets; see editorial-image-map.csv,No blocked claim permitted; figures require Product evidence,P0,Batch 5,DRAFT_NOT_WRITTEN,"Topic on-target; legacy root URL preserved, article written 100% new"
157,14304,Customer Success Specialist Fulltime,tuyen-dung-customer-success-specialist-fulltime,https://gcalls.co/tuyen-dung-customer-success-specialist-fulltime/,PUBLISH,RETIRE_410,,,,410,,,,,,,,,,,,,,,N/A,P3,Batch 0,N/A,Non-editorial or off-ICP; no replacement article
158,14308,Customer Success Engineer Fulltime,customer-success-engineer-fulltime,https://gcalls.co/customer-success-engineer-fulltime/,PUBLISH,RETIRE_410,,,,410,,,,,,,,,,,,,,,N/A,P3,Batch 0,N/A,Non-editorial or off-ICP; no replacement article
159,14415,Kế Hoạch Chăm Sóc Khách Hàng Cũ Hiệu Quả Nhất,ke-hoach-cham-soc-khach-hang-cu-hieu-qua-nhat,https://gcalls.co/ke-hoach-cham-soc-khach-hang-cu-hieu-qua-nhat/,PUBLISH,REBUILD_KEEP_URL,,Kế Hoạch Chăm Sóc Khách Hàng Cũ Hiệu Quả Nhất,ke-hoach-cham-soc-khach-hang-cu-hieu-qua-nhat,/ke-hoach-cham-soc-khach-hang-cu-hieu-qua-nhat/,HUB-05 Customer Service và Customer Experience,Customer Service và Customer Experience,kế hoạch chăm sóc khách,TO_BE_SET_AT_AUTHORING,informational-general,Quản lý CSKH,TOFU,SUPPORTING,1200-2000,Kế Hoạch Chăm Sóc Khách Hàng Cũ Hiệu Quả Nhất?,Gcalls CX|/gcalls-cx/ ; Tổng đài tích hợp Helpdesk|/tong-dai-tich-hop-helpdesk/,2400 | 2695 | 2752,"EDITORIAL_ILLUSTRATION_REQUIRED — 1600x900, new asset, brand #673ab7",1-3 new assets; see editorial-image-map.csv,No blocked claim permitted; figures require Product evidence,P1,Batch 7,DRAFT_NOT_WRITTEN,"Topic on-target; legacy root URL preserved, article written 100% new"
160,14462,Hotline Là Gì? Có Những Loại Đầu Số Hotline Nào Hiện Nay?,hotline-la-gi-co-nhung-loai-dau-so-hotline-nao-hien-nay,https://gcalls.co/hotline-la-gi-co-nhung-loai-dau-so-hotline-nao-hien-nay/,PUBLISH,REBUILD_KEEP_URL,,Hotline Là Gì? Có Những Loại Đầu Số Hotline Nào Hiện Nay?,hotline-la-gi-co-nhung-loai-dau-so-hotline-nao-hien-nay,/hotline-la-gi-co-nhung-loai-dau-so-hotline-nao-hien-nay/,HUB-01 Tổng đài và Call Center,Tổng đài và Call Center,hotline loại đầu số hotline,TO_BE_SET_AT_AUTHORING,informational-definition,Trưởng phòng vận hành / Call Center Manager,TOFU,SUPPORTING,1200-2000,Hotline Là Gì? Có Những Loại Đầu Số Hotline Nào Hiện Nay?,Cloud Call Center|/lien-he/ ; Gcalls Plus Webphone|/gcalls-plus-webphone/,10727 | 13378 | 13409,"CUSTOM_DIAGRAM_REQUIRED — 1600x900, new asset, brand #673ab7",1-3 new assets; see editorial-image-map.csv,No blocked claim permitted; figures require Product evidence,P1,Batch 2,DRAFT_NOT_WRITTEN,"Topic on-target; legacy root URL preserved, article written 100% new"
161,14502,IVR Là Gì? Và Những Điều Cần Biết Về IVR,ivr-la-gi-va-nhung-dieu-can-biet-ve,https://gcalls.co/ivr-la-gi-va-nhung-dieu-can-biet-ve/,PUBLISH,REBUILD_KEEP_URL,,IVR Là Gì? Và Những Điều Cần Biết Về IVR,ivr-la-gi-va-nhung-dieu-can-biet-ve,/ivr-la-gi-va-nhung-dieu-can-biet-ve/,HUB-01 Tổng đài và Call Center,Tổng đài và Call Center,ivr điều cần biết ivr,TO_BE_SET_AT_AUTHORING,informational-definition,Trưởng phòng vận hành / Call Center Manager,TOFU,SUPPORTING,1200-2000,IVR Là Gì? Và Những Điều Cần Biết Về IVR?,Cloud Call Center|/lien-he/ ; Gcalls Plus Webphone|/gcalls-plus-webphone/,10727 | 13378 | 13409,"CUSTOM_DIAGRAM_REQUIRED — 1600x900, new asset, brand #673ab7",1-3 new assets; see editorial-image-map.csv,No blocked claim permitted; figures require Product evidence,P1,Batch 2,DRAFT_NOT_WRITTEN,"Topic on-target; legacy root URL preserved, article written 100% new"
162,14506,Quy Trình Chăm Sóc Khách Hàng Sau Bán Hàng,quy-trinh-cham-soc-khach-hang-sau-ban-hang,https://gcalls.co/quy-trinh-cham-soc-khach-hang-sau-ban-hang/,PUBLISH,REBUILD_KEEP_URL,,Quy Trình Chăm Sóc Khách Hàng Sau Bán Hàng,quy-trinh-cham-soc-khach-hang-sau-ban-hang,/quy-trinh-cham-soc-khach-hang-sau-ban-hang/,HUB-04 Telesales và Sales Operations,Telesales và Sales Operations,quy trình chăm sóc khách,TO_BE_SET_AT_AUTHORING,informational-howto,Telesales Leader / Sales Manager,TOFU,SUPPORTING,1200-2000,Quy Trình Chăm Sóc Khách Hàng Sau Bán Hàng?,Gcalls Plus Webphone|/gcalls-plus-webphone/ ; Tổng đài tích hợp CRM|/tong-dai-tich-hop-crm/,1617 | 2684 | 2761,"EDITORIAL_ILLUSTRATION_REQUIRED — 1600x900, new asset, brand #673ab7",1-3 new assets; see editorial-image-map.csv,No blocked claim permitted; figures require Product evidence,P1,Batch 8,DRAFT_NOT_WRITTEN,"Topic on-target; legacy root URL preserved, article written 100% new"
163,14522,ACD Là Gì? Ứng Dụng Thực Tế Của ACD Vào Call Center,acd-la-gi-ung-dung-thuc-te-cua-acd-vao-call-center,https://gcalls.co/acd-la-gi-ung-dung-thuc-te-cua-acd-vao-call-center/,PUBLISH,REBUILD_KEEP_URL,,ACD Là Gì? Ứng Dụng Thực Tế Của ACD Vào Call Center,acd-la-gi-ung-dung-thuc-te-cua-acd-vao-call-center,/acd-la-gi-ung-dung-thuc-te-cua-acd-vao-call-center/,HUB-01 Tổng đài và Call Center,Tổng đài và Call Center,acd ứng dụng thực tế,TO_BE_SET_AT_AUTHORING,informational-definition,Trưởng phòng vận hành / Call Center Manager,TOFU,SUPPORTING,1200-2000,ACD Là Gì? Ứng Dụng Thực Tế Của ACD Vào Call Center?,Cloud Call Center|/lien-he/ ; Gcalls Plus Webphone|/gcalls-plus-webphone/,10727 | 13378 | 13409,"CUSTOM_DIAGRAM_REQUIRED — 1600x900, new asset, brand #673ab7",1-3 new assets; see editorial-image-map.csv,No blocked claim permitted; figures require Product evidence,P1,Batch 2,DRAFT_NOT_WRITTEN,"Topic on-target; legacy root URL preserved, article written 100% new"
164,14536,Dịch Vụ Tổng Đài Ảo - 13 Tính Năng Nổi Bật,dich-vu-tong-dai-ao-13-tinh-nang-noi-bat,https://gcalls.co/dich-vu-tong-dai-ao-13-tinh-nang-noi-bat/,PUBLISH,REBUILD_KEEP_URL,,Dịch Vụ Tổng Đài Ảo - 13 Tính Năng Nổi Bật,dich-vu-tong-dai-ao-13-tinh-nang-noi-bat,/dich-vu-tong-dai-ao-13-tinh-nang-noi-bat/,HUB-01 Tổng đài và Call Center,Tổng đài và Call Center,dịch vụ tổng đài ảo,TO_BE_SET_AT_AUTHORING,informational-general,Trưởng phòng vận hành / Call Center Manager,TOFU,SUPPORTING,1200-2000,Dịch Vụ Tổng Đài Ảo - 13 Tính Năng Nổi Bật?,Cloud Call Center|/lien-he/ ; Gcalls Plus Webphone|/gcalls-plus-webphone/,10727 | 13378 | 13409,"CUSTOM_DIAGRAM_REQUIRED — 1600x900, new asset, brand #673ab7",1-3 new assets; see editorial-image-map.csv,No blocked claim permitted; figures require Product evidence,P1,Batch 2,DRAFT_NOT_WRITTEN,"Topic on-target; legacy root URL preserved, article written 100% new"
165,14539,SIP Trunk Là Gì? Lợi Ích Dịch Vụ Này Mang Đến Như Thế Nào?,sip-trunk-la-gi-loi-ich-dich-vu-nay-mang-den-nhu-the-nao,https://gcalls.co/sip-trunk-la-gi-loi-ich-dich-vu-nay-mang-den-nhu-the-nao/,PUBLISH,REBUILD_UPDATE_TOPIC,,SIP Trunk Là Gì? Lợi Ích Dịch Vụ Này Mang Đến Như Thế Nào?,sip-trunk-la-gi-loi-ich-dich-vu-nay-mang-den-nhu-the-nao,/sip-trunk-la-gi-loi-ich-dich-vu-nay-mang-den-nhu-the-nao/,HUB-11 Vận hành doanh nghiệp,Vận hành doanh nghiệp,sip trunk lợi ích dịch,TO_BE_SET_AT_AUTHORING,informational-definition,Chủ doanh nghiệp / Quản lý,TOFU,SUPPORTING,"('NARROW', '900-1200')",SIP Trunk Là Gì? Lợi Ích Dịch Vụ Này Mang Đến Như Thế Nào?,Gcalls Plus Webphone|/gcalls-plus-webphone/,2261 | 2665 | 2738,"EDITORIAL_ILLUSTRATION_REQUIRED — 1600x900, new asset, brand #673ab7",1-3 new assets; see editorial-image-map.csv,No blocked claim permitted; figures require Product evidence,P2,Batch 10,DRAFT_NOT_WRITTEN,Topic re-scoped to Gcalls ICP; article written 100% new
166,14560,Số Tổng Đài 1800 Là Gì? Hướng Dẫn Đăng Ký Đầu Số 1800 Đơn Giản,so-tong-dai-1800-la-gi-huong-dan-dang-ky-dau-so-1800-don-gian,https://gcalls.co/so-tong-dai-1800-la-gi-huong-dan-dang-ky-dau-so-1800-don-gian/,PUBLISH,REBUILD_KEEP_URL,,Số Tổng Đài 1800 Là Gì? Hướng Dẫn Đăng Ký Đầu Số 1800 Đơn Giản,so-tong-dai-1800-la-gi-huong-dan-dang-ky-dau-so-1800-don-gian,/so-tong-dai-1800-la-gi-huong-dan-dang-ky-dau-so-1800-don-gian/,HUB-01 Tổng đài và Call Center,Tổng đài và Call Center,số tổng đài hướng dẫn,TO_BE_SET_AT_AUTHORING,informational-definition,Trưởng phòng vận hành / Call Center Manager,TOFU,SUPPORTING,1200-2000,Số Tổng Đài 1800 Là Gì? Hướng Dẫn Đăng Ký Đầu Số 1800 Đơn Giản?,Cloud Call Center|/lien-he/ ; Gcalls Plus Webphone|/gcalls-plus-webphone/,10727 | 13378 | 13409,"CUSTOM_DIAGRAM_REQUIRED — 1600x900, new asset, brand #673ab7",1-3 new assets; see editorial-image-map.csv,No blocked claim permitted; figures require Product evidence,P1,Batch 2,DRAFT_NOT_WRITTEN,"Topic on-target; legacy root URL preserved, article written 100% new"
167,14568,Giải Đáp Thông Tin Về VoIP Và Ứng Dụng Thực Tế,giai-dap-thong-tin-ve-voip-va-ung-dung-thuc-te,https://gcalls.co/giai-dap-thong-tin-ve-voip-va-ung-dung-thuc-te/,PUBLISH,REBUILD_KEEP_URL,,Giải Đáp Thông Tin Về VoIP Và Ứng Dụng Thực Tế,giai-dap-thong-tin-ve-voip-va-ung-dung-thuc-te,/giai-dap-thong-tin-ve-voip-va-ung-dung-thuc-te/,HUB-01 Tổng đài và Call Center,Tổng đài và Call Center,giải đáp thông tin voip,TO_BE_SET_AT_AUTHORING,informational-general,Trưởng phòng vận hành / Call Center Manager,TOFU,SUPPORTING,1200-2000,Giải Đáp Thông Tin Về VoIP Và Ứng Dụng Thực Tế?,Cloud Call Center|/lien-he/ ; Gcalls Plus Webphone|/gcalls-plus-webphone/,10727 | 13378 | 13409,"CUSTOM_DIAGRAM_REQUIRED — 1600x900, new asset, brand #673ab7",1-3 new assets; see editorial-image-map.csv,No blocked claim permitted; figures require Product evidence,P1,Batch 2,DRAFT_NOT_WRITTEN,"Topic on-target; legacy root URL preserved, article written 100% new"
168,14577,HR Parttime,hr-parttime,https://gcalls.co/hr-parttime/,PUBLISH,RETIRE_410,,,,410,,,,,,,,,,,,,,,N/A,P3,Batch 0,N/A,Non-editorial or off-ICP; no replacement article
169,14607,Mẫu Lời Chào Tổng Đài Điện Thoại Phổ Biến Hiện Nay,mau-loi-chao-tong-dai-dien-thoai-pho-bien-hien-nay,https://gcalls.co/mau-loi-chao-tong-dai-dien-thoai-pho-bien-hien-nay/,PUBLISH,REBUILD_KEEP_URL,,Mẫu Lời Chào Tổng Đài Điện Thoại Phổ Biến Hiện Nay,mau-loi-chao-tong-dai-dien-thoai-pho-bien-hien-nay,/mau-loi-chao-tong-dai-dien-thoai-pho-bien-hien-nay/,HUB-01 Tổng đài và Call Center,Tổng đài và Call Center,mẫu lời chào tổng đài,TO_BE_SET_AT_AUTHORING,informational-general,Trưởng phòng vận hành / Call Center Manager,TOFU,SUPPORTING,1200-2000,Mẫu Lời Chào Tổng Đài Điện Thoại Phổ Biến Hiện Nay?,Cloud Call Center|/lien-he/ ; Gcalls Plus Webphone|/gcalls-plus-webphone/,10727 | 13378 | 13409,"CUSTOM_DIAGRAM_REQUIRED — 1600x900, new asset, brand #673ab7",1-3 new assets; see editorial-image-map.csv,No blocked claim permitted; figures require Product evidence,P1,Batch 2,DRAFT_NOT_WRITTEN,"Topic on-target; legacy root URL preserved, article written 100% new"
170,14614,Service Level Agreement Là Gì? Từ A - Z Thông Tin Về SLA,service-level-agreement-la-gi-tu-a-z-thong-tin-ve-sla,https://gcalls.co/service-level-agreement-la-gi-tu-a-z-thong-tin-ve-sla/,PUBLISH,REBUILD_UPDATE_TOPIC,,Service Level Agreement Là Gì? Từ A - Z Thông Tin Về SLA,service-level-agreement-la-gi-tu-a-z-thong-tin-ve-sla,/service-level-agreement-la-gi-tu-a-z-thong-tin-ve-sla/,HUB-11 Vận hành doanh nghiệp,Vận hành doanh nghiệp,service level agreement a z,TO_BE_SET_AT_AUTHORING,informational-definition,Chủ doanh nghiệp / Quản lý,TOFU,SUPPORTING,"('NARROW', '900-1200')",Service Level Agreement Là Gì? Từ A - Z Thông Tin Về SLA?,Gcalls Plus Webphone|/gcalls-plus-webphone/,2261 | 2665 | 2738,"EDITORIAL_ILLUSTRATION_REQUIRED — 1600x900, new asset, brand #673ab7",1-3 new assets; see editorial-image-map.csv,"DEFINITIONAL TOPIC — the article explains what an SLA is. It must NOT state or imply that Gcalls offers an SLA, an uptime figure or a availability guarantee. No Gcalls-specific SLA/uptime number may appear without Product evidence.",P2,Batch 10,DRAFT_NOT_WRITTEN,"Topic re-scoped to Gcalls ICP; article written 100% new | Claim guard: SLA discussed as an industry concept only, never as a Gcalls commitment."
171,14773,Best Virtual Phone System For Small Medium Business 2023,best-virtual-phone-system-for-small-medium-business-2023,https://gcalls.co/best-virtual-phone-system-for-small-medium-business-2023/,PUBLISH,MANUAL_DECISION,,,,PENDING_DECISION,,,,,,,,,,,,,,,N/A,P3,Batch 0,N/A,Non-Vietnamese body; needs human call on retire vs re-scope
172,14787,Cách Xử Lý Các Tình Huống Chăm Sóc Khách Hàng,cach-xu-ly-cac-tinh-huong-cham-soc-khach-hang,https://gcalls.co/cach-xu-ly-cac-tinh-huong-cham-soc-khach-hang/,PUBLISH,REBUILD_KEEP_URL,,Cách Xử Lý Các Tình Huống Chăm Sóc Khách Hàng,cach-xu-ly-cac-tinh-huong-cham-soc-khach-hang,/cach-xu-ly-cac-tinh-huong-cham-soc-khach-hang/,HUB-04 Telesales và Sales Operations,Telesales và Sales Operations,xử lý tình huống chăm,TO_BE_SET_AT_AUTHORING,informational-howto,Telesales Leader / Sales Manager,TOFU,SUPPORTING,1200-2000,Cách Xử Lý Các Tình Huống Chăm Sóc Khách Hàng?,Gcalls Plus Webphone|/gcalls-plus-webphone/ ; Tổng đài tích hợp CRM|/tong-dai-tich-hop-crm/,1617 | 2684 | 2761,"EDITORIAL_ILLUSTRATION_REQUIRED — 1600x900, new asset, brand #673ab7",1-3 new assets; see editorial-image-map.csv,No blocked claim permitted; figures require Product evidence,P1,Batch 8,DRAFT_NOT_WRITTEN,"Topic on-target; legacy root URL preserved, article written 100% new"
173,14797,Tin Nhắn Chăm Sóc Khách Hàng Cũ Hiệu Quả Nhất,tin-nhan-cham-soc-khach-hang-cu-hieu-qua-nhat,https://gcalls.co/tin-nhan-cham-soc-khach-hang-cu-hieu-qua-nhat/,PUBLISH,REBUILD_KEEP_URL,,Tin Nhắn Chăm Sóc Khách Hàng Cũ Hiệu Quả Nhất,tin-nhan-cham-soc-khach-hang-cu-hieu-qua-nhat,/tin-nhan-cham-soc-khach-hang-cu-hieu-qua-nhat/,HUB-05 Customer Service và Customer Experience,Customer Service và Customer Experience,tin nhắn chăm sóc khách,TO_BE_SET_AT_AUTHORING,informational-general,Quản lý CSKH,TOFU,SUPPORTING,1200-2000,Tin Nhắn Chăm Sóc Khách Hàng Cũ Hiệu Quả Nhất?,Gcalls CX|/gcalls-cx/ ; Tổng đài tích hợp Helpdesk|/tong-dai-tich-hop-helpdesk/,2400 | 2695 | 2752,"EDITORIAL_ILLUSTRATION_REQUIRED — 1600x900, new asset, brand #673ab7",1-3 new assets; see editorial-image-map.csv,No blocked claim permitted; figures require Product evidence,P1,Batch 7,DRAFT_NOT_WRITTEN,"Topic on-target; legacy root URL preserved, article written 100% new"
174,14870,On Premise Là Gì Và Đây Có Phải Là Giải Pháp Tốt Nhất?,on-premise-la-gi-va-day-co-phai-la-giai-phap-tot-nhat,https://gcalls.co/on-premise-la-gi-va-day-co-phai-la-giai-phap-tot-nhat/,PUBLISH,REBUILD_UPDATE_TOPIC,,On Premise Là Gì Và Đây Có Phải Là Giải Pháp Tốt Nhất?,on-premise-la-gi-va-day-co-phai-la-giai-phap-tot-nhat,/on-premise-la-gi-va-day-co-phai-la-giai-phap-tot-nhat/,HUB-11 Vận hành doanh nghiệp,Vận hành doanh nghiệp,on premise đây phải giải,TO_BE_SET_AT_AUTHORING,informational-definition,Chủ doanh nghiệp / Quản lý,TOFU,SUPPORTING,"('NARROW', '900-1200')",On Premise Là Gì Và Đây Có Phải Là Giải Pháp Tốt Nhất?,Gcalls Plus Webphone|/gcalls-plus-webphone/,2261 | 2665 | 2738,"EDITORIAL_ILLUSTRATION_REQUIRED — 1600x900, new asset, brand #673ab7",1-3 new assets; see editorial-image-map.csv,No blocked claim permitted; figures require Product evidence,P2,Batch 10,DRAFT_NOT_WRITTEN,Topic re-scoped to Gcalls ICP; article written 100% new
175,14890,Hệ Thống Tổng Đài Điện Thoại Chuẩn Là Như Thế Nào?,he-thong-tong-dai-dien-thoai-chuan-la-nhu-the-nao,https://gcalls.co/he-thong-tong-dai-dien-thoai-chuan-la-nhu-the-nao/,PUBLISH,REBUILD_KEEP_URL,,Hệ Thống Tổng Đài Điện Thoại Chuẩn Là Như Thế Nào?,he-thong-tong-dai-dien-thoai-chuan-la-nhu-the-nao,/he-thong-tong-dai-dien-thoai-chuan-la-nhu-the-nao/,HUB-01 Tổng đài và Call Center,Tổng đài và Call Center,hệ thống tổng đài điện,TO_BE_SET_AT_AUTHORING,informational-general,Trưởng phòng vận hành / Call Center Manager,TOFU,SUPPORTING,1200-2000,Hệ Thống Tổng Đài Điện Thoại Chuẩn Là Như Thế Nào?,Cloud Call Center|/lien-he/ ; Gcalls Plus Webphone|/gcalls-plus-webphone/,10727 | 13378 | 13409,"CUSTOM_DIAGRAM_REQUIRED — 1600x900, new asset, brand #673ab7",1-3 new assets; see editorial-image-map.csv,No blocked claim permitted; figures require Product evidence,P1,Batch 2,DRAFT_NOT_WRITTEN,"Topic on-target; legacy root URL preserved, article written 100% new"
176,14902,Dịch Vụ Chăm Sóc Khách Hàng Là Gì?,dich-vu-cham-soc-khach-hang-la-gi,https://gcalls.co/dich-vu-cham-soc-khach-hang-la-gi/,PUBLISH,REBUILD_KEEP_URL,,Dịch Vụ Chăm Sóc Khách Hàng Là Gì?,dich-vu-cham-soc-khach-hang-la-gi,/dich-vu-cham-soc-khach-hang-la-gi/,HUB-05 Customer Service và Customer Experience,Customer Service và Customer Experience,dịch vụ chăm sóc khách,TO_BE_SET_AT_AUTHORING,informational-definition,Quản lý CSKH,TOFU,SUPPORTING,1200-2000,Dịch Vụ Chăm Sóc Khách Hàng Là Gì?,Gcalls CX|/gcalls-cx/ ; Tổng đài tích hợp Helpdesk|/tong-dai-tich-hop-helpdesk/,2400 | 2695 | 2752,"EDITORIAL_ILLUSTRATION_REQUIRED — 1600x900, new asset, brand #673ab7",1-3 new assets; see editorial-image-map.csv,No blocked claim permitted; figures require Product evidence,P1,Batch 7,DRAFT_NOT_WRITTEN,"Topic on-target; legacy root URL preserved, article written 100% new"
177,15008,Tổng Đài IP Và Những Khác Biệt So Với Tổng Đài Analog,tong-dai-ip-va-nhung-khac-biet-so-voi-tong-dai-analog,https://gcalls.co/tong-dai-ip-va-nhung-khac-biet-so-voi-tong-dai-analog/,PUBLISH,REBUILD_KEEP_URL,,Tổng Đài IP Và Những Khác Biệt So Với Tổng Đài Analog,tong-dai-ip-va-nhung-khac-biet-so-voi-tong-dai-analog,/tong-dai-ip-va-nhung-khac-biet-so-voi-tong-dai-analog/,HUB-01 Tổng đài và Call Center,Tổng đài và Call Center,tổng đài ip khác biệt,TO_BE_SET_AT_AUTHORING,informational-general,Trưởng phòng vận hành / Call Center Manager,TOFU,SUPPORTING,1200-2000,Tổng Đài IP Và Những Khác Biệt So Với Tổng Đài Analog?,Cloud Call Center|/lien-he/ ; Gcalls Plus Webphone|/gcalls-plus-webphone/,10727 | 13378 | 13409,"CUSTOM_DIAGRAM_REQUIRED — 1600x900, new asset, brand #673ab7",1-3 new assets; see editorial-image-map.csv,No blocked claim permitted; figures require Product evidence,P1,Batch 2,DRAFT_NOT_WRITTEN,"Topic on-target; legacy root URL preserved, article written 100% new"
178,15049,Kịch Bản Tư Vấn Khách Hàng Spa Là Gì?,kich-ban-tu-van-khach-hang-spa-la-gi,https://gcalls.co/kich-ban-tu-van-khach-hang-spa-la-gi/,PUBLISH,REBUILD_KEEP_URL,,Kịch Bản Tư Vấn Khách Hàng Spa Là Gì?,kich-ban-tu-van-khach-hang-spa-la-gi,/kich-ban-tu-van-khach-hang-spa-la-gi/,HUB-05 Customer Service và Customer Experience,Customer Service và Customer Experience,kịch bản tư vấn khách,TO_BE_SET_AT_AUTHORING,informational-definition,Quản lý CSKH,TOFU,SUPPORTING,1200-2000,Kịch Bản Tư Vấn Khách Hàng Spa Là Gì?,Gcalls CX|/gcalls-cx/ ; Tổng đài tích hợp Helpdesk|/tong-dai-tich-hop-helpdesk/,2400 | 2695 | 2752,"EDITORIAL_ILLUSTRATION_REQUIRED — 1600x900, new asset, brand #673ab7",1-3 new assets; see editorial-image-map.csv,No blocked claim permitted; figures require Product evidence,P1,Batch 7,DRAFT_NOT_WRITTEN,"Topic on-target; legacy root URL preserved, article written 100% new"
179,15195,Customer Lifetime Value Là Gì? Vai Trò Và Cách Tính,customer-lifetime-value-la-gi-vai-tro-va-cach-tinh,https://gcalls.co/customer-lifetime-value-la-gi-vai-tro-va-cach-tinh/,PUBLISH,REBUILD_UPDATE_TOPIC,,Customer Lifetime Value Là Gì? Vai Trò Và Cách Tính,customer-lifetime-value-la-gi-vai-tro-va-cach-tinh,/customer-lifetime-value-la-gi-vai-tro-va-cach-tinh/,HUB-11 Vận hành doanh nghiệp,Vận hành doanh nghiệp,customer lifetime value vai trò,TO_BE_SET_AT_AUTHORING,informational-definition,Chủ doanh nghiệp / Quản lý,TOFU,SUPPORTING,"('NARROW', '900-1200')",Customer Lifetime Value Là Gì? Vai Trò Và Cách Tính?,Gcalls Plus Webphone|/gcalls-plus-webphone/,2261 | 2665 | 2738,"EDITORIAL_ILLUSTRATION_REQUIRED — 1600x900, new asset, brand #673ab7",1-3 new assets; see editorial-image-map.csv,No blocked claim permitted; figures require Product evidence,P2,Batch 10,DRAFT_NOT_WRITTEN,Topic re-scoped to Gcalls ICP; article written 100% new
180,15207,5 Lý Do Nên Chọn Dịch Vụ Chăm Sóc Khách Hàng Viettel,5-ly-do-nen-chon-dich-vu-cham-soc-khach-hang-viettel,https://gcalls.co/5-ly-do-nen-chon-dich-vu-cham-soc-khach-hang-viettel/,PUBLISH,REBUILD_KEEP_URL,,5 Lý Do Nên Chọn Dịch Vụ Chăm Sóc Khách Hàng Viettel,5-ly-do-nen-chon-dich-vu-cham-soc-khach-hang-viettel,/5-ly-do-nen-chon-dich-vu-cham-soc-khach-hang-viettel/,HUB-05 Customer Service và Customer Experience,Customer Service và Customer Experience,lý do chọn dịch vụ,TO_BE_SET_AT_AUTHORING,informational-howto,Quản lý CSKH,TOFU,SUPPORTING,1200-2000,5 Lý Do Nên Chọn Dịch Vụ Chăm Sóc Khách Hàng Viettel?,Gcalls CX|/gcalls-cx/ ; Tổng đài tích hợp Helpdesk|/tong-dai-tich-hop-helpdesk/,2400 | 2695 | 2752,"EDITORIAL_ILLUSTRATION_REQUIRED — 1600x900, new asset, brand #673ab7",1-3 new assets; see editorial-image-map.csv,No blocked claim permitted; figures require Product evidence,P1,Batch 7,DRAFT_NOT_WRITTEN,"Topic on-target; legacy root URL preserved, article written 100% new"
181,15217,Phần Mềm Quản Lý Bán Hàng Đa Kênh Là Gì? Có Nên Sử Dụng?,phan-mem-quan-ly-ban-hang-da-kenh-la-gi-co-nen-su-dung,https://gcalls.co/phan-mem-quan-ly-ban-hang-da-kenh-la-gi-co-nen-su-dung/,PUBLISH,REBUILD_KEEP_URL,,Phần Mềm Quản Lý Bán Hàng Đa Kênh Là Gì? Có Nên Sử Dụng?,phan-mem-quan-ly-ban-hang-da-kenh-la-gi-co-nen-su-dung,/phan-mem-quan-ly-ban-hang-da-kenh-la-gi-co-nen-su-dung/,HUB-04 Telesales và Sales Operations,Telesales và Sales Operations,mềm quản lý bán hàng,TO_BE_SET_AT_AUTHORING,informational-definition,Telesales Leader / Sales Manager,TOFU,SUPPORTING,1200-2000,Phần Mềm Quản Lý Bán Hàng Đa Kênh Là Gì? Có Nên Sử Dụng?,Gcalls Plus Webphone|/gcalls-plus-webphone/ ; Tổng đài tích hợp CRM|/tong-dai-tich-hop-crm/,1617 | 2684 | 2761,"EDITORIAL_ILLUSTRATION_REQUIRED — 1600x900, new asset, brand #673ab7",1-3 new assets; see editorial-image-map.csv,No blocked claim permitted; figures require Product evidence,P1,Batch 8,DRAFT_NOT_WRITTEN,"Topic on-target; legacy root URL preserved, article written 100% new"
182,15221,Dịch Vụ Voice Brandname Là Gì Và Những Lợi Ích Hiện Đại,dich-vu-voice-brandname-la-gi-va-nhung-loi-ich,https://gcalls.co/dich-vu-voice-brandname-la-gi-va-nhung-loi-ich/,PUBLISH,REBUILD_UPDATE_TOPIC,,Dịch Vụ Voice Brandname Là Gì Và Những Lợi Ích Hiện Đại,dich-vu-voice-brandname-la-gi-va-nhung-loi-ich,/dich-vu-voice-brandname-la-gi-va-nhung-loi-ich/,HUB-11 Vận hành doanh nghiệp,Vận hành doanh nghiệp,dịch vụ voice brandname lợi,TO_BE_SET_AT_AUTHORING,informational-definition,Chủ doanh nghiệp / Quản lý,TOFU,SUPPORTING,1200-2000,Dịch Vụ Voice Brandname Là Gì Và Những Lợi Ích Hiện Đại?,Gcalls Plus Webphone|/gcalls-plus-webphone/,2261 | 2665 | 2738,"EDITORIAL_ILLUSTRATION_REQUIRED — 1600x900, new asset, brand #673ab7",1-3 new assets; see editorial-image-map.csv,No blocked claim permitted; figures require Product evidence,P2,Batch 10,DRAFT_NOT_WRITTEN,Topic re-scoped to Gcalls ICP; article written 100% new
183,15235,Customer Success Là Gì? Những Thông Tin Cụ Thể Nhất,customer-success-la-gi-nhung-thong-tin-cu-the-nhat,https://gcalls.co/customer-success-la-gi-nhung-thong-tin-cu-the-nhat/,PUBLISH,REBUILD_KEEP_URL,,Customer Success Là Gì? Những Thông Tin Cụ Thể Nhất,customer-success-la-gi-nhung-thong-tin-cu-the-nhat,/customer-success-la-gi-nhung-thong-tin-cu-the-nhat/,HUB-05 Customer Service và Customer Experience,Customer Service và Customer Experience,customer success thông tin cụ,TO_BE_SET_AT_AUTHORING,informational-definition,Quản lý CSKH,TOFU,SUPPORTING,1200-2000,Customer Success Là Gì? Những Thông Tin Cụ Thể Nhất?,Gcalls CX|/gcalls-cx/ ; Tổng đài tích hợp Helpdesk|/tong-dai-tich-hop-helpdesk/,2400 | 2695 | 2752,"EDITORIAL_ILLUSTRATION_REQUIRED — 1600x900, new asset, brand #673ab7",1-3 new assets; see editorial-image-map.csv,No blocked claim permitted; figures require Product evidence,P1,Batch 7,DRAFT_NOT_WRITTEN,"Topic on-target; legacy root URL preserved, article written 100% new"
184,15250,Tổng Đài Contact Center Là Gì?,tong-dai-contact-center-la-gi,https://gcalls.co/tong-dai-contact-center-la-gi/,PUBLISH,REBUILD_KEEP_URL,,Tổng Đài Contact Center Là Gì?,tong-dai-contact-center-la-gi,/tong-dai-contact-center-la-gi/,HUB-01 Tổng đài và Call Center,Tổng đài và Call Center,tổng đài contact center,TO_BE_SET_AT_AUTHORING,informational-definition,Trưởng phòng vận hành / Call Center Manager,TOFU,SUPPORTING,1200-2000,Tổng Đài Contact Center Là Gì?,Cloud Call Center|/lien-he/ ; Gcalls Plus Webphone|/gcalls-plus-webphone/,10727 | 13378 | 13409,"CUSTOM_DIAGRAM_REQUIRED — 1600x900, new asset, brand #673ab7",1-3 new assets; see editorial-image-map.csv,No blocked claim permitted; figures require Product evidence,P1,Batch 2,DRAFT_NOT_WRITTEN,"Topic on-target; legacy root URL preserved, article written 100% new"
185,15262,Phần Mềm Tổng Đài Ảo Là Gì?,phan-mem-tong-dai-ao-la-gi,https://gcalls.co/phan-mem-tong-dai-ao-la-gi/,PUBLISH,REBUILD_KEEP_URL,,Phần Mềm Tổng Đài Ảo Là Gì?,phan-mem-tong-dai-ao-la-gi,/phan-mem-tong-dai-ao-la-gi/,HUB-01 Tổng đài và Call Center,Tổng đài và Call Center,mềm tổng đài ảo,TO_BE_SET_AT_AUTHORING,informational-definition,Trưởng phòng vận hành / Call Center Manager,TOFU,SUPPORTING,1200-2000,Phần Mềm Tổng Đài Ảo Là Gì?,Cloud Call Center|/lien-he/ ; Gcalls Plus Webphone|/gcalls-plus-webphone/,10727 | 13378 | 13409,"CUSTOM_DIAGRAM_REQUIRED — 1600x900, new asset, brand #673ab7",1-3 new assets; see editorial-image-map.csv,No blocked claim permitted; figures require Product evidence,P1,Batch 2,DRAFT_NOT_WRITTEN,"Topic on-target; legacy root URL preserved, article written 100% new"
186,15281,Mua Số Tổng Đài 1900 Có Lợi Ích Gì? Nên Mua Ở Đâu Uy Tín?,mua-so-tong-dai-1900-co-loi-ich-gi-nen-mua-o-dau-uy-tin,https://gcalls.co/mua-so-tong-dai-1900-co-loi-ich-gi-nen-mua-o-dau-uy-tin/,PUBLISH,REBUILD_KEEP_URL,,Mua Số Tổng Đài 1900 Có Lợi Ích Gì? Nên Mua Ở Đâu Uy Tín?,mua-so-tong-dai-1900-co-loi-ich-gi-nen-mua-o-dau-uy-tin,/mua-so-tong-dai-1900-co-loi-ich-gi-nen-mua-o-dau-uy-tin/,HUB-01 Tổng đài và Call Center,Tổng đài và Call Center,mua số tổng đài lợi,TO_BE_SET_AT_AUTHORING,informational-general,Trưởng phòng vận hành / Call Center Manager,TOFU,SUPPORTING,1200-2000,Mua Số Tổng Đài 1900 Có Lợi Ích Gì? Nên Mua Ở Đâu Uy Tín?,Cloud Call Center|/lien-he/ ; Gcalls Plus Webphone|/gcalls-plus-webphone/,10727 | 13378 | 13409,"CUSTOM_DIAGRAM_REQUIRED — 1600x900, new asset, brand #673ab7",1-3 new assets; see editorial-image-map.csv,No blocked claim permitted; figures require Product evidence,P1,Batch 2,DRAFT_NOT_WRITTEN,"Topic on-target; legacy root URL preserved, article written 100% new"
187,15306,Chăm Sóc Khách Hàng Qua Điện Thoại Và Kỹ Năng Cần Thiết,cham-soc-khach-hang-qua-dien-thoai,https://gcalls.co/cham-soc-khach-hang-qua-dien-thoai/,PUBLISH,REBUILD_KEEP_URL,,Chăm Sóc Khách Hàng Qua Điện Thoại Và Kỹ Năng Cần Thiết,cham-soc-khach-hang-qua-dien-thoai,/cham-soc-khach-hang-qua-dien-thoai/,HUB-05 Customer Service và Customer Experience,Customer Service và Customer Experience,chăm sóc khách hàng qua,TO_BE_SET_AT_AUTHORING,informational-general,Quản lý CSKH,TOFU,SUPPORTING,1200-2000,Chăm Sóc Khách Hàng Qua Điện Thoại Và Kỹ Năng Cần Thiết?,Gcalls CX|/gcalls-cx/ ; Tổng đài tích hợp Helpdesk|/tong-dai-tich-hop-helpdesk/,2400 | 2695 | 2752,"EDITORIAL_ILLUSTRATION_REQUIRED — 1600x900, new asset, brand #673ab7",1-3 new assets; see editorial-image-map.csv,No blocked claim permitted; figures require Product evidence,P1,Batch 7,DRAFT_NOT_WRITTEN,"Topic on-target; legacy root URL preserved, article written 100% new"
188,15314,Salesforce Là Gì? Những Thông Tin Quan Trọng Nhất,salesforce-la-gi-nhung-thong-tin-quan-trong-nhat,https://gcalls.co/salesforce-la-gi-nhung-thong-tin-quan-trong-nhat/,PUBLISH,REBUILD_KEEP_URL,,Salesforce Là Gì? Những Thông Tin Quan Trọng Nhất,salesforce-la-gi-nhung-thong-tin-quan-trong-nhat,/salesforce-la-gi-nhung-thong-tin-quan-trong-nhat/,"HUB-03 CRM, Helpdesk và tích hợp","CRM, Helpdesk và tích hợp",salesforce thông tin quan trọng,TO_BE_SET_AT_AUTHORING,informational-definition,IT / Trưởng dự án tích hợp,MOFU,PILLAR,2000-3000,Salesforce Là Gì? Những Thông Tin Quan Trọng Nhất?,Tổng đài tích hợp CRM|/tong-dai-tich-hop-crm/ ; Tổng đài tích hợp Helpdesk|/tong-dai-tich-hop-helpdesk/,2864 | 2584 | 2621,"CUSTOM_DIAGRAM_REQUIRED — 1600x900, new asset, brand #673ab7",1-3 new assets; see editorial-image-map.csv,No blocked claim permitted; figures require Product evidence,P0,Batch 3,DRAFT_NOT_WRITTEN,"Topic on-target; legacy root URL preserved, article written 100% new"
189,15328,salesforce,,https://gcalls.co/?p=15328,DRAFT,MANUAL_DECISION,,,,PENDING_DECISION,,,,,,,,,,,,,,,N/A,P3,Batch 0,N/A,Non-Vietnamese body; needs human call on retire vs re-scope
190,15332,Dịch Vụ Voice Brandname Là Gì?,dich-vu-voice-brandname-la-gi,https://gcalls.co/dich-vu-voice-brandname-la-gi/,PUBLISH,REBUILD_UPDATE_TOPIC,,Dịch Vụ Voice Brandname Là Gì?,dich-vu-voice-brandname-la-gi,/dich-vu-voice-brandname-la-gi/,HUB-11 Vận hành doanh nghiệp,Vận hành doanh nghiệp,dịch vụ voice brandname,TO_BE_SET_AT_AUTHORING,informational-definition,Chủ doanh nghiệp / Quản lý,TOFU,PILLAR,2000-3000,Dịch Vụ Voice Brandname Là Gì?,Gcalls Plus Webphone|/gcalls-plus-webphone/,2261 | 2665 | 2738,"EDITORIAL_ILLUSTRATION_REQUIRED — 1600x900, new asset, brand #673ab7",1-3 new assets; see editorial-image-map.csv,No blocked claim permitted; figures require Product evidence,P2,Batch 10,DRAFT_NOT_WRITTEN,Topic re-scoped to Gcalls ICP; article written 100% new
191,15335,Phần Mềm CRM Việt Nam Là Gì?,phan-mem-crm-viet-nam-la-gi,https://gcalls.co/phan-mem-crm-viet-nam-la-gi/,PUBLISH,REBUILD_KEEP_URL,,Phần Mềm CRM Việt Nam Là Gì?,phan-mem-crm-viet-nam-la-gi,/phan-mem-crm-viet-nam-la-gi/,"HUB-03 CRM, Helpdesk và tích hợp","CRM, Helpdesk và tích hợp",mềm crm việt nam,TO_BE_SET_AT_AUTHORING,informational-definition,IT / Trưởng dự án tích hợp,MOFU,PILLAR,2000-3000,Phần Mềm CRM Việt Nam Là Gì?,Tổng đài tích hợp CRM|/tong-dai-tich-hop-crm/ ; Tổng đài tích hợp Helpdesk|/tong-dai-tich-hop-helpdesk/,2864 | 2584 | 2621,"CUSTOM_DIAGRAM_REQUIRED — 1600x900, new asset, brand #673ab7",1-3 new assets; see editorial-image-map.csv,No blocked claim permitted; figures require Product evidence,P0,Batch 3,DRAFT_NOT_WRITTEN,"Topic on-target; legacy root URL preserved, article written 100% new"
192,15353,Cách Xây Dựng Quy Trình Bán Hàng Của Doanh Nghiệp Hiệu Quả,cach-xay-dung-quy-trinh-ban-hang-cua-doanh-nghiep-hieu-qua,https://gcalls.co/cach-xay-dung-quy-trinh-ban-hang-cua-doanh-nghiep-hieu-qua/,PUBLISH,REBUILD_KEEP_URL,,Cách Xây Dựng Quy Trình Bán Hàng Của Doanh Nghiệp Hiệu Quả,cach-xay-dung-quy-trinh-ban-hang-cua-doanh-nghiep-hieu-qua,/cach-xay-dung-quy-trinh-ban-hang-cua-doanh-nghiep-hieu-qua/,HUB-04 Telesales và Sales Operations,Telesales và Sales Operations,xây dựng quy trình bán,TO_BE_SET_AT_AUTHORING,informational-howto,Telesales Leader / Sales Manager,TOFU,SUPPORTING,1200-2000,Cách Xây Dựng Quy Trình Bán Hàng Của Doanh Nghiệp Hiệu Quả?,Gcalls Plus Webphone|/gcalls-plus-webphone/ ; Tổng đài tích hợp CRM|/tong-dai-tich-hop-crm/,1617 | 2684 | 2761,"EDITORIAL_ILLUSTRATION_REQUIRED — 1600x900, new asset, brand #673ab7",1-3 new assets; see editorial-image-map.csv,No blocked claim permitted; figures require Product evidence,P1,Batch 8,DRAFT_NOT_WRITTEN,"Topic on-target; legacy root URL preserved, article written 100% new"
193,15363,Vì Sao Chiến Lược Chăm Sóc Khách Hàng Với SalesForce Cần Thiết,vi-sao-chien-luoc-cham-soc-khach-hang-voi-salesforce-can-thiet,https://gcalls.co/vi-sao-chien-luoc-cham-soc-khach-hang-voi-salesforce-can-thiet/,PUBLISH,REBUILD_KEEP_URL,,Vì Sao Chiến Lược Chăm Sóc Khách Hàng Với SalesForce Cần Thiết,vi-sao-chien-luoc-cham-soc-khach-hang-voi-salesforce-can-thiet,/vi-sao-chien-luoc-cham-soc-khach-hang-voi-salesforce-can-thiet/,"HUB-03 CRM, Helpdesk và tích hợp","CRM, Helpdesk và tích hợp",vì chiến lược chăm sóc,TO_BE_SET_AT_AUTHORING,informational-general,IT / Trưởng dự án tích hợp,MOFU,PILLAR,2000-3000,Vì Sao Chiến Lược Chăm Sóc Khách Hàng Với SalesForce Cần Thiết?,Tổng đài tích hợp CRM|/tong-dai-tich-hop-crm/ ; Tổng đài tích hợp Helpdesk|/tong-dai-tich-hop-helpdesk/,2864 | 2584 | 2621,"CUSTOM_DIAGRAM_REQUIRED — 1600x900, new asset, brand #673ab7",1-3 new assets; see editorial-image-map.csv,No blocked claim permitted; figures require Product evidence,P0,Batch 3,DRAFT_NOT_WRITTEN,"Topic on-target; legacy root URL preserved, article written 100% new"
194,15380,So Sánh Salesforce CRM Và Các Phần Mềm Khác,so-sanh-salesforce-crm-va-cac-phan-mem-khac,https://gcalls.co/so-sanh-salesforce-crm-va-cac-phan-mem-khac/,PUBLISH,REBUILD_KEEP_URL,,So Sánh Salesforce CRM Và Các Phần Mềm Khác,so-sanh-salesforce-crm-va-cac-phan-mem-khac,/so-sanh-salesforce-crm-va-cac-phan-mem-khac/,"HUB-03 CRM, Helpdesk và tích hợp","CRM, Helpdesk và tích hợp",so sánh salesforce crm mềm,TO_BE_SET_AT_AUTHORING,commercial-investigation,IT / Trưởng dự án tích hợp,MOFU,PILLAR,2000-3000,So Sánh Salesforce CRM Và Các Phần Mềm Khác?,Tổng đài tích hợp CRM|/tong-dai-tich-hop-crm/ ; Tổng đài tích hợp Helpdesk|/tong-dai-tich-hop-helpdesk/,2864 | 2584 | 2621,"CUSTOM_DIAGRAM_REQUIRED — 1600x900, new asset, brand #673ab7",1-3 new assets; see editorial-image-map.csv,No blocked claim permitted; figures require Product evidence,P0,Batch 1,DRAFT_NOT_WRITTEN,"Topic on-target; legacy root URL preserved, article written 100% new"
195,15384,Salesforce Marketing Cloud Là Gì? Tìm Hiểu Thông Tin Từ A-Z,salesforce-marketing-cloud-la-gi-tim-hieu-thong-tin-tu-a-z,https://gcalls.co/salesforce-marketing-cloud-la-gi-tim-hieu-thong-tin-tu-a-z/,PUBLISH,REBUILD_KEEP_URL,,Salesforce Marketing Cloud Là Gì? Tìm Hiểu Thông Tin Từ A-Z,salesforce-marketing-cloud-la-gi-tim-hieu-thong-tin-tu-a-z,/salesforce-marketing-cloud-la-gi-tim-hieu-thong-tin-tu-a-z/,"HUB-03 CRM, Helpdesk và tích hợp","CRM, Helpdesk và tích hợp",salesforce marketing cloud tìm hiểu,TO_BE_SET_AT_AUTHORING,informational-definition,IT / Trưởng dự án tích hợp,MOFU,PILLAR,2000-3000,Salesforce Marketing Cloud Là Gì? Tìm Hiểu Thông Tin Từ A-Z?,Tổng đài tích hợp CRM|/tong-dai-tich-hop-crm/ ; Tổng đài tích hợp Helpdesk|/tong-dai-tich-hop-helpdesk/,2864 | 2584 | 2621,"CUSTOM_DIAGRAM_REQUIRED — 1600x900, new asset, brand #673ab7",1-3 new assets; see editorial-image-map.csv,No blocked claim permitted; figures require Product evidence,P0,Batch 1,DRAFT_NOT_WRITTEN,"Topic on-target; legacy root URL preserved, article written 100% new"
196,15558,8 Cách Giữ Khách Hàng Cũ Hiệu Quả,8-cach-giu-khach-hang-cu-hieu-qua,https://gcalls.co/8-cach-giu-khach-hang-cu-hieu-qua/,PUBLISH,REBUILD_KEEP_URL,,8 Cách Giữ Khách Hàng Cũ Hiệu Quả,8-cach-giu-khach-hang-cu-hieu-qua,/8-cach-giu-khach-hang-cu-hieu-qua/,HUB-05 Customer Service và Customer Experience,Customer Service và Customer Experience,giữ khách hàng cũ hiệu,TO_BE_SET_AT_AUTHORING,informational-howto,Quản lý CSKH,TOFU,SUPPORTING,1200-2000,8 Cách Giữ Khách Hàng Cũ Hiệu Quả?,Gcalls CX|/gcalls-cx/ ; Tổng đài tích hợp Helpdesk|/tong-dai-tich-hop-helpdesk/,2400 | 2695 | 2752,"EDITORIAL_ILLUSTRATION_REQUIRED — 1600x900, new asset, brand #673ab7",1-3 new assets; see editorial-image-map.csv,No blocked claim permitted; figures require Product evidence,P1,Batch 7,DRAFT_NOT_WRITTEN,"Topic on-target; legacy root URL preserved, article written 100% new"
197,15561,Trải Nghiệm Khách Hàng Xuất Sắc Là Gì? Cách Nâng Cấp,trai-nghiem-khach-hang-xuat-sac-la-gi-cach-nang-cap,https://gcalls.co/trai-nghiem-khach-hang-xuat-sac-la-gi-cach-nang-cap/,PUBLISH,REBUILD_KEEP_URL,,Trải Nghiệm Khách Hàng Xuất Sắc Là Gì? Cách Nâng Cấp,trai-nghiem-khach-hang-xuat-sac-la-gi-cach-nang-cap,/trai-nghiem-khach-hang-xuat-sac-la-gi-cach-nang-cap/,HUB-05 Customer Service và Customer Experience,Customer Service và Customer Experience,trải nghiệm khách hàng xuất,TO_BE_SET_AT_AUTHORING,informational-definition,Quản lý CSKH,TOFU,SUPPORTING,1200-2000,Trải Nghiệm Khách Hàng Xuất Sắc Là Gì? Cách Nâng Cấp?,Gcalls CX|/gcalls-cx/ ; Tổng đài tích hợp Helpdesk|/tong-dai-tich-hop-helpdesk/,2400 | 2695 | 2752,"EDITORIAL_ILLUSTRATION_REQUIRED — 1600x900, new asset, brand #673ab7",1-3 new assets; see editorial-image-map.csv,No blocked claim permitted; figures require Product evidence,P1,Batch 7,DRAFT_NOT_WRITTEN,"Topic on-target; legacy root URL preserved, article written 100% new"
198,15589,Câu Hỏi Chăm Sóc Khách Hàng Cũ & Kịch Bản CSKH Hiệu Quả,cau-hoi-cham-soc-khach-hang-cu-kich-ban-cskh-hieu-qua,https://gcalls.co/cau-hoi-cham-soc-khach-hang-cu-kich-ban-cskh-hieu-qua/,PUBLISH,REBUILD_KEEP_URL,,Câu Hỏi Chăm Sóc Khách Hàng Cũ & Kịch Bản CSKH Hiệu Quả,cau-hoi-cham-soc-khach-hang-cu-kich-ban-cskh-hieu-qua,/cau-hoi-cham-soc-khach-hang-cu-kich-ban-cskh-hieu-qua/,HUB-05 Customer Service và Customer Experience,Customer Service và Customer Experience,câu hỏi chăm sóc khách,TO_BE_SET_AT_AUTHORING,informational-general,Quản lý CSKH,TOFU,SUPPORTING,1200-2000,Câu Hỏi Chăm Sóc Khách Hàng Cũ & Kịch Bản CSKH Hiệu Quả?,Gcalls CX|/gcalls-cx/ ; Tổng đài tích hợp Helpdesk|/tong-dai-tich-hop-helpdesk/,2400 | 2695 | 2752,"EDITORIAL_ILLUSTRATION_REQUIRED — 1600x900, new asset, brand #673ab7",1-3 new assets; see editorial-image-map.csv,No blocked claim permitted; figures require Product evidence,P1,Batch 7,DRAFT_NOT_WRITTEN,"Topic on-target; legacy root URL preserved, article written 100% new"
199,15604,Giải Pháp Chăm Sóc Khách Hàng Nào Tối Ưu Nhất?,giai-phap-cham-soc-khach-hang-nao-toi-uu-nhat,https://gcalls.co/giai-phap-cham-soc-khach-hang-nao-toi-uu-nhat/,PUBLISH,REBUILD_KEEP_URL,,Giải Pháp Chăm Sóc Khách Hàng Nào Tối Ưu Nhất?,giai-phap-cham-soc-khach-hang-nao-toi-uu-nhat,/giai-phap-cham-soc-khach-hang-nao-toi-uu-nhat/,HUB-05 Customer Service và Customer Experience,Customer Service và Customer Experience,giải pháp chăm sóc khách,TO_BE_SET_AT_AUTHORING,informational-general,Quản lý CSKH,TOFU,SUPPORTING,1200-2000,Giải Pháp Chăm Sóc Khách Hàng Nào Tối Ưu Nhất?,Gcalls CX|/gcalls-cx/ ; Tổng đài tích hợp Helpdesk|/tong-dai-tich-hop-helpdesk/,2400 | 2695 | 2752,"EDITORIAL_ILLUSTRATION_REQUIRED — 1600x900, new asset, brand #673ab7",1-3 new assets; see editorial-image-map.csv,No blocked claim permitted; figures require Product evidence,P1,Batch 7,DRAFT_NOT_WRITTEN,"Topic on-target; legacy root URL preserved, article written 100% new"
200,15646,Top 5 Lợi Ích Của Phần Mềm Auto Answer,top-5-loi-ich-cua-phan-mem-auto-answer,https://gcalls.co/top-5-loi-ich-cua-phan-mem-auto-answer/,PUBLISH,REBUILD_KEEP_URL,,Top 5 Lợi Ích Của Phần Mềm Auto Answer,top-5-loi-ich-cua-phan-mem-auto-answer,/top-5-loi-ich-cua-phan-mem-auto-answer/,HUB-04 Telesales và Sales Operations,Telesales và Sales Operations,lợi ích mềm auto answer,TO_BE_SET_AT_AUTHORING,commercial-investigation,Telesales Leader / Sales Manager,TOFU,SUPPORTING,1200-2000,Top 5 Lợi Ích Của Phần Mềm Auto Answer?,Gcalls Plus Webphone|/gcalls-plus-webphone/ ; Tổng đài tích hợp CRM|/tong-dai-tich-hop-crm/,1617 | 2684 | 2761,"EDITORIAL_ILLUSTRATION_REQUIRED — 1600x900, new asset, brand #673ab7",1-3 new assets; see editorial-image-map.csv,No blocked claim permitted; figures require Product evidence,P1,Batch 8,DRAFT_NOT_WRITTEN,"Topic on-target; legacy root URL preserved, article written 100% new"
201,15660,Chiến Lược Giữ Chân Khách Hàng Hiệu Quả Nhất,chien-luoc-giu-chan-khach-hang-hieu-qua-nhat,https://gcalls.co/chien-luoc-giu-chan-khach-hang-hieu-qua-nhat/,PUBLISH,REBUILD_KEEP_URL,,Chiến Lược Giữ Chân Khách Hàng Hiệu Quả Nhất,chien-luoc-giu-chan-khach-hang-hieu-qua-nhat,/chien-luoc-giu-chan-khach-hang-hieu-qua-nhat/,HUB-05 Customer Service và Customer Experience,Customer Service và Customer Experience,chiến lược giữ chân khách,TO_BE_SET_AT_AUTHORING,informational-general,Quản lý CSKH,TOFU,SUPPORTING,1200-2000,Chiến Lược Giữ Chân Khách Hàng Hiệu Quả Nhất?,Gcalls CX|/gcalls-cx/ ; Tổng đài tích hợp Helpdesk|/tong-dai-tich-hop-helpdesk/,2400 | 2695 | 2752,"EDITORIAL_ILLUSTRATION_REQUIRED — 1600x900, new asset, brand #673ab7",1-3 new assets; see editorial-image-map.csv,No blocked claim permitted; figures require Product evidence,P1,Batch 7,DRAFT_NOT_WRITTEN,"Topic on-target; legacy root URL preserved, article written 100% new"
202,15681,Tin Nhắn Chăm Sóc Khách Hàng Cũ Giúp Gia Tăng Hiệu Quả,tin-nhan-cham-soc-khach-hang-cu-giup-gia-tang-hieu-qua,https://gcalls.co/tin-nhan-cham-soc-khach-hang-cu-giup-gia-tang-hieu-qua/,PUBLISH,REBUILD_KEEP_URL,,Tin Nhắn Chăm Sóc Khách Hàng Cũ Giúp Gia Tăng Hiệu Quả,tin-nhan-cham-soc-khach-hang-cu-giup-gia-tang-hieu-qua,/tin-nhan-cham-soc-khach-hang-cu-giup-gia-tang-hieu-qua/,HUB-05 Customer Service và Customer Experience,Customer Service và Customer Experience,tin nhắn chăm sóc khách,TO_BE_SET_AT_AUTHORING,informational-general,Quản lý CSKH,TOFU,SUPPORTING,1200-2000,Tin Nhắn Chăm Sóc Khách Hàng Cũ Giúp Gia Tăng Hiệu Quả?,Gcalls CX|/gcalls-cx/ ; Tổng đài tích hợp Helpdesk|/tong-dai-tich-hop-helpdesk/,2400 | 2695 | 2752,"EDITORIAL_ILLUSTRATION_REQUIRED — 1600x900, new asset, brand #673ab7",1-3 new assets; see editorial-image-map.csv,No blocked claim permitted; figures require Product evidence,P1,Batch 7,DRAFT_NOT_WRITTEN,"Topic on-target; legacy root URL preserved, article written 100% new"
203,15687,Quản Lý Thông Tin Khách Hàng Hiệu Quả Qua Hệ Thống Nào?,quan-ly-thong-tin-khach-hang-hieu-qua-qua-he-thong-nao,https://gcalls.co/quan-ly-thong-tin-khach-hang-hieu-qua-qua-he-thong-nao/,PUBLISH,REBUILD_UPDATE_TOPIC,,Quản Lý Thông Tin Khách Hàng Hiệu Quả Qua Hệ Thống Nào?,quan-ly-thong-tin-khach-hang-hieu-qua-qua-he-thong-nao,/quan-ly-thong-tin-khach-hang-hieu-qua-qua-he-thong-nao/,HUB-11 Vận hành doanh nghiệp,Vận hành doanh nghiệp,quản lý thông tin khách,TO_BE_SET_AT_AUTHORING,informational-general,Chủ doanh nghiệp / Quản lý,TOFU,SUPPORTING,"('NARROW', '900-1200')",Quản Lý Thông Tin Khách Hàng Hiệu Quả Qua Hệ Thống Nào?,Gcalls Plus Webphone|/gcalls-plus-webphone/,2261 | 2665 | 2738,"EDITORIAL_ILLUSTRATION_REQUIRED — 1600x900, new asset, brand #673ab7",1-3 new assets; see editorial-image-map.csv,No blocked claim permitted; figures require Product evidence,P2,Batch 10,DRAFT_NOT_WRITTEN,Topic re-scoped to Gcalls ICP; article written 100% new
204,15713,Quản Lý Cuộc Gọi Khách Hàng Có Thật Sự Dễ Dàng?,quan-ly-cuoc-goi-khach-hang,https://gcalls.co/quan-ly-cuoc-goi-khach-hang/,PUBLISH,REBUILD_UPDATE_TOPIC,,Quản Lý Cuộc Gọi Khách Hàng Có Thật Sự Dễ Dàng?,quan-ly-cuoc-goi-khach-hang,/quan-ly-cuoc-goi-khach-hang/,HUB-11 Vận hành doanh nghiệp,Vận hành doanh nghiệp,quản lý cuộc gọi khách,TO_BE_SET_AT_AUTHORING,informational-general,Chủ doanh nghiệp / Quản lý,TOFU,SUPPORTING,1200-2000,Quản Lý Cuộc Gọi Khách Hàng Có Thật Sự Dễ Dàng?,Gcalls Plus Webphone|/gcalls-plus-webphone/,2261 | 2665 | 2738,"EDITORIAL_ILLUSTRATION_REQUIRED — 1600x900, new asset, brand #673ab7",1-3 new assets; see editorial-image-map.csv,No blocked claim permitted; figures require Product evidence,P2,Batch 10,DRAFT_NOT_WRITTEN,Topic re-scoped to Gcalls ICP; article written 100% new
205,15724,Bí Quyết Chăm Sóc Khách Hàng Tuyệt Đỉnh Nhất,bi-quyet-cham-soc-khach-hang-tuyet-dinh-nhat,https://gcalls.co/bi-quyet-cham-soc-khach-hang-tuyet-dinh-nhat/,PUBLISH,REBUILD_KEEP_URL,,Bí Quyết Chăm Sóc Khách Hàng Tuyệt Đỉnh Nhất,bi-quyet-cham-soc-khach-hang-tuyet-dinh-nhat,/bi-quyet-cham-soc-khach-hang-tuyet-dinh-nhat/,HUB-05 Customer Service và Customer Experience,Customer Service và Customer Experience,bí quyết chăm sóc khách,TO_BE_SET_AT_AUTHORING,informational-general,Quản lý CSKH,TOFU,SUPPORTING,1200-2000,Bí Quyết Chăm Sóc Khách Hàng Tuyệt Đỉnh Nhất?,Gcalls CX|/gcalls-cx/ ; Tổng đài tích hợp Helpdesk|/tong-dai-tich-hop-helpdesk/,2400 | 2695 | 2752,"EDITORIAL_ILLUSTRATION_REQUIRED — 1600x900, new asset, brand #673ab7",1-3 new assets; see editorial-image-map.csv,No blocked claim permitted; figures require Product evidence,P1,Batch 7,DRAFT_NOT_WRITTEN,"Topic on-target; legacy root URL preserved, article written 100% new"
206,15738,"Tại Sao Dịch Vụ Tổng Đài Ảo Dành Cho Startup ""Bùng Nổ"" 2023?",tai-sao-dich-vu-tong-dai-ao-danh-cho-startup-bung-no-2023,https://gcalls.co/tai-sao-dich-vu-tong-dai-ao-danh-cho-startup-bung-no-2023/,PUBLISH,REBUILD_KEEP_URL,,"Tại Sao Dịch Vụ Tổng Đài Ảo Dành Cho Startup ""Bùng Nổ"" 2023?",tai-sao-dich-vu-tong-dai-ao-danh-cho-startup-bung-no-2023,/tai-sao-dich-vu-tong-dai-ao-danh-cho-startup-bung-no-2023/,HUB-01 Tổng đài và Call Center,Tổng đài và Call Center,dịch vụ tổng đài ảo,TO_BE_SET_AT_AUTHORING,informational-general,Trưởng phòng vận hành / Call Center Manager,TOFU,SUPPORTING,1200-2000,"Tại Sao Dịch Vụ Tổng Đài Ảo Dành Cho Startup ""Bùng Nổ"" 2023?",Cloud Call Center|/lien-he/ ; Gcalls Plus Webphone|/gcalls-plus-webphone/,10727 | 13378 | 13409,"CUSTOM_DIAGRAM_REQUIRED — 1600x900, new asset, brand #673ab7",1-3 new assets; see editorial-image-map.csv,No blocked claim permitted; figures require Product evidence,P1,Batch 2,DRAFT_NOT_WRITTEN,"Topic on-target; legacy root URL preserved, article written 100% new"
207,15743,Đồng Bộ Hóa Dữ Liệu Là Gì? Tại Sao Nên Đồng Bộ Dữ Liệu?,dong-bo-hoa-du-lieu-la-gi-tai-sao-nen-dong-bo-du-lieu,https://gcalls.co/dong-bo-hoa-du-lieu-la-gi-tai-sao-nen-dong-bo-du-lieu/,PUBLISH,REBUILD_KEEP_URL,,Đồng Bộ Hóa Dữ Liệu Là Gì? Tại Sao Nên Đồng Bộ Dữ Liệu?,dong-bo-hoa-du-lieu-la-gi-tai-sao-nen-dong-bo-du-lieu,/dong-bo-hoa-du-lieu-la-gi-tai-sao-nen-dong-bo-du-lieu/,"HUB-03 CRM, Helpdesk và tích hợp","CRM, Helpdesk và tích hợp",đồng bộ hóa dữ liệu,TO_BE_SET_AT_AUTHORING,informational-definition,IT / Trưởng dự án tích hợp,MOFU,PILLAR,2000-3000,Đồng Bộ Hóa Dữ Liệu Là Gì? Tại Sao Nên Đồng Bộ Dữ Liệu?,Tổng đài tích hợp CRM|/tong-dai-tich-hop-crm/ ; Tổng đài tích hợp Helpdesk|/tong-dai-tich-hop-helpdesk/,2864 | 2584 | 2621,"CUSTOM_DIAGRAM_REQUIRED — 1600x900, new asset, brand #673ab7",1-3 new assets; see editorial-image-map.csv,No blocked claim permitted; figures require Product evidence,P0,Batch 1,DRAFT_NOT_WRITTEN,"Topic on-target; legacy root URL preserved, article written 100% new"
208,15765,Phần Mềm Auto Call Và Những Lợi Ích Cho Doanh Nghiệp,phan-mem-auto-call-va-nhung-loi-ich-cho-doanh-nghiep,https://gcalls.co/phan-mem-auto-call-va-nhung-loi-ich-cho-doanh-nghiep/,PUBLISH,REBUILD_UPDATE_TOPIC,,Phần Mềm Auto Call Và Những Lợi Ích Cho Doanh Nghiệp,phan-mem-auto-call-va-nhung-loi-ich-cho-doanh-nghiep,/phan-mem-auto-call-va-nhung-loi-ich-cho-doanh-nghiep/,HUB-11 Vận hành doanh nghiệp,Vận hành doanh nghiệp,mềm auto call lợi ích,TO_BE_SET_AT_AUTHORING,informational-general,Chủ doanh nghiệp / Quản lý,TOFU,SUPPORTING,"('NARROW', '900-1200')",Phần Mềm Auto Call Và Những Lợi Ích Cho Doanh Nghiệp?,Gcalls Plus Webphone|/gcalls-plus-webphone/,2261 | 2665 | 2738,"EDITORIAL_ILLUSTRATION_REQUIRED — 1600x900, new asset, brand #673ab7",1-3 new assets; see editorial-image-map.csv,No blocked claim permitted; figures require Product evidence,P2,Batch 10,DRAFT_NOT_WRITTEN,Topic re-scoped to Gcalls ICP; article written 100% new
209,15775,5 Lợi Ích Của Dịch Vụ Hỗ Trợ Trực Tuyến,5-loi-ich-cua-dich-vu-ho-tro-truc-tuyen,https://gcalls.co/5-loi-ich-cua-dich-vu-ho-tro-truc-tuyen/,PUBLISH,REBUILD_UPDATE_TOPIC,,5 Lợi Ích Của Dịch Vụ Hỗ Trợ Trực Tuyến,5-loi-ich-cua-dich-vu-ho-tro-truc-tuyen,/5-loi-ich-cua-dich-vu-ho-tro-truc-tuyen/,HUB-11 Vận hành doanh nghiệp,Vận hành doanh nghiệp,lợi ích dịch vụ hỗ,TO_BE_SET_AT_AUTHORING,informational-general,Chủ doanh nghiệp / Quản lý,TOFU,SUPPORTING,1200-2000,5 Lợi Ích Của Dịch Vụ Hỗ Trợ Trực Tuyến?,Gcalls Plus Webphone|/gcalls-plus-webphone/,2261 | 2665 | 2738,"EDITORIAL_ILLUSTRATION_REQUIRED — 1600x900, new asset, brand #673ab7",1-3 new assets; see editorial-image-map.csv,No blocked claim permitted; figures require Product evidence,P2,Batch 10,DRAFT_NOT_WRITTEN,Topic re-scoped to Gcalls ICP; article written 100% new
210,15794,Hệ Thống Quản Lý Khách Hàng Và Phần Mềm Trên Điện Thoại,he-thong-quan-ly-khach-hang,https://gcalls.co/he-thong-quan-ly-khach-hang/,PUBLISH,REBUILD_UPDATE_TOPIC,,Hệ Thống Quản Lý Khách Hàng Và Phần Mềm Trên Điện Thoại,he-thong-quan-ly-khach-hang,/he-thong-quan-ly-khach-hang/,HUB-11 Vận hành doanh nghiệp,Vận hành doanh nghiệp,hệ thống quản lý khách,TO_BE_SET_AT_AUTHORING,informational-general,Chủ doanh nghiệp / Quản lý,TOFU,SUPPORTING,"('NARROW', '900-1200')",Hệ Thống Quản Lý Khách Hàng Và Phần Mềm Trên Điện Thoại?,Gcalls Plus Webphone|/gcalls-plus-webphone/,2261 | 2665 | 2738,"EDITORIAL_ILLUSTRATION_REQUIRED — 1600x900, new asset, brand #673ab7",1-3 new assets; see editorial-image-map.csv,No blocked claim permitted; figures require Product evidence,P2,Batch 10,DRAFT_NOT_WRITTEN,Topic re-scoped to Gcalls ICP; article written 100% new
211,15806,Giải Pháp Tổng Đài Ảo Cho Doanh Nghiệp Vừa Và Nhỏ,giai-phap-tong-dai-ao-cho-doanh-nghiep-vua-va-nho,https://gcalls.co/giai-phap-tong-dai-ao-cho-doanh-nghiep-vua-va-nho/,PUBLISH,REBUILD_KEEP_URL,,Giải Pháp Tổng Đài Ảo Cho Doanh Nghiệp Vừa Và Nhỏ,giai-phap-tong-dai-ao-cho-doanh-nghiep-vua-va-nho,/giai-phap-tong-dai-ao-cho-doanh-nghiep-vua-va-nho/,HUB-01 Tổng đài và Call Center,Tổng đài và Call Center,giải pháp tổng đài ảo,TO_BE_SET_AT_AUTHORING,informational-general,Trưởng phòng vận hành / Call Center Manager,TOFU,SUPPORTING,1200-2000,Giải Pháp Tổng Đài Ảo Cho Doanh Nghiệp Vừa Và Nhỏ?,Cloud Call Center|/lien-he/ ; Gcalls Plus Webphone|/gcalls-plus-webphone/,10727 | 13378 | 13409,"CUSTOM_DIAGRAM_REQUIRED — 1600x900, new asset, brand #673ab7",1-3 new assets; see editorial-image-map.csv,No blocked claim permitted; figures require Product evidence,P1,Batch 2,DRAFT_NOT_WRITTEN,"Topic on-target; legacy root URL preserved, article written 100% new"
212,15830,Mô Hình Trải Nghiệm Khách Hàng Là Gì?,mo-hinh-trai-nghiem-khach-hang-la-gi,https://gcalls.co/mo-hinh-trai-nghiem-khach-hang-la-gi/,PUBLISH,REBUILD_KEEP_URL,,Mô Hình Trải Nghiệm Khách Hàng Là Gì?,mo-hinh-trai-nghiem-khach-hang-la-gi,/mo-hinh-trai-nghiem-khach-hang-la-gi/,HUB-05 Customer Service và Customer Experience,Customer Service và Customer Experience,mô hình trải nghiệm khách,TO_BE_SET_AT_AUTHORING,informational-definition,Quản lý CSKH,TOFU,SUPPORTING,1200-2000,Mô Hình Trải Nghiệm Khách Hàng Là Gì?,Gcalls CX|/gcalls-cx/ ; Tổng đài tích hợp Helpdesk|/tong-dai-tich-hop-helpdesk/,2400 | 2695 | 2752,"EDITORIAL_ILLUSTRATION_REQUIRED — 1600x900, new asset, brand #673ab7",1-3 new assets; see editorial-image-map.csv,No blocked claim permitted; figures require Product evidence,P1,Batch 7,DRAFT_NOT_WRITTEN,"Topic on-target; legacy root URL preserved, article written 100% new"
213,15847,Lưu Trữ Thông Tin Khách Hàng Với Top 3 Phần Mềm Tốt Nhất,luu-tru-thong-tin-khach-hang-voi-top-3-phan-mem-tot-nhat,https://gcalls.co/luu-tru-thong-tin-khach-hang-voi-top-3-phan-mem-tot-nhat/,PUBLISH,REBUILD_UPDATE_TOPIC,,Lưu Trữ Thông Tin Khách Hàng Với Top 3 Phần Mềm Tốt Nhất,luu-tru-thong-tin-khach-hang-voi-top-3-phan-mem-tot-nhat,/luu-tru-thong-tin-khach-hang-voi-top-3-phan-mem-tot-nhat/,HUB-11 Vận hành doanh nghiệp,Vận hành doanh nghiệp,lưu trữ thông tin khách,TO_BE_SET_AT_AUTHORING,commercial-investigation,Chủ doanh nghiệp / Quản lý,TOFU,SUPPORTING,1200-2000,Lưu Trữ Thông Tin Khách Hàng Với Top 3 Phần Mềm Tốt Nhất?,Gcalls Plus Webphone|/gcalls-plus-webphone/,2261 | 2665 | 2738,"EDITORIAL_ILLUSTRATION_REQUIRED — 1600x900, new asset, brand #673ab7",1-3 new assets; see editorial-image-map.csv,No blocked claim permitted; figures require Product evidence,P2,Batch 10,DRAFT_NOT_WRITTEN,Topic re-scoped to Gcalls ICP; article written 100% new
214,15859,Tổng Đài IP Và Những Điều Cần Biết Trước Khi Lắp Đặt,tong-dai-ip-va-nhung-dieu-can-biet,https://gcalls.co/tong-dai-ip-va-nhung-dieu-can-biet/,PUBLISH,REBUILD_KEEP_URL,,Tổng Đài IP Và Những Điều Cần Biết Trước Khi Lắp Đặt,tong-dai-ip-va-nhung-dieu-can-biet,/tong-dai-ip-va-nhung-dieu-can-biet/,HUB-01 Tổng đài và Call Center,Tổng đài và Call Center,tổng đài ip điều cần,TO_BE_SET_AT_AUTHORING,informational-general,Trưởng phòng vận hành / Call Center Manager,TOFU,SUPPORTING,1200-2000,Tổng Đài IP Và Những Điều Cần Biết Trước Khi Lắp Đặt?,Cloud Call Center|/lien-he/ ; Gcalls Plus Webphone|/gcalls-plus-webphone/,10727 | 13378 | 13409,"CUSTOM_DIAGRAM_REQUIRED — 1600x900, new asset, brand #673ab7",1-3 new assets; see editorial-image-map.csv,No blocked claim permitted; figures require Product evidence,P1,Batch 2,DRAFT_NOT_WRITTEN,"Topic on-target; legacy root URL preserved, article written 100% new"
215,15870,Nhân Viên Hỗ Trợ Khách Hàng - Chìa Khóa Thành Công Của Doanh Nghiệp,nhan-vien-ho-tro-khach-hang-chia-khoa-thanh-cong-cua-doanh-nghiep,https://gcalls.co/nhan-vien-ho-tro-khach-hang-chia-khoa-thanh-cong-cua-doanh-nghiep/,PUBLISH,REBUILD_UPDATE_TOPIC,,Nhân Viên Hỗ Trợ Khách Hàng - Chìa Khóa Thành Công Của Doanh Nghiệp,nhan-vien-ho-tro-khach-hang-chia-khoa-thanh-cong-cua-doanh-nghiep,/nhan-vien-ho-tro-khach-hang-chia-khoa-thanh-cong-cua-doanh-nghiep/,HUB-11 Vận hành doanh nghiệp,Vận hành doanh nghiệp,nhân viên hỗ trợ khách,TO_BE_SET_AT_AUTHORING,informational-general,Chủ doanh nghiệp / Quản lý,TOFU,SUPPORTING,"('NARROW', '900-1200')",Nhân Viên Hỗ Trợ Khách Hàng - Chìa Khóa Thành Công Của Doanh Nghiệp?,Gcalls Plus Webphone|/gcalls-plus-webphone/,2261 | 2665 | 2738,"EDITORIAL_ILLUSTRATION_REQUIRED — 1600x900, new asset, brand #673ab7",1-3 new assets; see editorial-image-map.csv,No blocked claim permitted; figures require Product evidence,P2,Batch 10,DRAFT_NOT_WRITTEN,Topic re-scoped to Gcalls ICP; article written 100% new
216,15884,Dịch Vụ Tổng Đài Đám Mây Cho Start-Up,dich-vu-tong-dai-dam-may-cho-start-up,https://gcalls.co/dich-vu-tong-dai-dam-may-cho-start-up/,PUBLISH,REBUILD_KEEP_URL,,Dịch Vụ Tổng Đài Đám Mây Cho Start-Up,dich-vu-tong-dai-dam-may-cho-start-up,/dich-vu-tong-dai-dam-may-cho-start-up/,HUB-01 Tổng đài và Call Center,Tổng đài và Call Center,dịch vụ tổng đài đám,TO_BE_SET_AT_AUTHORING,informational-general,Trưởng phòng vận hành / Call Center Manager,TOFU,SUPPORTING,1200-2000,Dịch Vụ Tổng Đài Đám Mây Cho Start-Up?,Cloud Call Center|/lien-he/ ; Gcalls Plus Webphone|/gcalls-plus-webphone/,10727 | 13378 | 13409,"CUSTOM_DIAGRAM_REQUIRED — 1600x900, new asset, brand #673ab7",1-3 new assets; see editorial-image-map.csv,No blocked claim permitted; figures require Product evidence,P1,Batch 2,DRAFT_NOT_WRITTEN,"Topic on-target; legacy root URL preserved, article written 100% new"
217,15904,8 Bước Bán Hàng Cơ Bản Và Hiệu Quả Cho Nhân Viên Sales,8-buoc-ban-hang-co-ban-va-hieu-qua-cho-nhan-vien-sales,https://gcalls.co/8-buoc-ban-hang-co-ban-va-hieu-qua-cho-nhan-vien-sales/,PUBLISH,REBUILD_KEEP_URL,,8 Bước Bán Hàng Cơ Bản Và Hiệu Quả Cho Nhân Viên Sales,8-buoc-ban-hang-co-ban-va-hieu-qua-cho-nhan-vien-sales,/8-buoc-ban-hang-co-ban-va-hieu-qua-cho-nhan-vien-sales/,HUB-04 Telesales và Sales Operations,Telesales và Sales Operations,bước bán hàng cơ bản,TO_BE_SET_AT_AUTHORING,informational-howto,Telesales Leader / Sales Manager,TOFU,SUPPORTING,1200-2000,8 Bước Bán Hàng Cơ Bản Và Hiệu Quả Cho Nhân Viên Sales?,Gcalls Plus Webphone|/gcalls-plus-webphone/ ; Tổng đài tích hợp CRM|/tong-dai-tich-hop-crm/,1617 | 2684 | 2761,"EDITORIAL_ILLUSTRATION_REQUIRED — 1600x900, new asset, brand #673ab7",1-3 new assets; see editorial-image-map.csv,No blocked claim permitted; figures require Product evidence,P1,Batch 8,DRAFT_NOT_WRITTEN,"Topic on-target; legacy root URL preserved, article written 100% new"
218,15916,Cách Gọi Sale Hiệu Quả Có Thể Bạn Không Biết,cach-goi-sale-hieu-qua-co-the-ban-khong-biet,https://gcalls.co/cach-goi-sale-hieu-qua-co-the-ban-khong-biet/,PUBLISH,REBUILD_KEEP_URL,,Cách Gọi Sale Hiệu Quả Có Thể Bạn Không Biết,cach-goi-sale-hieu-qua-co-the-ban-khong-biet,/cach-goi-sale-hieu-qua-co-the-ban-khong-biet/,HUB-04 Telesales và Sales Operations,Telesales và Sales Operations,gọi sale hiệu quả thể,TO_BE_SET_AT_AUTHORING,informational-howto,Telesales Leader / Sales Manager,TOFU,SUPPORTING,1200-2000,Cách Gọi Sale Hiệu Quả Có Thể Bạn Không Biết?,Gcalls Plus Webphone|/gcalls-plus-webphone/ ; Tổng đài tích hợp CRM|/tong-dai-tich-hop-crm/,1617 | 2684 | 2761,"EDITORIAL_ILLUSTRATION_REQUIRED — 1600x900, new asset, brand #673ab7",1-3 new assets; see editorial-image-map.csv,No blocked claim permitted; figures require Product evidence,P1,Batch 8,DRAFT_NOT_WRITTEN,"Topic on-target; legacy root URL preserved, article written 100% new"
219,15926,Cách Telesale Cho Người Mới Bắt Đầu,cach-telesale-cho-nguoi-moi-bat-dau,https://gcalls.co/cach-telesale-cho-nguoi-moi-bat-dau/,PUBLISH,REBUILD_KEEP_URL,,Cách Telesale Cho Người Mới Bắt Đầu,cach-telesale-cho-nguoi-moi-bat-dau,/cach-telesale-cho-nguoi-moi-bat-dau/,HUB-04 Telesales và Sales Operations,Telesales và Sales Operations,telesale người bắt đầu,TO_BE_SET_AT_AUTHORING,informational-howto,Telesales Leader / Sales Manager,TOFU,SUPPORTING,1200-2000,Cách Telesale Cho Người Mới Bắt Đầu?,Gcalls Plus Webphone|/gcalls-plus-webphone/ ; Tổng đài tích hợp CRM|/tong-dai-tich-hop-crm/,1617 | 2684 | 2761,"EDITORIAL_ILLUSTRATION_REQUIRED — 1600x900, new asset, brand #673ab7",1-3 new assets; see editorial-image-map.csv,No blocked claim permitted; figures require Product evidence,P1,Batch 8,DRAFT_NOT_WRITTEN,"Topic on-target; legacy root URL preserved, article written 100% new"
220,15943,Chương Trình Chăm Sóc Khách Hàng Tối Ưu Nhất,chuong-trinh-cham-soc-khach-hang-toi-uu-nhat,https://gcalls.co/chuong-trinh-cham-soc-khach-hang-toi-uu-nhat/,PUBLISH,REBUILD_KEEP_URL,,Chương Trình Chăm Sóc Khách Hàng Tối Ưu Nhất,chuong-trinh-cham-soc-khach-hang-toi-uu-nhat,/chuong-trinh-cham-soc-khach-hang-toi-uu-nhat/,HUB-05 Customer Service và Customer Experience,Customer Service và Customer Experience,chương trình chăm sóc khách,TO_BE_SET_AT_AUTHORING,informational-general,Quản lý CSKH,TOFU,SUPPORTING,1200-2000,Chương Trình Chăm Sóc Khách Hàng Tối Ưu Nhất?,Gcalls CX|/gcalls-cx/ ; Tổng đài tích hợp Helpdesk|/tong-dai-tich-hop-helpdesk/,2400 | 2695 | 2752,"EDITORIAL_ILLUSTRATION_REQUIRED — 1600x900, new asset, brand #673ab7",1-3 new assets; see editorial-image-map.csv,No blocked claim permitted; figures require Product evidence,P1,Batch 7,DRAFT_NOT_WRITTEN,"Topic on-target; legacy root URL preserved, article written 100% new"
221,15982,Quản Lý Quan Hệ Khách Hàng Trong Doanh Nghiệp,quan-ly-quan-he-khach-hang,https://gcalls.co/quan-ly-quan-he-khach-hang/,PUBLISH,REBUILD_UPDATE_TOPIC,,Quản Lý Quan Hệ Khách Hàng Trong Doanh Nghiệp,quan-ly-quan-he-khach-hang,/quan-ly-quan-he-khach-hang/,HUB-11 Vận hành doanh nghiệp,Vận hành doanh nghiệp,quản lý quan hệ khách,TO_BE_SET_AT_AUTHORING,informational-general,Chủ doanh nghiệp / Quản lý,TOFU,SUPPORTING,1200-2000,Quản Lý Quan Hệ Khách Hàng Trong Doanh Nghiệp?,Gcalls Plus Webphone|/gcalls-plus-webphone/,2261 | 2665 | 2738,"EDITORIAL_ILLUSTRATION_REQUIRED — 1600x900, new asset, brand #673ab7",1-3 new assets; see editorial-image-map.csv,No blocked claim permitted; figures require Product evidence,P2,Batch 10,DRAFT_NOT_WRITTEN,Topic re-scoped to Gcalls ICP; article written 100% new
222,15993,Phương Pháp Quản Lý Telesale Hiệu Quả,phuong-phap-quan-ly-telesale-hieu-qua,https://gcalls.co/phuong-phap-quan-ly-telesale-hieu-qua/,PUBLISH,REBUILD_KEEP_URL,,Phương Pháp Quản Lý Telesale Hiệu Quả,phuong-phap-quan-ly-telesale-hieu-qua,/phuong-phap-quan-ly-telesale-hieu-qua/,HUB-04 Telesales và Sales Operations,Telesales và Sales Operations,phương pháp quản lý telesale,TO_BE_SET_AT_AUTHORING,informational-general,Telesales Leader / Sales Manager,TOFU,SUPPORTING,1200-2000,Phương Pháp Quản Lý Telesale Hiệu Quả?,Gcalls Plus Webphone|/gcalls-plus-webphone/ ; Tổng đài tích hợp CRM|/tong-dai-tich-hop-crm/,1617 | 2684 | 2761,"EDITORIAL_ILLUSTRATION_REQUIRED — 1600x900, new asset, brand #673ab7",1-3 new assets; see editorial-image-map.csv,No blocked claim permitted; figures require Product evidence,P1,Batch 8,DRAFT_NOT_WRITTEN,"Topic on-target; legacy root URL preserved, article written 100% new"
223,16005,Hệ Thống Chăm Sóc Khách Hàng: Lợi Ích Và 6 Tính Năng,he-thong-cham-soc-khach-hang-loi-ich-va-6-tinh-nang,https://gcalls.co/he-thong-cham-soc-khach-hang-loi-ich-va-6-tinh-nang/,PUBLISH,REBUILD_KEEP_URL,,Hệ Thống Chăm Sóc Khách Hàng: Lợi Ích Và 6 Tính Năng,he-thong-cham-soc-khach-hang-loi-ich-va-6-tinh-nang,/he-thong-cham-soc-khach-hang-loi-ich-va-6-tinh-nang/,HUB-05 Customer Service và Customer Experience,Customer Service và Customer Experience,hệ thống chăm sóc khách,TO_BE_SET_AT_AUTHORING,informational-general,Quản lý CSKH,TOFU,SUPPORTING,1200-2000,Hệ Thống Chăm Sóc Khách Hàng: Lợi Ích Và 6 Tính Năng?,Gcalls CX|/gcalls-cx/ ; Tổng đài tích hợp Helpdesk|/tong-dai-tich-hop-helpdesk/,2400 | 2695 | 2752,"EDITORIAL_ILLUSTRATION_REQUIRED — 1600x900, new asset, brand #673ab7",1-3 new assets; see editorial-image-map.csv,No blocked claim permitted; figures require Product evidence,P1,Batch 7,DRAFT_NOT_WRITTEN,"Topic on-target; legacy root URL preserved, article written 100% new"
224,16018,Đăng Ký Tổng Đài Ảo: Giải Pháp Chăm Sóc Khách Hàng Hiệu Quả,dang-ky-tong-dai-ao-giai-phap-cham-soc-khach-hang-hieu-qua,https://gcalls.co/dang-ky-tong-dai-ao-giai-phap-cham-soc-khach-hang-hieu-qua/,PUBLISH,REBUILD_KEEP_URL,,Đăng Ký Tổng Đài Ảo: Giải Pháp Chăm Sóc Khách Hàng Hiệu Quả,dang-ky-tong-dai-ao-giai-phap-cham-soc-khach-hang-hieu-qua,/dang-ky-tong-dai-ao-giai-phap-cham-soc-khach-hang-hieu-qua/,HUB-01 Tổng đài và Call Center,Tổng đài và Call Center,đăng ký tổng đài ảo,TO_BE_SET_AT_AUTHORING,informational-general,Trưởng phòng vận hành / Call Center Manager,TOFU,SUPPORTING,1200-2000,Đăng Ký Tổng Đài Ảo: Giải Pháp Chăm Sóc Khách Hàng Hiệu Quả?,Cloud Call Center|/lien-he/ ; Gcalls Plus Webphone|/gcalls-plus-webphone/,10727 | 13378 | 13409,"CUSTOM_DIAGRAM_REQUIRED — 1600x900, new asset, brand #673ab7",1-3 new assets; see editorial-image-map.csv,No blocked claim permitted; figures require Product evidence,P1,Batch 2,DRAFT_NOT_WRITTEN,"Topic on-target; legacy root URL preserved, article written 100% new"
225,16022,Cách Gọi Telesale Hiệu Quả Mà Bạn Chưa Biết,cach-goi-telesale-hieu-qua-ma-ban-chua-biet,https://gcalls.co/cach-goi-telesale-hieu-qua-ma-ban-chua-biet/,PUBLISH,REBUILD_KEEP_URL,,Cách Gọi Telesale Hiệu Quả Mà Bạn Chưa Biết,cach-goi-telesale-hieu-qua-ma-ban-chua-biet,/cach-goi-telesale-hieu-qua-ma-ban-chua-biet/,HUB-04 Telesales và Sales Operations,Telesales và Sales Operations,gọi telesale hiệu quả mà,TO_BE_SET_AT_AUTHORING,informational-howto,Telesales Leader / Sales Manager,TOFU,SUPPORTING,1200-2000,Cách Gọi Telesale Hiệu Quả Mà Bạn Chưa Biết?,Gcalls Plus Webphone|/gcalls-plus-webphone/ ; Tổng đài tích hợp CRM|/tong-dai-tich-hop-crm/,1617 | 2684 | 2761,"EDITORIAL_ILLUSTRATION_REQUIRED — 1600x900, new asset, brand #673ab7",1-3 new assets; see editorial-image-map.csv,No blocked claim permitted; figures require Product evidence,P1,Batch 8,DRAFT_NOT_WRITTEN,"Topic on-target; legacy root URL preserved, article written 100% new"
226,16035,8 Cách Nâng Cao Trải Nghiệm Dịch Vụ Khách Hàng,8-cach-nang-cao-trai-nghiem-dich-vu-khach-hang,https://gcalls.co/8-cach-nang-cao-trai-nghiem-dich-vu-khach-hang/,PUBLISH,REBUILD_KEEP_URL,,8 Cách Nâng Cao Trải Nghiệm Dịch Vụ Khách Hàng,8-cach-nang-cao-trai-nghiem-dich-vu-khach-hang,/8-cach-nang-cao-trai-nghiem-dich-vu-khach-hang/,HUB-05 Customer Service và Customer Experience,Customer Service và Customer Experience,nâng cao trải nghiệm dịch,TO_BE_SET_AT_AUTHORING,informational-howto,Quản lý CSKH,TOFU,SUPPORTING,1200-2000,8 Cách Nâng Cao Trải Nghiệm Dịch Vụ Khách Hàng?,Gcalls CX|/gcalls-cx/ ; Tổng đài tích hợp Helpdesk|/tong-dai-tich-hop-helpdesk/,2400 | 2695 | 2752,"EDITORIAL_ILLUSTRATION_REQUIRED — 1600x900, new asset, brand #673ab7",1-3 new assets; see editorial-image-map.csv,No blocked claim permitted; figures require Product evidence,P1,Batch 7,DRAFT_NOT_WRITTEN,"Topic on-target; legacy root URL preserved, article written 100% new"
227,16095,"Hệ Thống Quản Lý Khách Hàng Trong Nhà Hàng, Khách Sạn",he-thong-quan-ly-khach-hang-trong-nha-hang-khach-san,https://gcalls.co/he-thong-quan-ly-khach-hang-trong-nha-hang-khach-san/,PUBLISH,REBUILD_UPDATE_TOPIC,,"Hệ Thống Quản Lý Khách Hàng Trong Nhà Hàng, Khách Sạn",he-thong-quan-ly-khach-hang-trong-nha-hang-khach-san,/he-thong-quan-ly-khach-hang-trong-nha-hang-khach-san/,HUB-11 Vận hành doanh nghiệp,Vận hành doanh nghiệp,hệ thống quản lý khách,TO_BE_SET_AT_AUTHORING,informational-general,Chủ doanh nghiệp / Quản lý,TOFU,SUPPORTING,1200-2000,"Hệ Thống Quản Lý Khách Hàng Trong Nhà Hàng, Khách Sạn?",Gcalls Plus Webphone|/gcalls-plus-webphone/,2261 | 2665 | 2738,"EDITORIAL_ILLUSTRATION_REQUIRED — 1600x900, new asset, brand #673ab7",1-3 new assets; see editorial-image-map.csv,No blocked claim permitted; figures require Product evidence,P2,Batch 10,DRAFT_NOT_WRITTEN,Topic re-scoped to Gcalls ICP; article written 100% new
228,16109,Chú Ý Khi Xây Dựng Sơ Đồ Quy Trình Chăm Sóc Khách Hàng,chu-y-khi-xay-dung-so-do-quy-trinh-cham-soc-khach-hang,https://gcalls.co/chu-y-khi-xay-dung-so-do-quy-trinh-cham-soc-khach-hang/,PUBLISH,REBUILD_KEEP_URL,,Chú Ý Khi Xây Dựng Sơ Đồ Quy Trình Chăm Sóc Khách Hàng,chu-y-khi-xay-dung-so-do-quy-trinh-cham-soc-khach-hang,/chu-y-khi-xay-dung-so-do-quy-trinh-cham-soc-khach-hang/,HUB-05 Customer Service và Customer Experience,Customer Service và Customer Experience,chú ý xây dựng sơ,TO_BE_SET_AT_AUTHORING,informational-howto,Quản lý CSKH,TOFU,SUPPORTING,1200-2000,Chú Ý Khi Xây Dựng Sơ Đồ Quy Trình Chăm Sóc Khách Hàng?,Gcalls CX|/gcalls-cx/ ; Tổng đài tích hợp Helpdesk|/tong-dai-tich-hop-helpdesk/,2400 | 2695 | 2752,"EDITORIAL_ILLUSTRATION_REQUIRED — 1600x900, new asset, brand #673ab7",1-3 new assets; see editorial-image-map.csv,No blocked claim permitted; figures require Product evidence,P1,Batch 7,DRAFT_NOT_WRITTEN,"Topic on-target; legacy root URL preserved, article written 100% new"
229,16131,Phần Mềm Quản Lý Khách Hàng Miễn Phí Cho Doanh Nghiệp,phan-mem-quan-ly-khach-hang-mien-phi,https://gcalls.co/phan-mem-quan-ly-khach-hang-mien-phi/,PUBLISH,REBUILD_UPDATE_TOPIC,,Phần Mềm Quản Lý Khách Hàng Miễn Phí Cho Doanh Nghiệp,phan-mem-quan-ly-khach-hang-mien-phi,/phan-mem-quan-ly-khach-hang-mien-phi/,HUB-11 Vận hành doanh nghiệp,Vận hành doanh nghiệp,mềm quản lý khách hàng,TO_BE_SET_AT_AUTHORING,informational-general,Chủ doanh nghiệp / Quản lý,TOFU,SUPPORTING,1200-2000,Phần Mềm Quản Lý Khách Hàng Miễn Phí Cho Doanh Nghiệp?,Gcalls Plus Webphone|/gcalls-plus-webphone/,2261 | 2665 | 2738,"EDITORIAL_ILLUSTRATION_REQUIRED — 1600x900, new asset, brand #673ab7",1-3 new assets; see editorial-image-map.csv,No blocked claim permitted; figures require Product evidence,P2,Batch 10,DRAFT_NOT_WRITTEN,Topic re-scoped to Gcalls ICP; article written 100% new
230,16145,Phương Pháp Chăm Sóc Khách Hàng Hiệu Quả Nhất Hiện Nay,phuong-phap-cham-soc-khach-hang-hieu-qua,https://gcalls.co/phuong-phap-cham-soc-khach-hang-hieu-qua/,PUBLISH,REBUILD_KEEP_URL,,Phương Pháp Chăm Sóc Khách Hàng Hiệu Quả Nhất Hiện Nay,phuong-phap-cham-soc-khach-hang-hieu-qua,/phuong-phap-cham-soc-khach-hang-hieu-qua/,HUB-05 Customer Service và Customer Experience,Customer Service và Customer Experience,phương pháp chăm sóc khách,TO_BE_SET_AT_AUTHORING,informational-general,Quản lý CSKH,TOFU,SUPPORTING,1200-2000,Phương Pháp Chăm Sóc Khách Hàng Hiệu Quả Nhất Hiện Nay?,Gcalls CX|/gcalls-cx/ ; Tổng đài tích hợp Helpdesk|/tong-dai-tich-hop-helpdesk/,2400 | 2695 | 2752,"EDITORIAL_ILLUSTRATION_REQUIRED — 1600x900, new asset, brand #673ab7",1-3 new assets; see editorial-image-map.csv,No blocked claim permitted; figures require Product evidence,P1,Batch 7,DRAFT_NOT_WRITTEN,"Topic on-target; legacy root URL preserved, article written 100% new"
231,16176,Nâng Cao Chất Lượng Nguồn Nhân Lực Trong Doanh Nghiệp,nang-cao-chat-luong-nguon-nhan-luc,https://gcalls.co/nang-cao-chat-luong-nguon-nhan-luc/,PUBLISH,REBUILD_UPDATE_TOPIC,,Nâng Cao Chất Lượng Nguồn Nhân Lực Trong Doanh Nghiệp,nang-cao-chat-luong-nguon-nhan-luc,/nang-cao-chat-luong-nguon-nhan-luc/,HUB-11 Vận hành doanh nghiệp,Vận hành doanh nghiệp,nâng cao chất lượng nguồn,TO_BE_SET_AT_AUTHORING,informational-general,Chủ doanh nghiệp / Quản lý,TOFU,SUPPORTING,1200-2000,Nâng Cao Chất Lượng Nguồn Nhân Lực Trong Doanh Nghiệp?,Gcalls Plus Webphone|/gcalls-plus-webphone/,2261 | 2665 | 2738,"EDITORIAL_ILLUSTRATION_REQUIRED — 1600x900, new asset, brand #673ab7",1-3 new assets; see editorial-image-map.csv,No blocked claim permitted; figures require Product evidence,P2,Batch 10,DRAFT_NOT_WRITTEN,Topic re-scoped to Gcalls ICP; article written 100% new
232,16180,Xây Dựng Chiến Lược Marketing Hiệu Quả Như Thế Nào?,xay-dung-chien-luoc-marketing-hieu-qua-nhu-the-nao,https://gcalls.co/xay-dung-chien-luoc-marketing-hieu-qua-nhu-the-nao/,PUBLISH,REBUILD_UPDATE_TOPIC,,Xây Dựng Chiến Lược Marketing Hiệu Quả Như Thế Nào?,xay-dung-chien-luoc-marketing-hieu-qua-nhu-the-nao,/xay-dung-chien-luoc-marketing-hieu-qua-nhu-the-nao/,HUB-11 Vận hành doanh nghiệp,Vận hành doanh nghiệp,xây dựng chiến lược marketing,TO_BE_SET_AT_AUTHORING,informational-general,Chủ doanh nghiệp / Quản lý,TOFU,SUPPORTING,"('NARROW', '900-1200')",Xây Dựng Chiến Lược Marketing Hiệu Quả Như Thế Nào?,Gcalls Plus Webphone|/gcalls-plus-webphone/,2261 | 2665 | 2738,"EDITORIAL_ILLUSTRATION_REQUIRED — 1600x900, new asset, brand #673ab7",1-3 new assets; see editorial-image-map.csv,No blocked claim permitted; figures require Product evidence,P2,Batch 10,DRAFT_NOT_WRITTEN,Topic re-scoped to Gcalls ICP; article written 100% new
233,16201,9 Ý Tưởng Khởi Nghiệp Tuyệt Vời Cho Bạn,9-y-tuong-khoi-nghiep-tuyet-voi-cho-ban,https://gcalls.co/9-y-tuong-khoi-nghiep-tuyet-voi-cho-ban/,PUBLISH,REBUILD_UPDATE_TOPIC,,9 Ý Tưởng Khởi Nghiệp Tuyệt Vời Cho Bạn,9-y-tuong-khoi-nghiep-tuyet-voi-cho-ban,/9-y-tuong-khoi-nghiep-tuyet-voi-cho-ban/,HUB-11 Vận hành doanh nghiệp,Vận hành doanh nghiệp,ý tưởng khởi tuyệt vời,TO_BE_SET_AT_AUTHORING,informational-general,Chủ doanh nghiệp / Quản lý,TOFU,SUPPORTING,1200-2000,9 Ý Tưởng Khởi Nghiệp Tuyệt Vời Cho Bạn?,Gcalls Plus Webphone|/gcalls-plus-webphone/,2261 | 2665 | 2738,"EDITORIAL_ILLUSTRATION_REQUIRED — 1600x900, new asset, brand #673ab7",1-3 new assets; see editorial-image-map.csv,No blocked claim permitted; figures require Product evidence,P2,Batch 10,DRAFT_NOT_WRITTEN,Topic re-scoped to Gcalls ICP; article written 100% new
234,16202,8 Phương Pháp Tiếp Cận Khách Hàng Hiệu Quả,8-phuong-phap-tiep-can-khach-hang-hieu-qua,https://gcalls.co/8-phuong-phap-tiep-can-khach-hang-hieu-qua/,PUBLISH,REBUILD_UPDATE_TOPIC,,8 Phương Pháp Tiếp Cận Khách Hàng Hiệu Quả,8-phuong-phap-tiep-can-khach-hang-hieu-qua,/8-phuong-phap-tiep-can-khach-hang-hieu-qua/,HUB-11 Vận hành doanh nghiệp,Vận hành doanh nghiệp,phương pháp tiếp cận khách,TO_BE_SET_AT_AUTHORING,informational-general,Chủ doanh nghiệp / Quản lý,TOFU,SUPPORTING,1200-2000,8 Phương Pháp Tiếp Cận Khách Hàng Hiệu Quả?,Gcalls Plus Webphone|/gcalls-plus-webphone/,2261 | 2665 | 2738,"EDITORIAL_ILLUSTRATION_REQUIRED — 1600x900, new asset, brand #673ab7",1-3 new assets; see editorial-image-map.csv,No blocked claim permitted; figures require Product evidence,P2,Batch 10,DRAFT_NOT_WRITTEN,Topic re-scoped to Gcalls ICP; article written 100% new
235,16240,Xác Định Khách Hàng Mục Tiêu: Vai Trò & Cách Xác Định,xac-dinh-khach-hang-muc-tieu-vai-tro-cach-xac-dinh,https://gcalls.co/xac-dinh-khach-hang-muc-tieu-vai-tro-cach-xac-dinh/,PUBLISH,REBUILD_UPDATE_TOPIC,,Xác Định Khách Hàng Mục Tiêu: Vai Trò & Cách Xác Định,xac-dinh-khach-hang-muc-tieu-vai-tro-cach-xac-dinh,/xac-dinh-khach-hang-muc-tieu-vai-tro-cach-xac-dinh/,HUB-11 Vận hành doanh nghiệp,Vận hành doanh nghiệp,xác định khách hàng mục,TO_BE_SET_AT_AUTHORING,informational-howto,Chủ doanh nghiệp / Quản lý,TOFU,SUPPORTING,1200-2000,Xác Định Khách Hàng Mục Tiêu: Vai Trò & Cách Xác Định?,Gcalls Plus Webphone|/gcalls-plus-webphone/,2261 | 2665 | 2738,"EDITORIAL_ILLUSTRATION_REQUIRED — 1600x900, new asset, brand #673ab7",1-3 new assets; see editorial-image-map.csv,No blocked claim permitted; figures require Product evidence,P2,Batch 10,DRAFT_NOT_WRITTEN,Topic re-scoped to Gcalls ICP; article written 100% new
236,16252,Mục Tiêu SMART Là Gì? Ví Dụ Và Cách Đặt Mục Tiêu SMART,muc-tieu-smart-la-gi-vi-du-va-cach-dat-muc-tieu-smart,https://gcalls.co/muc-tieu-smart-la-gi-vi-du-va-cach-dat-muc-tieu-smart/,PUBLISH,REBUILD_UPDATE_TOPIC,,Mục Tiêu SMART Là Gì? Ví Dụ Và Cách Đặt Mục Tiêu SMART,muc-tieu-smart-la-gi-vi-du-va-cach-dat-muc-tieu-smart,/muc-tieu-smart-la-gi-vi-du-va-cach-dat-muc-tieu-smart/,HUB-11 Vận hành doanh nghiệp,Vận hành doanh nghiệp,mục tiêu smart ví dụ,TO_BE_SET_AT_AUTHORING,informational-definition,Chủ doanh nghiệp / Quản lý,TOFU,SUPPORTING,1200-2000,Mục Tiêu SMART Là Gì? Ví Dụ Và Cách Đặt Mục Tiêu SMART?,Gcalls Plus Webphone|/gcalls-plus-webphone/,2261 | 2665 | 2738,"EDITORIAL_ILLUSTRATION_REQUIRED — 1600x900, new asset, brand #673ab7",1-3 new assets; see editorial-image-map.csv,No blocked claim permitted; figures require Product evidence,P2,Batch 10,DRAFT_NOT_WRITTEN,Topic re-scoped to Gcalls ICP; article written 100% new
237,16254,5 Bước Lập Kế Hoạch Marketing Hiệu Quả Cho Doanh Nghiệp,5-buoc-lap-ke-hoach-marketing-hieu-qua-cho-doanh-nghiep,https://gcalls.co/5-buoc-lap-ke-hoach-marketing-hieu-qua-cho-doanh-nghiep/,PUBLISH,REBUILD_UPDATE_TOPIC,,5 Bước Lập Kế Hoạch Marketing Hiệu Quả Cho Doanh Nghiệp,5-buoc-lap-ke-hoach-marketing-hieu-qua-cho-doanh-nghiep,/5-buoc-lap-ke-hoach-marketing-hieu-qua-cho-doanh-nghiep/,HUB-11 Vận hành doanh nghiệp,Vận hành doanh nghiệp,bước lập kế hoạch marketing,TO_BE_SET_AT_AUTHORING,informational-howto,Chủ doanh nghiệp / Quản lý,TOFU,SUPPORTING,1200-2000,5 Bước Lập Kế Hoạch Marketing Hiệu Quả Cho Doanh Nghiệp?,Gcalls Plus Webphone|/gcalls-plus-webphone/,2261 | 2665 | 2738,"EDITORIAL_ILLUSTRATION_REQUIRED — 1600x900, new asset, brand #673ab7",1-3 new assets; see editorial-image-map.csv,No blocked claim permitted; figures require Product evidence,P2,Batch 10,DRAFT_NOT_WRITTEN,Topic re-scoped to Gcalls ICP; article written 100% new
238,16257,Xác Định Ngân Sách Marketing Như Thế Nào?,xac-dinh-ngan-sach-marketing-nhu-the-nao,https://gcalls.co/xac-dinh-ngan-sach-marketing-nhu-the-nao/,PUBLISH,REBUILD_UPDATE_TOPIC,,Xác Định Ngân Sách Marketing Như Thế Nào?,xac-dinh-ngan-sach-marketing-nhu-the-nao,/xac-dinh-ngan-sach-marketing-nhu-the-nao/,HUB-11 Vận hành doanh nghiệp,Vận hành doanh nghiệp,xác định ngân sách marketing,TO_BE_SET_AT_AUTHORING,informational-general,Chủ doanh nghiệp / Quản lý,TOFU,SUPPORTING,"('NARROW', '900-1200')",Xác Định Ngân Sách Marketing Như Thế Nào?,Gcalls Plus Webphone|/gcalls-plus-webphone/,2261 | 2665 | 2738,"EDITORIAL_ILLUSTRATION_REQUIRED — 1600x900, new asset, brand #673ab7",1-3 new assets; see editorial-image-map.csv,No blocked claim permitted; figures require Product evidence,P2,Batch 10,DRAFT_NOT_WRITTEN,Topic re-scoped to Gcalls ICP; article written 100% new
239,16271,Nhà Đầu Tư Thiên Thần - Cứu Tinh Của Start Up,nha-dau-tu-thien-than-cuu-tinh-cua-start-up,https://gcalls.co/nha-dau-tu-thien-than-cuu-tinh-cua-start-up/,PUBLISH,REBUILD_KEEP_URL,,Nhà Đầu Tư Thiên Thần - Cứu Tinh Của Start Up,nha-dau-tu-thien-than-cuu-tinh-cua-start-up,/nha-dau-tu-thien-than-cuu-tinh-cua-start-up/,"HUB-08 Voicebot, AI và tự động hóa","Voicebot, AI và tự động hóa",nhà đầu tư thiên thần,TO_BE_SET_AT_AUTHORING,informational-general,Giám đốc vận hành / Chuyển đổi số,TOFU,PILLAR,2000-3000,Nhà Đầu Tư Thiên Thần - Cứu Tinh Của Start Up?,Giải pháp tích hợp Voicebot AI|/voicebot-ai/ ; QA/QC Center|/qc-bot-ai/,12770 | 14292,"CUSTOM_DIAGRAM_REQUIRED — 1600x900, new asset, brand #673ab7",1-3 new assets; see editorial-image-map.csv,No blocked claim permitted; figures require Product evidence,P0,Batch 1,DRAFT_NOT_WRITTEN,"Topic on-target; legacy root URL preserved, article written 100% new"
240,16284,9 Bước Lập Kế Hoạch Digital Marketing,9-buoc-lap-ke-hoach-digital-marketing,https://gcalls.co/9-buoc-lap-ke-hoach-digital-marketing/,PUBLISH,REBUILD_UPDATE_TOPIC,,9 Bước Lập Kế Hoạch Digital Marketing,9-buoc-lap-ke-hoach-digital-marketing,/9-buoc-lap-ke-hoach-digital-marketing/,HUB-11 Vận hành doanh nghiệp,Vận hành doanh nghiệp,bước lập kế hoạch digital,TO_BE_SET_AT_AUTHORING,informational-howto,Chủ doanh nghiệp / Quản lý,TOFU,SUPPORTING,"('NARROW', '900-1200')",9 Bước Lập Kế Hoạch Digital Marketing?,Gcalls Plus Webphone|/gcalls-plus-webphone/,2261 | 2665 | 2738,"EDITORIAL_ILLUSTRATION_REQUIRED — 1600x900, new asset, brand #673ab7",1-3 new assets; see editorial-image-map.csv,No blocked claim permitted; figures require Product evidence,P2,Batch 10,DRAFT_NOT_WRITTEN,Topic re-scoped to Gcalls ICP; article written 100% new
241,16324,Tự Ghi Âm Cuộc Gọi Và Cách Hướng Dẫn Cài,tu-ghi-am-cuoc-goi-va-cach-huong-dan-cai,https://gcalls.co/tu-ghi-am-cuoc-goi-va-cach-huong-dan-cai/,PUBLISH,REBUILD_KEEP_URL,,Tự Ghi Âm Cuộc Gọi Và Cách Hướng Dẫn Cài,tu-ghi-am-cuoc-goi-va-cach-huong-dan-cai,/tu-ghi-am-cuoc-goi-va-cach-huong-dan-cai/,HUB-07 QA/QC và quản trị chất lượng,QA/QC và quản trị chất lượng,tự ghi âm cuộc gọi,TO_BE_SET_AT_AUTHORING,informational-howto,QA Lead / Trưởng nhóm chất lượng,MOFU,PILLAR,2000-3000,Tự Ghi Âm Cuộc Gọi Và Cách Hướng Dẫn Cài?,QA/QC Center|/qc-bot-ai/,2244 | 1828,"PRODUCT_SCREENSHOT_REQUIRED — 1600x900, new asset, brand #673ab7",1-3 new assets; see editorial-image-map.csv,No blocked claim permitted; figures require Product evidence,P0,Batch 1,DRAFT_NOT_WRITTEN,"Topic on-target; legacy root URL preserved, article written 100% new"
242,16329,4 Website Gọi Vốn Cộng Đồng Hiệu Quả Dành Cho Start-Up,4-website-goi-von-cong-dong-hieu-qua-danh-cho-start-up,https://gcalls.co/4-website-goi-von-cong-dong-hieu-qua-danh-cho-start-up/,PUBLISH,REBUILD_UPDATE_TOPIC,,4 Website Gọi Vốn Cộng Đồng Hiệu Quả Dành Cho Start-Up,4-website-goi-von-cong-dong-hieu-qua-danh-cho-start-up,/4-website-goi-von-cong-dong-hieu-qua-danh-cho-start-up/,HUB-11 Vận hành doanh nghiệp,Vận hành doanh nghiệp,website gọi vốn cộng đồng,TO_BE_SET_AT_AUTHORING,informational-general,Chủ doanh nghiệp / Quản lý,TOFU,SUPPORTING,1200-2000,4 Website Gọi Vốn Cộng Đồng Hiệu Quả Dành Cho Start-Up?,Gcalls Plus Webphone|/gcalls-plus-webphone/,2261 | 2665 | 2738,"EDITORIAL_ILLUSTRATION_REQUIRED — 1600x900, new asset, brand #673ab7",1-3 new assets; see editorial-image-map.csv,No blocked claim permitted; figures require Product evidence,P2,Batch 10,DRAFT_NOT_WRITTEN,Topic re-scoped to Gcalls ICP; article written 100% new
243,16348,Hướng Dẫn Khởi Nghiệp Hiệu Quả,huong-dan-khoi-nghiep-hieu-qua,https://gcalls.co/huong-dan-khoi-nghiep-hieu-qua/,PUBLISH,REBUILD_UPDATE_TOPIC,,Hướng Dẫn Khởi Nghiệp Hiệu Quả,huong-dan-khoi-nghiep-hieu-qua,/huong-dan-khoi-nghiep-hieu-qua/,HUB-11 Vận hành doanh nghiệp,Vận hành doanh nghiệp,hướng dẫn khởi hiệu quả,TO_BE_SET_AT_AUTHORING,informational-howto,Chủ doanh nghiệp / Quản lý,TOFU,SUPPORTING,1200-2000,Hướng Dẫn Khởi Nghiệp Hiệu Quả?,Gcalls Plus Webphone|/gcalls-plus-webphone/,2261 | 2665 | 2738,"EDITORIAL_ILLUSTRATION_REQUIRED — 1600x900, new asset, brand #673ab7",1-3 new assets; see editorial-image-map.csv,No blocked claim permitted; figures require Product evidence,P2,Batch 10,DRAFT_NOT_WRITTEN,Topic re-scoped to Gcalls ICP; article written 100% new
244,16376,Quản Trị Theo Mục Tiêu SMART Là Gì?,quan-tri-theo-muc-tieu-smart-la-gi,https://gcalls.co/quan-tri-theo-muc-tieu-smart-la-gi/,PUBLISH,REBUILD_UPDATE_TOPIC,,Quản Trị Theo Mục Tiêu SMART Là Gì?,quan-tri-theo-muc-tieu-smart-la-gi,/quan-tri-theo-muc-tieu-smart-la-gi/,HUB-11 Vận hành doanh nghiệp,Vận hành doanh nghiệp,quản trị theo mục tiêu,TO_BE_SET_AT_AUTHORING,informational-definition,Chủ doanh nghiệp / Quản lý,TOFU,SUPPORTING,1200-2000,Quản Trị Theo Mục Tiêu SMART Là Gì?,Gcalls Plus Webphone|/gcalls-plus-webphone/,2261 | 2665 | 2738,"EDITORIAL_ILLUSTRATION_REQUIRED — 1600x900, new asset, brand #673ab7",1-3 new assets; see editorial-image-map.csv,No blocked claim permitted; figures require Product evidence,P2,Batch 10,DRAFT_NOT_WRITTEN,Topic re-scoped to Gcalls ICP; article written 100% new
245,16389,Call Center Là Gì? Tất Tần Tật Về Call Center Mà Bạn Nên Biết,,https://gcalls.co/?p=16389,DRAFT,REBUILD_UPDATE_TOPIC,,Call Center Là Gì? Tất Tần Tật Về Call Center Mà Bạn Nên Biết,call-center-la-gi-tat-tan-tat-ve-call-center-ma-ban-nen-biet,/call-center-la-gi-tat-tan-tat-ve-call-center-ma-ban-nen-biet/,HUB-01 Tổng đài và Call Center,Tổng đài và Call Center,call center tất tần tật,TO_BE_SET_AT_AUTHORING,informational-definition,Trưởng phòng vận hành / Call Center Manager,TOFU,SUPPORTING,1200-2000,Call Center Là Gì? Tất Tần Tật Về Call Center Mà Bạn Nên Biết?,Cloud Call Center|/lien-he/ ; Gcalls Plus Webphone|/gcalls-plus-webphone/,10727 | 13378 | 13409,"CUSTOM_DIAGRAM_REQUIRED — 1600x900, new asset, brand #673ab7",1-3 new assets; see editorial-image-map.csv,No blocked claim permitted; figures require Product evidence,P1,Batch 2,DRAFT_NOT_WRITTEN,Topic re-scoped to Gcalls ICP; article written 100% new
246,16611,9 việc NÊN và KHÔNG NÊN làm trong quy trình đánh giá nhân viên,9-viec-nen-va-khong-nen-lam-trong-quy-trinh-danh-gia-nhan-vien,https://gcalls.co/9-viec-nen-va-khong-nen-lam-trong-quy-trinh-danh-gia-nhan-vien/,PUBLISH,REBUILD_UPDATE_TOPIC,,9 việc NÊN và KHÔNG NÊN làm trong quy trình đánh giá nhân viên,9-viec-nen-va-khong-nen-lam-trong-quy-trinh-danh-gia-nhan-vien,/9-viec-nen-va-khong-nen-lam-trong-quy-trinh-danh-gia-nhan-vien/,HUB-11 Vận hành doanh nghiệp,Vận hành doanh nghiệp,việc làm quy trình đánh,TO_BE_SET_AT_AUTHORING,informational-howto,Chủ doanh nghiệp / Quản lý,TOFU,SUPPORTING,1200-2000,9 việc NÊN và KHÔNG NÊN làm trong quy trình đánh giá nhân viên?,Gcalls Plus Webphone|/gcalls-plus-webphone/,2261 | 2665 | 2738,"EDITORIAL_ILLUSTRATION_REQUIRED — 1600x900, new asset, brand #673ab7",1-3 new assets; see editorial-image-map.csv,No blocked claim permitted; figures require Product evidence,P2,Batch 10,DRAFT_NOT_WRITTEN,Topic re-scoped to Gcalls ICP; article written 100% new
247,17741,Thủ thuật tăng traffic website uy tín tại trafficSEO,thu-thuat-tang-traffic-website-uy-tin-tai-trafficseo,https://gcalls.co/thu-thuat-tang-traffic-website-uy-tin-tai-trafficseo/,PUBLISH,REBUILD_UPDATE_TOPIC,,Thủ thuật tăng traffic website uy tín tại trafficSEO,thu-thuat-tang-traffic-website-uy-tin-tai-trafficseo,/thu-thuat-tang-traffic-website-uy-tin-tai-trafficseo/,HUB-11 Vận hành doanh nghiệp,Vận hành doanh nghiệp,thủ thuật tăng traffic website,TO_BE_SET_AT_AUTHORING,informational-general,Chủ doanh nghiệp / Quản lý,TOFU,SUPPORTING,"('NARROW', '900-1200')",Thủ thuật tăng traffic website uy tín tại trafficSEO?,Gcalls Plus Webphone|/gcalls-plus-webphone/,2261 | 2665 | 2738,"EDITORIAL_ILLUSTRATION_REQUIRED — 1600x900, new asset, brand #673ab7",1-3 new assets; see editorial-image-map.csv,No blocked claim permitted; figures require Product evidence,P2,Batch 10,DRAFT_NOT_WRITTEN,Topic re-scoped to Gcalls ICP; article written 100% new
248,17775,Hướng dẫn quy trình bán bất động sản: Từ thời điểm mở bán cho đến lúc ký hợp đồng,,https://gcalls.co/?p=17775,DRAFT,REBUILD_UPDATE_TOPIC,,Hướng dẫn quy trình bán bất động sản: Từ thời điểm mở bán cho đến lúc ký hợp đồng,huong-dan-quy-trinh-ban-bat-dong-san-tu-thoi-diem-mo-ban-cho-den-luc-k,/huong-dan-quy-trinh-ban-bat-dong-san-tu-thoi-diem-mo-ban-cho-den-luc-k/,HUB-04 Telesales và Sales Operations,Telesales và Sales Operations,hướng dẫn quy trình bán,TO_BE_SET_AT_AUTHORING,informational-howto,Telesales Leader / Sales Manager,TOFU,PILLAR,2000-3000,Hướng dẫn quy trình bán bất động sản: Từ thời điểm mở bán cho đến lúc ký hợp đồng?,Gcalls Plus Webphone|/gcalls-plus-webphone/ ; Tổng đài tích hợp CRM|/tong-dai-tich-hop-crm/,1617 | 2684 | 2761,"EDITORIAL_ILLUSTRATION_REQUIRED — 1600x900, new asset, brand #673ab7",1-3 new assets; see editorial-image-map.csv,No blocked claim permitted; figures require Product evidence,P3,Batch 8,DRAFT_NOT_WRITTEN,Topic re-scoped to Gcalls ICP; article written 100% new
249,17795,8 cách xử lý từ chối của khách hàng,,https://gcalls.co/?p=17795,DRAFT,REBUILD_UPDATE_TOPIC,,8 cách xử lý từ chối của khách hàng,8-cach-xu-ly-tu-choi-cua-khach-hang,/8-cach-xu-ly-tu-choi-cua-khach-hang/,HUB-04 Telesales và Sales Operations,Telesales và Sales Operations,xử lý chối khách hàng,TO_BE_SET_AT_AUTHORING,informational-howto,Telesales Leader / Sales Manager,TOFU,SUPPORTING,1200-2000,8 cách xử lý từ chối của khách hàng?,Gcalls Plus Webphone|/gcalls-plus-webphone/ ; Tổng đài tích hợp CRM|/tong-dai-tich-hop-crm/,1617 | 2684 | 2761,"EDITORIAL_ILLUSTRATION_REQUIRED — 1600x900, new asset, brand #673ab7",1-3 new assets; see editorial-image-map.csv,No blocked claim permitted; figures require Product evidence,P1,Batch 8,DRAFT_NOT_WRITTEN,Topic re-scoped to Gcalls ICP; article written 100% new
250,17802,Tiêu chí đánh giá hiệu quả bán hàng,,https://gcalls.co/?p=17802,DRAFT,MERGE_INTO_PRIMARY,1529,,,/tieu-chi-danh-gia-hieu-qua-ban-hang/,,,,,,,,,,,,,,,N/A,P3,Batch 0,N/A,Duplicate of 1529; single primary URL retained
251,17823,Vì sao nhắn tin với khách hàng là cách hiệu quả để tăng doanh số bán hàng?,,https://gcalls.co/?p=17823,DRAFT,REBUILD_UPDATE_TOPIC,,Vì sao nhắn tin với khách hàng là cách hiệu quả để tăng doanh số bán hàng?,vi-sao-nhan-tin-voi-khach-hang-la-cach-hieu-qua-de-tang-doanh-so-ban-h,/vi-sao-nhan-tin-voi-khach-hang-la-cach-hieu-qua-de-tang-doanh-so-ban-h/,HUB-04 Telesales và Sales Operations,Telesales và Sales Operations,vì nhắn tin khách hàng,TO_BE_SET_AT_AUTHORING,informational-howto,Telesales Leader / Sales Manager,TOFU,SUPPORTING,1200-2000,Vì sao nhắn tin với khách hàng là cách hiệu quả để tăng doanh số bán hàng?,Gcalls Plus Webphone|/gcalls-plus-webphone/ ; Tổng đài tích hợp CRM|/tong-dai-tich-hop-crm/,1617 | 2684 | 2761,"EDITORIAL_ILLUSTRATION_REQUIRED — 1600x900, new asset, brand #673ab7",1-3 new assets; see editorial-image-map.csv,No blocked claim permitted; figures require Product evidence,P1,Batch 8,DRAFT_NOT_WRITTEN,Topic re-scoped to Gcalls ICP; article written 100% new
252,17827,Chỉ số CSAT là gì và cách đo lường chỉ số này trong dịch vụ khách hàng?,,https://gcalls.co/?p=17827,DRAFT,MERGE_INTO_PRIMARY,2539,,,/chi-so-csat-la-gi-va-cach-do-luong-chi-so-nay-trong-dich-vu-khach-hang/,,,,,,,,,,,,,,,N/A,P3,Batch 0,N/A,Duplicate of 2539; single primary URL retained
253,17832,Làm thế nào để kết nối 2 bộ phận bán hàng và dịch vụ khách hàng trong doanh nghiệp?,,https://gcalls.co/?p=17832,DRAFT,MERGE_INTO_PRIMARY,2761,,,/lam-the-nao-de-ket-noi-2-bo-phan-ban-hang-va-dich-vu-khach-hang/,,,,,,,,,,,,,,,N/A,P3,Batch 0,N/A,Duplicate of 2761; single primary URL retained
254,17839,6 cách tăng năng suất bán hàng và tối ưu công việc cho nhân viên bán hàng,,https://gcalls.co/?p=17839,DRAFT,REBUILD_UPDATE_TOPIC,,6 cách tăng năng suất bán hàng và tối ưu công việc cho nhân viên bán hàng,6-cach-tang-nang-suat-ban-hang-va-toi-uu-cong-viec-cho-nhan-vien-ban-h,/6-cach-tang-nang-suat-ban-hang-va-toi-uu-cong-viec-cho-nhan-vien-ban-h/,HUB-04 Telesales và Sales Operations,Telesales và Sales Operations,tăng năng suất bán hàng,TO_BE_SET_AT_AUTHORING,informational-howto,Telesales Leader / Sales Manager,TOFU,SUPPORTING,1200-2000,6 cách tăng năng suất bán hàng và tối ưu công việc cho nhân viên bán hàng?,Gcalls Plus Webphone|/gcalls-plus-webphone/ ; Tổng đài tích hợp CRM|/tong-dai-tich-hop-crm/,1617 | 2684 | 2761,"EDITORIAL_ILLUSTRATION_REQUIRED — 1600x900, new asset, brand #673ab7",1-3 new assets; see editorial-image-map.csv,No blocked claim permitted; figures require Product evidence,P1,Batch 8,DRAFT_NOT_WRITTEN,Topic re-scoped to Gcalls ICP; article written 100% new
255,17846,Hướng dẫn tuyển dụng nhân sự cho bộ phận Hỗ trợ khách hàng của doanh nghiệp,,https://gcalls.co/?p=17846,DRAFT,RETIRE_410,,,,410,,,,,,,,,,,,,,,N/A,P3,Batch 0,N/A,Non-editorial or off-ICP; no replacement article
256,17856,Hướng dẫn cải thiện tình trạng quá tải tại Call Center vào các mùa lễ lớn sale to,,https://gcalls.co/?p=17856,DRAFT,REBUILD_UPDATE_TOPIC,,Hướng dẫn cải thiện tình trạng quá tải tại Call Center vào các mùa lễ lớn sale to,huong-dan-cai-thien-tinh-trang-qua-tai-tai-call-center-vao-cac-mua-le,/huong-dan-cai-thien-tinh-trang-qua-tai-tai-call-center-vao-cac-mua-le/,HUB-01 Tổng đài và Call Center,Tổng đài và Call Center,hướng dẫn cải thiện tình,TO_BE_SET_AT_AUTHORING,informational-howto,Trưởng phòng vận hành / Call Center Manager,TOFU,SUPPORTING,1200-2000,Hướng dẫn cải thiện tình trạng quá tải tại Call Center vào các mùa lễ lớn sale to?,Cloud Call Center|/lien-he/ ; Gcalls Plus Webphone|/gcalls-plus-webphone/,10727 | 13378 | 13409,"CUSTOM_DIAGRAM_REQUIRED — 1600x900, new asset, brand #673ab7",1-3 new assets; see editorial-image-map.csv,No blocked claim permitted; figures require Product evidence,P1,Batch 2,DRAFT_NOT_WRITTEN,Topic re-scoped to Gcalls ICP; article written 100% new
257,17875,Lead qualification: Cách đánh giá khách hàng tiềm năng hiệu quả,,https://gcalls.co/?p=17875,DRAFT,REBUILD_UPDATE_TOPIC,,Lead qualification: Cách đánh giá khách hàng tiềm năng hiệu quả,lead-qualification-cach-danh-gia-khach-hang-tiem-nang-hieu-qua,/lead-qualification-cach-danh-gia-khach-hang-tiem-nang-hieu-qua/,HUB-04 Telesales và Sales Operations,Telesales và Sales Operations,lead qualification đánh giá khách,TO_BE_SET_AT_AUTHORING,informational-howto,Telesales Leader / Sales Manager,TOFU,PILLAR,2000-3000,Lead qualification: Cách đánh giá khách hàng tiềm năng hiệu quả?,Gcalls Plus Webphone|/gcalls-plus-webphone/ ; Tổng đài tích hợp CRM|/tong-dai-tich-hop-crm/,1617 | 2684 | 2761,"EDITORIAL_ILLUSTRATION_REQUIRED — 1600x900, new asset, brand #673ab7",1-3 new assets; see editorial-image-map.csv,No blocked claim permitted; figures require Product evidence,P1,Batch 8,DRAFT_NOT_WRITTEN,Topic re-scoped to Gcalls ICP; article written 100% new
258,17884,Tại sao tỷ lệ giữ chân khách hàng lại quan trọng đối với doanh nghiệp?,,https://gcalls.co/?p=17884,DRAFT,REBUILD_UPDATE_TOPIC,,Tại sao tỷ lệ giữ chân khách hàng lại quan trọng đối với doanh nghiệp?,tai-sao-ty-le-giu-chan-khach-hang-lai-quan-trong-doi-voi-doanh-nghiep,/tai-sao-ty-le-giu-chan-khach-hang-lai-quan-trong-doi-voi-doanh-nghiep/,HUB-05 Customer Service và Customer Experience,Customer Service và Customer Experience,tỷ lệ giữ chân khách,TO_BE_SET_AT_AUTHORING,informational-general,Quản lý CSKH,TOFU,PILLAR,2000-3000,Tại sao tỷ lệ giữ chân khách hàng lại quan trọng đối với doanh nghiệp?,Gcalls CX|/gcalls-cx/ ; Tổng đài tích hợp Helpdesk|/tong-dai-tich-hop-helpdesk/,2400 | 2695 | 2752,"EDITORIAL_ILLUSTRATION_REQUIRED — 1600x900, new asset, brand #673ab7",1-3 new assets; see editorial-image-map.csv,No blocked claim permitted; figures require Product evidence,P1,Batch 7,DRAFT_NOT_WRITTEN,Topic re-scoped to Gcalls ICP; article written 100% new
259,17894,"Tại sao nói: “Phản hồi của khách hàng của bạn vẫn còn quan trọng đối với doanh nghiệp?""",,https://gcalls.co/?p=17894,DRAFT,REBUILD_UPDATE_TOPIC,,"Tại sao nói: “Phản hồi của khách hàng của bạn vẫn còn quan trọng đối với doanh nghiệp?""",tai-sao-noi-phan-hoi-cua-khach-hang-cua-ban-van-con-quan-trong-doi-voi,/tai-sao-noi-phan-hoi-cua-khach-hang-cua-ban-van-con-quan-trong-doi-voi/,HUB-05 Customer Service và Customer Experience,Customer Service và Customer Experience,nói phản hồi khách hàng,TO_BE_SET_AT_AUTHORING,informational-general,Quản lý CSKH,TOFU,PILLAR,2000-3000,"Tại sao nói: “Phản hồi của khách hàng của bạn vẫn còn quan trọng đối với doanh nghiệp?""?",Gcalls CX|/gcalls-cx/ ; Tổng đài tích hợp Helpdesk|/tong-dai-tich-hop-helpdesk/,2400 | 2695 | 2752,"EDITORIAL_ILLUSTRATION_REQUIRED — 1600x900, new asset, brand #673ab7",1-3 new assets; see editorial-image-map.csv,No blocked claim permitted; figures require Product evidence,P1,Batch 7,DRAFT_NOT_WRITTEN,Topic re-scoped to Gcalls ICP; article written 100% new
260,17902,"Zoho CRM: Tính năng và ưu, nhược điểm của phần mềm quản lý mối quan hệ khách hàng này",,https://gcalls.co/?p=17902,DRAFT,MERGE_INTO_PRIMARY,2819,,,/uu-nhuoc-diem-cua-phan-mem-quan-ly-quan-he-khach-hang-zoho-crm/,,,,,,,,,,,,,,,N/A,P3,Batch 0,N/A,Duplicate of 2819; single primary URL retained
261,17911,“Khách hàng luôn đúng”:Ý nghĩa và góc nhìn về tính đúng đắn của triết lý,,https://gcalls.co/?p=17911,DRAFT,REBUILD_UPDATE_TOPIC,,“Khách hàng luôn đúng”:Ý nghĩa và góc nhìn về tính đúng đắn của triết lý,khach-hang-luon-dung-y-nghia-va-goc-nhin-ve-tinh-dung-dan-cua-triet-ly,/khach-hang-luon-dung-y-nghia-va-goc-nhin-ve-tinh-dung-dan-cua-triet-ly/,HUB-11 Vận hành doanh nghiệp,Vận hành doanh nghiệp,khách hàng luôn đúng ý,TO_BE_SET_AT_AUTHORING,informational-general,Chủ doanh nghiệp / Quản lý,TOFU,PILLAR,2000-3000,“Khách hàng luôn đúng”:Ý nghĩa và góc nhìn về tính đúng đắn của triết lý?,Gcalls Plus Webphone|/gcalls-plus-webphone/,2261 | 2665 | 2738,"EDITORIAL_ILLUSTRATION_REQUIRED — 1600x900, new asset, brand #673ab7",1-3 new assets; see editorial-image-map.csv,No blocked claim permitted; figures require Product evidence,P2,Batch 10,DRAFT_NOT_WRITTEN,Topic re-scoped to Gcalls ICP; article written 100% new
262,17917,15 cách để tránh cạn kiệt năng lượng của tổng đài viên,,https://gcalls.co/?p=17917,DRAFT,REBUILD_UPDATE_TOPIC,,15 cách để tránh cạn kiệt năng lượng của tổng đài viên,15-cach-de-tranh-can-kiet-nang-luong-cua-tong-dai-vien,/15-cach-de-tranh-can-kiet-nang-luong-cua-tong-dai-vien/,HUB-01 Tổng đài và Call Center,Tổng đài và Call Center,tránh cạn kiệt năng lượng,TO_BE_SET_AT_AUTHORING,informational-howto,Trưởng phòng vận hành / Call Center Manager,TOFU,PILLAR,2000-3000,15 cách để tránh cạn kiệt năng lượng của tổng đài viên?,Cloud Call Center|/lien-he/ ; Gcalls Plus Webphone|/gcalls-plus-webphone/,10727 | 13378 | 13409,"CUSTOM_DIAGRAM_REQUIRED — 1600x900, new asset, brand #673ab7",1-3 new assets; see editorial-image-map.csv,No blocked claim permitted; figures require Product evidence,P1,Batch 2,DRAFT_NOT_WRITTEN,Topic re-scoped to Gcalls ICP; article written 100% new
263,17924,Product Demo là gì? Cách thực hiện Product Demo thành công dành cho nhân viên bán hàng,,https://gcalls.co/?p=17924,DRAFT,REBUILD_UPDATE_TOPIC,,Product Demo là gì? Cách thực hiện Product Demo thành công dành cho nhân viên bán hàng,product-demo-la-gi-cach-thuc-hien-product-demo-thanh-cong-danh-cho-nha,/product-demo-la-gi-cach-thuc-hien-product-demo-thanh-cong-danh-cho-nha/,HUB-04 Telesales và Sales Operations,Telesales và Sales Operations,product demo thực hiện product,TO_BE_SET_AT_AUTHORING,informational-definition,Telesales Leader / Sales Manager,TOFU,PILLAR,2000-3000,Product Demo là gì? Cách thực hiện Product Demo thành công dành cho nhân viên bán hàng?,Gcalls Plus Webphone|/gcalls-plus-webphone/ ; Tổng đài tích hợp CRM|/tong-dai-tich-hop-crm/,1617 | 2684 | 2761,"EDITORIAL_ILLUSTRATION_REQUIRED — 1600x900, new asset, brand #673ab7",1-3 new assets; see editorial-image-map.csv,No blocked claim permitted; figures require Product evidence,P1,Batch 8,DRAFT_NOT_WRITTEN,Topic re-scoped to Gcalls ICP; article written 100% new
